{
  "evidential": {
    "accuracy": 0.8933333158493042,
    "ece": 0.5264156190554301,
    "brier": 0.5410906672477722,
    "ood_auroc": 0.9905866666666667
  },
  "softmax": {
    "accuracy": 0.9333333373069763,
    "ece": 0.039821879863739015,
    "brier": 0.09521590918302536,
    "ood_auroc": 0.8538133333333333
  },
  "trainable_params": {
    "evidential": 19477,
    "softmax": 19477
  }
}