This is pdfTeX, Version 3.141592653-2.6-1.40.25 (TeX Live 2023/Debian) (preloaded format=pdflatex 2026.9.14)  16 SEP 2026 19:08
entering extended mode
 restricted \write18 enabled.
 %&-line parsing enabled.
**main_strict.tex
(./main_strict.tex
LaTeX2e <2023-11-01> patch level 1
L3 programming layer <2024-01-22>
(./iutbscthesis.cls
Document Class: iutbscthesis 2024/05/31 LaTeX Class for writing BSc Thesis Repo
rt of Islamic University of Technology (IUT), written by MBH and MIA
(/usr/share/texlive/texmf-dist/tex/latex/base/report.cls
Document Class: report 2023/05/17 v1.4n Standard LaTeX document class
(/usr/share/texlive/texmf-dist/tex/latex/base/size12.clo
File: size12.clo 2023/05/17 v1.4n Standard LaTeX file (size option)
)
\c@part=\count187
\c@chapter=\count188
\c@section=\count189
\c@subsection=\count190
\c@subsubsection=\count191
\c@paragraph=\count192
\c@subparagraph=\count193
\c@figure=\count194
\c@table=\count195
\abovecaptionskip=\skip48
\belowcaptionskip=\skip49
\bibindent=\dimen140
)
(/usr/share/texlive/texmf-dist/tex/latex/geometry/geometry.sty
Package: geometry 2020/01/02 v5.9 Page Geometry

(/usr/share/texlive/texmf-dist/tex/latex/graphics/keyval.sty
Package: keyval 2022/05/29 v1.15 key=value parser (DPC)
\KV@toks@=\toks17
)
(/usr/share/texlive/texmf-dist/tex/generic/iftex/ifvtex.sty
Package: ifvtex 2019/10/25 v1.7 ifvtex legacy package. Use iftex instead.

(/usr/share/texlive/texmf-dist/tex/generic/iftex/iftex.sty
Package: iftex 2022/02/03 v1.0f TeX engine tests
))
\Gm@cnth=\count196
\Gm@cntv=\count197
\c@Gm@tempcnt=\count198
\Gm@bindingoffset=\dimen141
\Gm@wd@mp=\dimen142
\Gm@odd@mp=\dimen143
\Gm@even@mp=\dimen144
\Gm@layoutwidth=\dimen145
\Gm@layoutheight=\dimen146
\Gm@layouthoffset=\dimen147
\Gm@layoutvoffset=\dimen148
\Gm@dimlist=\toks18
)
(/usr/share/texmf/tex/latex/lm/lmodern.sty
Package: lmodern 2015/05/01 v1.6.1 Latin Modern Fonts
LaTeX Font Info:    Overwriting symbol font `operators' in version `normal'
(Font)                  OT1/cmr/m/n --> OT1/lmr/m/n on input line 22.
LaTeX Font Info:    Overwriting symbol font `letters' in version `normal'
(Font)                  OML/cmm/m/it --> OML/lmm/m/it on input line 23.
LaTeX Font Info:    Overwriting symbol font `symbols' in version `normal'
(Font)                  OMS/cmsy/m/n --> OMS/lmsy/m/n on input line 24.
LaTeX Font Info:    Overwriting symbol font `largesymbols' in version `normal'
(Font)                  OMX/cmex/m/n --> OMX/lmex/m/n on input line 25.
LaTeX Font Info:    Overwriting symbol font `operators' in version `bold'
(Font)                  OT1/cmr/bx/n --> OT1/lmr/bx/n on input line 26.
LaTeX Font Info:    Overwriting symbol font `letters' in version `bold'
(Font)                  OML/cmm/b/it --> OML/lmm/b/it on input line 27.
LaTeX Font Info:    Overwriting symbol font `symbols' in version `bold'
(Font)                  OMS/cmsy/b/n --> OMS/lmsy/b/n on input line 28.
LaTeX Font Info:    Overwriting symbol font `largesymbols' in version `bold'
(Font)                  OMX/cmex/m/n --> OMX/lmex/m/n on input line 29.
LaTeX Font Info:    Overwriting math alphabet `\mathbf' in version `normal'
(Font)                  OT1/cmr/bx/n --> OT1/lmr/bx/n on input line 31.
LaTeX Font Info:    Overwriting math alphabet `\mathsf' in version `normal'
(Font)                  OT1/cmss/m/n --> OT1/lmss/m/n on input line 32.
LaTeX Font Info:    Overwriting math alphabet `\mathit' in version `normal'
(Font)                  OT1/cmr/m/it --> OT1/lmr/m/it on input line 33.
LaTeX Font Info:    Overwriting math alphabet `\mathtt' in version `normal'
(Font)                  OT1/cmtt/m/n --> OT1/lmtt/m/n on input line 34.
LaTeX Font Info:    Overwriting math alphabet `\mathbf' in version `bold'
(Font)                  OT1/cmr/bx/n --> OT1/lmr/bx/n on input line 35.
LaTeX Font Info:    Overwriting math alphabet `\mathsf' in version `bold'
(Font)                  OT1/cmss/bx/n --> OT1/lmss/bx/n on input line 36.
LaTeX Font Info:    Overwriting math alphabet `\mathit' in version `bold'
(Font)                  OT1/cmr/bx/it --> OT1/lmr/bx/it on input line 37.
LaTeX Font Info:    Overwriting math alphabet `\mathtt' in version `bold'
(Font)                  OT1/cmtt/m/n --> OT1/lmtt/m/n on input line 38.
)
(/usr/share/texlive/texmf-dist/tex/latex/stix2-type1/stix2.sty
Package: stix2 2021/01/14 v2.0.2-latex STIX Two fonts support package

(/usr/share/texlive/texmf-dist/tex/latex/base/textcomp.sty
Package: textcomp 2020/02/02 v2.0n Standard LaTeX package
LaTeX Font Info:    Changing ? sub-encoding to TS1/0 on input line 78.
)
Now handling font encoding LS1 ...
... no UTF-8 mapping file for font encoding LS1
Now handling font encoding LS2 ...
... no UTF-8 mapping file for font encoding LS2
LaTeX Font Info:    Redeclaring symbol font `letters' on input line 78.
LaTeX Font Info:    Encoding `OML' has changed to `LS1' for symbol font
(Font)              `letters' in the math version `normal' on input line 78.
LaTeX Font Info:    Overwriting symbol font `letters' in version `normal'
(Font)                  OML/lmm/m/it --> LS1/stix2/m/it on input line 78.
LaTeX Font Info:    Encoding `OML' has changed to `LS1' for symbol font
(Font)              `letters' in the math version `bold' on input line 78.
LaTeX Font Info:    Overwriting symbol font `letters' in version `bold'
(Font)                  OML/lmm/b/it --> LS1/stix2/m/it on input line 78.
LaTeX Font Info:    Redeclaring symbol font `operators' on input line 79.
LaTeX Font Info:    Encoding `OT1' has changed to `LS1' for symbol font
(Font)              `operators' in the math version `normal' on input line 79.
LaTeX Font Info:    Overwriting symbol font `operators' in version `normal'
(Font)                  OT1/lmr/m/n --> LS1/stix2/m/n on input line 79.
LaTeX Font Info:    Encoding `OT1' has changed to `LS1' for symbol font
(Font)              `operators' in the math version `bold' on input line 79.
LaTeX Font Info:    Overwriting symbol font `operators' in version `bold'
(Font)                  OT1/lmr/bx/n --> LS1/stix2/m/n on input line 79.
\symbold-operators=\mathgroup4
LaTeX Font Info:    Redeclaring symbol font `symbols' on input line 81.
LaTeX Font Info:    Encoding `OMS' has changed to `LS1' for symbol font
(Font)              `symbols' in the math version `normal' on input line 81.
LaTeX Font Info:    Overwriting symbol font `symbols' in version `normal'
(Font)                  OMS/lmsy/m/n --> LS1/stix2scr/m/n on input line 81.
LaTeX Font Info:    Encoding `OMS' has changed to `LS1' for symbol font
(Font)              `symbols' in the math version `bold' on input line 81.
LaTeX Font Info:    Overwriting symbol font `symbols' in version `bold'
(Font)                  OMS/lmsy/b/n --> LS1/stix2scr/m/n on input line 81.
\symsymbols2=\mathgroup5
\symsymbols3=\mathgroup6
\symsymbols4=\mathgroup7
\symintegrals=\mathgroup8
LaTeX Font Info:    Redeclaring symbol font `largesymbols' on input line 86.
LaTeX Font Info:    Encoding `OMX' has changed to `LS2' for symbol font
(Font)              `largesymbols' in the math version `normal' on input line 8
6.
LaTeX Font Info:    Overwriting symbol font `largesymbols' in version `normal'
(Font)                  OMX/lmex/m/n --> LS2/stix2ex/m/n on input line 86.
LaTeX Font Info:    Encoding `OMX' has changed to `LS2' for symbol font
(Font)              `largesymbols' in the math version `bold' on input line 86.

LaTeX Font Info:    Overwriting symbol font `largesymbols' in version `bold'
(Font)                  OMX/lmex/m/n --> LS2/stix2ex/m/n on input line 86.
\symarrows1=\mathgroup9
\symarrows2=\mathgroup10
\symarrows3=\mathgroup11
LaTeX Font Info:    Overwriting symbol font `letters' in version `bold'
(Font)                  LS1/stix2/m/it --> LS1/stix2/b/it on input line 90.
LaTeX Font Info:    Overwriting symbol font `operators' in version `bold'
(Font)                  LS1/stix2/m/n --> LS1/stix2/b/n on input line 91.
LaTeX Font Info:    Overwriting symbol font `symbols' in version `bold'
(Font)                  LS1/stix2scr/m/n --> LS1/stix2scr/b/n on input line 92.

LaTeX Font Info:    Overwriting symbol font `symbols2' in version `bold'
(Font)                  LS1/stix2frak/m/n --> LS1/stix2frak/b/n on input line 9
3.
LaTeX Font Info:    Overwriting symbol font `symbols3' in version `bold'
(Font)                  LS1/stix2bb/m/n --> LS1/stix2bb/b/n on input line 94.
LaTeX Font Info:    Overwriting symbol font `symbols4' in version `bold'
(Font)                  LS1/stix2bb/m/it --> LS1/stix2bb/b/it on input line 95.

LaTeX Font Info:    Overwriting symbol font `integrals' in version `bold'
(Font)                  LS2/stix2cal/m/n --> LS2/stix2cal/b/n on input line 96.

LaTeX Font Info:    Overwriting symbol font `largesymbols' in version `bold'
(Font)                  LS2/stix2ex/m/n --> LS2/stix2ex/b/n on input line 97.
LaTeX Font Info:    Overwriting symbol font `arrows1' in version `bold'
(Font)                  LS1/stix2sf/m/n --> LS1/stix2sf/b/n on input line 98.
LaTeX Font Info:    Overwriting symbol font `arrows2' in version `bold'
(Font)                  LS1/stix2sf/m/it --> LS1/stix2sf/b/it on input line 99.

LaTeX Font Info:    Overwriting symbol font `arrows3' in version `bold'
(Font)                  LS2/stix2tt/m/n --> LS2/stix2tt/b/n on input line 100.
LaTeX Font Info:    Redeclaring math alphabet \mathit on input line 101.
LaTeX Font Info:    Redeclaring math alphabet \mathsf on input line 107.
LaTeX Font Info:    Redeclaring math alphabet \mathtt on input line 109.
LaTeX Font Info:    Redeclaring math alphabet \mathbf on input line 110.
LaTeX Font Info:    Redeclaring math symbol \hbar on input line 226.
LaTeX Font Info:    Redeclaring math accent \grave on input line 697.
LaTeX Font Info:    Redeclaring math accent \acute on input line 698.
LaTeX Font Info:    Redeclaring math accent \hat on input line 699.
LaTeX Font Info:    Redeclaring math accent \tilde on input line 700.
LaTeX Font Info:    Redeclaring math accent \bar on input line 701.
LaTeX Font Info:    Redeclaring math accent \breve on input line 702.
LaTeX Font Info:    Redeclaring math accent \dot on input line 703.
LaTeX Font Info:    Redeclaring math accent \ddot on input line 704.
LaTeX Font Info:    Redeclaring math accent \mathring on input line 706.
LaTeX Font Info:    Redeclaring math accent \check on input line 707.
LaTeX Font Info:    Redeclaring math accent \vec on input line 715.
LaTeX Font Info:    Redeclaring math accent \widehat on input line 727.
LaTeX Font Info:    Redeclaring math accent \widetilde on input line 728.
LaTeX Info: Redefining \vdots on input line 1517.
LaTeX Info: Redefining \cdots on input line 1521.
LaTeX Font Info:    Redeclaring math symbol \mathsterling on input line 1977.
LaTeX Info: Redefining \not on input line 2141.
)
(/usr/share/texlive/texmf-dist/tex/latex/parskip/parskip.sty
Package: parskip 2021-03-14 v2.0h non-zero parskip adjustments

(/usr/share/texlive/texmf-dist/tex/latex/kvoptions/kvoptions.sty
Package: kvoptions 2022-06-15 v3.15 Key value format for package options (HO)

(/usr/share/texlive/texmf-dist/tex/generic/ltxcmds/ltxcmds.sty
Package: ltxcmds 2023-12-04 v1.26 LaTeX kernel commands for general use (HO)
)
(/usr/share/texlive/texmf-dist/tex/latex/kvsetkeys/kvsetkeys.sty
Package: kvsetkeys 2022-10-05 v1.19 Key value parser (HO)
))
(/usr/share/texlive/texmf-dist/tex/latex/etoolbox/etoolbox.sty
Package: etoolbox 2020/10/05 v2.5k e-TeX tools for LaTeX (JAW)
\etb@tempcnta=\count199
))
(/usr/share/texlive/texmf-dist/tex/latex/setspace/setspace.sty
Package: setspace 2022/12/04 v6.7b set line spacing
)
(/usr/share/texlive/texmf-dist/tex/latex/floatrow/floatrow.sty
Package: floatrow 2008/08/02 v0.3b floatrow: float package extension

(/usr/share/texlive/texmf-dist/tex/latex/caption/caption3.sty
Package: caption3 2023/07/31 v2.4d caption3 kernel (AR)
\caption@tempdima=\dimen149
\captionmargin=\dimen150
\caption@leftmargin=\dimen151
\caption@rightmargin=\dimen152
\caption@width=\dimen153
\caption@indent=\dimen154
\caption@parindent=\dimen155
\caption@hangindent=\dimen156
Package caption Info: Standard document class detected.
)
\c@float@type=\count266
\float@exts=\toks19
\float@box=\box51
\@floatcapt=\box52
Package floatrow Info: Modified float package code loaded on input line 455.
Package floatrow Info: Modified rotfloat package code loaded on input line 473.

\FR@everyfloat=\toks20
\flrow@foot=\insert252
\FB@wd=\dimen157
\FBo@wd=\dimen158
\FBc@wd=\dimen159
\FBo@ht=\skip50
\FBc@ht=\skip51
\FBf@ht=\skip52
\FBo@max=\skip53
\FBc@max=\skip54
\FBf@max=\skip55
\c@FBl@b=\count267
\floatbox@depth=\count268
\c@FRobj=\count269
\c@FRsobj=\count270
\Xhsize=\skip56
\sXhsize=\skip57
\Zhsize=\skip58
\sZhsize=\skip59
\flrow@rowbox=\box53
\FR@Zunitlength=\dimen160
\c@FBcnt=\count271
\FPOScnt=\count272
\LTleft=\skip60
\LTright=\skip61
\LTleft=\skip62
\LTright=\skip63
\flrow@types=\toks21
)
(/usr/share/texlive/texmf-dist/tex/latex/graphics/graphicx.sty
Package: graphicx 2021/09/16 v1.2d Enhanced LaTeX Graphics (DPC,SPQR)

(/usr/share/texlive/texmf-dist/tex/latex/graphics/graphics.sty
Package: graphics 2022/03/10 v1.4e Standard LaTeX Graphics (DPC,SPQR)

(/usr/share/texlive/texmf-dist/tex/latex/graphics/trig.sty
Package: trig 2021/08/11 v1.11 sin cos tan (DPC)
)
(/usr/share/texlive/texmf-dist/tex/latex/graphics-cfg/graphics.cfg
File: graphics.cfg 2016/06/04 v1.11 sample graphics configuration
)
Package graphics Info: Driver file: pdftex.def on input line 107.

(/usr/share/texlive/texmf-dist/tex/latex/graphics-def/pdftex.def
File: pdftex.def 2022/09/22 v1.2b Graphics/color driver for pdftex
))
\Gin@req@height=\dimen161
\Gin@req@width=\dimen162
)
(/usr/share/texlive/texmf-dist/tex/latex/caption/caption.sty
Package: caption 2023/08/05 v3.6o Customizing captions (AR)
\c@caption@flags=\count273
\c@continuedfloat=\count274
Package caption Info: float package is loaded.
Package caption Info: floatrow package is loaded.
Package caption Info: floatrow package is loaded.
)
(/usr/share/texlive/texmf-dist/tex/latex/caption/subcaption.sty
Package: subcaption 2023/07/28 v1.6b Sub-captions (AR)
Package caption Info: New subtype `subfigure' on input line 238.
\c@subfigure=\count275
Package caption Info: New subtype `subtable' on input line 238.
\c@subtable=\count276
)
(/usr/share/texlive/texmf-dist/tex/latex/tools/array.sty
Package: array 2023/10/16 v2.5g Tabular extension package (FMi)
\col@sep=\dimen163
\ar@mcellbox=\box54
\extrarowheight=\dimen164
\NC@list=\toks22
\extratabsurround=\skip64
\backup@length=\skip65
\ar@cellbox=\box55
)
(/usr/share/texlive/texmf-dist/tex/latex/booktabs/booktabs.sty
Package: booktabs 2020/01/12 v1.61803398 Publication quality tables
\heavyrulewidth=\dimen165
\lightrulewidth=\dimen166
\cmidrulewidth=\dimen167
\belowrulesep=\dimen168
\belowbottomsep=\dimen169
\aboverulesep=\dimen170
\abovetopsep=\dimen171
\cmidrulesep=\dimen172
\cmidrulekern=\dimen173
\defaultaddspace=\dimen174
\@cmidla=\count277
\@cmidlb=\count278
\@aboverulesep=\dimen175
\@belowrulesep=\dimen176
\@thisruleclass=\count279
\@lastruleclass=\count280
\@thisrulewidth=\dimen177
)
(/usr/share/texlive/texmf-dist/tex/latex/amsmath/amsmath.sty
Package: amsmath 2023/05/13 v2.17o AMS math features
\@mathmargin=\skip66

For additional information on amsmath, use the `?' option.
(/usr/share/texlive/texmf-dist/tex/latex/amsmath/amstext.sty
Package: amstext 2021/08/26 v2.01 AMS text

(/usr/share/texlive/texmf-dist/tex/latex/amsmath/amsgen.sty
File: amsgen.sty 1999/11/30 v2.0 generic functions
\@emptytoks=\toks23
\ex@=\dimen178
))
(/usr/share/texlive/texmf-dist/tex/latex/amsmath/amsbsy.sty
Package: amsbsy 1999/11/29 v1.2d Bold Symbols
\pmbraise@=\dimen179
)
(/usr/share/texlive/texmf-dist/tex/latex/amsmath/amsopn.sty
Package: amsopn 2022/04/08 v2.04 operator names
)
\inf@bad=\count281
LaTeX Info: Redefining \frac on input line 234.
\uproot@=\count282
\leftroot@=\count283
LaTeX Info: Redefining \overline on input line 399.
LaTeX Info: Redefining \colon on input line 410.
\classnum@=\count284
\DOTSCASE@=\count285
LaTeX Info: Redefining \ldots on input line 496.
LaTeX Info: Redefining \dots on input line 499.
\Mathstrutbox@=\box56
\strutbox@=\box57
LaTeX Info: Redefining \big on input line 722.
LaTeX Info: Redefining \Big on input line 723.
LaTeX Info: Redefining \bigg on input line 724.
LaTeX Info: Redefining \Bigg on input line 725.
\big@size=\dimen180
LaTeX Font Info:    Redeclaring font encoding OML on input line 743.
LaTeX Font Info:    Redeclaring font encoding OMS on input line 744.
\macc@depth=\count286
LaTeX Info: Redefining \bmod on input line 905.
LaTeX Info: Redefining \pmod on input line 910.
LaTeX Info: Redefining \smash on input line 940.
\c@MaxMatrixCols=\count287
\dotsspace@=\muskip16
\c@parentequation=\count288
\dspbrk@lvl=\count289
\tag@help=\toks24
\row@=\count290
\column@=\count291
\maxfields@=\count292
\andhelp@=\toks25
\eqnshift@=\dimen181
\alignsep@=\dimen182
\tagshift@=\dimen183
\tagwidth@=\dimen184
\totwidth@=\dimen185
\lineht@=\dimen186
\@envbody=\toks26
\multlinegap=\skip67
\multlinetaggap=\skip68
\mathdisplay@stack=\toks27
LaTeX Info: Redefining \[ on input line 2953.
LaTeX Info: Redefining \] on input line 2954.
)
(/usr/share/texlive/texmf-dist/tex/latex/l3packages/xfrac/xfrac.sty
(/usr/share/texlive/texmf-dist/tex/latex/l3kernel/expl3.sty
Package: expl3 2024-01-22 L3 programming layer (loader) 

(/usr/share/texlive/texmf-dist/tex/latex/l3backend/l3backend-pdftex.def
File: l3backend-pdftex.def 2024-01-04 L3 backend support: PDF output (pdfTeX)
\l__color_backend_stack_int=\count293
\l__pdf_internal_box=\box58
))
(/usr/share/texlive/texmf-dist/tex/latex/l3packages/l3keys2e/l3keys2e.sty
Package: l3keys2e 2023-10-10 LaTeX2e option processing using LaTeX3 keys
)
(/usr/share/texlive/texmf-dist/tex/latex/l3packages/xparse/xparse.sty
Package: xparse 2023-10-10 L3 Experimental document command parser
)
(/usr/share/texlive/texmf-dist/tex/latex/l3packages/xtemplate/xtemplate.sty
Package: xtemplate 2023-10-10 L3 Experimental prototype document functions
\l__xtemplate_tmp_dim=\dimen187
\l__xtemplate_tmp_int=\count294
\l__xtemplate_tmp_muskip=\muskip17
\l__xtemplate_tmp_skip=\skip69
)
Package: xfrac 2023-10-10 L3 Experimental split-level fractions
\l__xfrac_slash_box=\box59
\l__xfrac_tmp_box=\box60
\l__xfrac_denominator_bot_sep_dim=\dimen188
\l__xfrac_numerator_bot_sep_dim=\dimen189
\l__xfrac_numerator_top_sep_dim=\dimen190
\l__xfrac_slash_left_sep_dim=\dimen191
\l__xfrac_slash_right_sep_dim=\dimen192
\l__xfrac_slash_left_muskip=\muskip18
\l__xfrac_slash_right_muskip=\muskip19

Package xtemplate Info: Declaring object type 'xfrac' taking 3 argument(s) on
(xtemplate)             line 80.

)
(/usr/share/texlive/texmf-dist/tex/latex/listings/listings.sty
\lst@mode=\count295
\lst@gtempboxa=\box61
\lst@token=\toks28
\lst@length=\count296
\lst@currlwidth=\dimen193
\lst@column=\count297
\lst@pos=\count298
\lst@lostspace=\dimen194
\lst@width=\dimen195
\lst@newlines=\count299
\lst@lineno=\count300
\lst@maxwidth=\dimen196

(/usr/share/texlive/texmf-dist/tex/latex/listings/lstmisc.sty
File: lstmisc.sty 2023/02/27 1.9 (Carsten Heinz)
\c@lstnumber=\count301
\lst@skipnumbers=\count302
\lst@framebox=\box62
)
(/usr/share/texlive/texmf-dist/tex/latex/listings/listings.cfg
File: listings.cfg 2023/02/27 1.9 listings configuration
))
Package: listings 2023/02/27 1.9 (Carsten Heinz)

(/usr/share/texlive/texmf-dist/tex/latex/upquote/upquote.sty
Package: upquote 2012/04/19 v1.3 upright-quote and grave-accent glyphs in verba
tim
)
(/usr/share/texlive/texmf-dist/tex/latex/hyperref/hyperref.sty
Package: hyperref 2024-01-20 v7.01h Hypertext links for LaTeX

(/usr/share/texlive/texmf-dist/tex/generic/kvdefinekeys/kvdefinekeys.sty
Package: kvdefinekeys 2019-12-19 v1.6 Define keys (HO)
)
(/usr/share/texlive/texmf-dist/tex/generic/pdfescape/pdfescape.sty
Package: pdfescape 2019/12/09 v1.15 Implements pdfTeX's escape features (HO)

(/usr/share/texlive/texmf-dist/tex/generic/pdftexcmds/pdftexcmds.sty
Package: pdftexcmds 2020-06-27 v0.33 Utility functions of pdfTeX for LuaTeX (HO
)

(/usr/share/texlive/texmf-dist/tex/generic/infwarerr/infwarerr.sty
Package: infwarerr 2019/12/03 v1.5 Providing info/warning/error messages (HO)
)
Package pdftexcmds Info: \pdf@primitive is available.
Package pdftexcmds Info: \pdf@ifprimitive is available.
Package pdftexcmds Info: \pdfdraftmode found.
))
(/usr/share/texlive/texmf-dist/tex/latex/hycolor/hycolor.sty
Package: hycolor 2020-01-27 v1.10 Color options for hyperref/bookmark (HO)
)
(/usr/share/texlive/texmf-dist/tex/latex/auxhook/auxhook.sty
Package: auxhook 2019-12-17 v1.6 Hooks for auxiliary files (HO)
)
(/usr/share/texlive/texmf-dist/tex/latex/hyperref/nameref.sty
Package: nameref 2023-11-26 v2.56 Cross-referencing by name of section

(/usr/share/texlive/texmf-dist/tex/latex/refcount/refcount.sty
Package: refcount 2019/12/15 v3.6 Data extraction from label references (HO)
)
(/usr/share/texlive/texmf-dist/tex/generic/gettitlestring/gettitlestring.sty
Package: gettitlestring 2019/12/15 v1.6 Cleanup title references (HO)
)
\c@section@level=\count303
)
\@linkdim=\dimen197
\Hy@linkcounter=\count304
\Hy@pagecounter=\count305

(/usr/share/texlive/texmf-dist/tex/latex/hyperref/pd1enc.def
File: pd1enc.def 2024-01-20 v7.01h Hyperref: PDFDocEncoding definition (HO)
Now handling font encoding PD1 ...
... no UTF-8 mapping file for font encoding PD1
)
(/usr/share/texlive/texmf-dist/tex/generic/intcalc/intcalc.sty
Package: intcalc 2019/12/15 v1.3 Expandable calculations with integers (HO)
)
\Hy@SavedSpaceFactor=\count306

(/usr/share/texlive/texmf-dist/tex/latex/hyperref/puenc.def
File: puenc.def 2024-01-20 v7.01h Hyperref: PDF Unicode definition (HO)
Now handling font encoding PU ...
... no UTF-8 mapping file for font encoding PU
)
Package hyperref Info: Hyper figures OFF on input line 4179.
Package hyperref Info: Link nesting OFF on input line 4184.
Package hyperref Info: Hyper index ON on input line 4187.
Package hyperref Info: Plain pages OFF on input line 4194.
Package hyperref Info: Backreferencing OFF on input line 4199.
Package hyperref Info: Implicit mode ON; LaTeX internals redefined.
Package hyperref Info: Bookmarks ON on input line 4446.
\c@Hy@tempcnt=\count307

(/usr/share/texlive/texmf-dist/tex/latex/url/url.sty
\Urlmuskip=\muskip20
Package: url 2013/09/16  ver 3.4  Verb mode for urls, etc.
)
LaTeX Info: Redefining \url on input line 4784.
\XeTeXLinkMargin=\dimen198

(/usr/share/texlive/texmf-dist/tex/generic/bitset/bitset.sty
Package: bitset 2019/12/09 v1.3 Handle bit-vector datatype (HO)

(/usr/share/texlive/texmf-dist/tex/generic/bigintcalc/bigintcalc.sty
Package: bigintcalc 2019/12/15 v1.5 Expandable calculations on big integers (HO
)
))
\Fld@menulength=\count308
\Field@Width=\dimen199
\Fld@charsize=\dimen256
Package hyperref Info: Hyper figures OFF on input line 6063.
Package hyperref Info: Link nesting OFF on input line 6068.
Package hyperref Info: Hyper index ON on input line 6071.
Package hyperref Info: backreferencing OFF on input line 6078.
Package hyperref Info: Link coloring OFF on input line 6083.
Package hyperref Info: Link coloring with OCG OFF on input line 6088.
Package hyperref Info: PDF/A mode OFF on input line 6093.

(/usr/share/texlive/texmf-dist/tex/latex/base/atbegshi-ltx.sty
Package: atbegshi-ltx 2021/01/10 v1.0c Emulation of the original atbegshi
package with kernel methods
)
\Hy@abspage=\count309
\c@Item=\count310
\c@Hfootnote=\count311
)
Package hyperref Info: Driver (autodetected): hpdftex.

(/usr/share/texlive/texmf-dist/tex/latex/hyperref/hpdftex.def
File: hpdftex.def 2024-01-20 v7.01h Hyperref driver for pdfTeX

(/usr/share/texlive/texmf-dist/tex/latex/base/atveryend-ltx.sty
Package: atveryend-ltx 2020/08/19 v1.0a Emulation of the original atveryend pac
kage
with kernel methods
)
\Fld@listcount=\count312
\c@bookmark@seq@number=\count313

(/usr/share/texlive/texmf-dist/tex/latex/rerunfilecheck/rerunfilecheck.sty
Package: rerunfilecheck 2022-07-10 v1.10 Rerun checks for auxiliary files (HO)

(/usr/share/texlive/texmf-dist/tex/generic/uniquecounter/uniquecounter.sty
Package: uniquecounter 2019/12/15 v1.4 Provide unlimited unique counter (HO)
)
Package uniquecounter Info: New unique counter `rerunfilecheck' on input line 2
85.
)
\Hy@SectionHShift=\skip70
)
(/usr/share/texlive/texmf-dist/tex/latex/biblatex/biblatex.sty
Package: biblatex 2023/03/05 v3.19 programmable bibliographies (PK/MW)

(/usr/share/texlive/texmf-dist/tex/latex/logreq/logreq.sty
Package: logreq 2010/08/04 v1.0 xml request logger
\lrq@indent=\count314

(/usr/share/texlive/texmf-dist/tex/latex/logreq/logreq.def
File: logreq.def 2010/08/04 v1.0 logreq spec v1.0
))
(/usr/share/texlive/texmf-dist/tex/latex/base/ifthen.sty
Package: ifthen 2022/04/13 v1.1d Standard LaTeX ifthen package (DPC)
)
\c@tabx@nest=\count315
\c@listtotal=\count316
\c@listcount=\count317
\c@liststart=\count318
\c@liststop=\count319
\c@citecount=\count320
\c@citetotal=\count321
\c@multicitecount=\count322
\c@multicitetotal=\count323
\c@instcount=\count324
\c@maxnames=\count325
\c@minnames=\count326
\c@maxitems=\count327
\c@minitems=\count328
\c@citecounter=\count329
\c@maxcitecounter=\count330
\c@savedcitecounter=\count331
\c@uniquelist=\count332
\c@uniquename=\count333
\c@refsection=\count334
\c@refsegment=\count335
\c@maxextratitle=\count336
\c@maxextratitleyear=\count337
\c@maxextraname=\count338
\c@maxextradate=\count339
\c@maxextraalpha=\count340
\c@abbrvpenalty=\count341
\c@highnamepenalty=\count342
\c@lownamepenalty=\count343
\c@maxparens=\count344
\c@parenlevel=\count345
\blx@tempcnta=\count346
\blx@tempcntb=\count347
\blx@tempcntc=\count348
\c@blx@maxsection=\count349
\blx@maxsegment@0=\count350
\blx@notetype=\count351
\blx@parenlevel@text=\count352
\blx@parenlevel@foot=\count353
\blx@sectionciteorder@0=\count354
\blx@sectionciteorderinternal@0=\count355
\blx@entrysetcounter=\count356
\blx@biblioinstance=\count357
\labelnumberwidth=\skip71
\labelalphawidth=\skip72
\biblabelsep=\skip73
\bibitemsep=\skip74
\bibnamesep=\skip75
\bibinitsep=\skip76
\bibparsep=\skip77
\bibhang=\skip78
\blx@bcfin=\read2
\blx@bcfout=\write3
\blx@langwohyphens=\language5
\c@mincomprange=\count358
\c@maxcomprange=\count359
\c@mincompwidth=\count360
Package biblatex Info: Trying to load biblatex default data model...
Package biblatex Info: ... file 'blx-dm.def' found.

(/usr/share/texlive/texmf-dist/tex/latex/biblatex/blx-dm.def
File: blx-dm.def 2023/03/05 v3.19 biblatex localization (PK/MW)
)
Package biblatex Info: Trying to load biblatex style data model...
Package biblatex Info: ... file 'ieee.dbx' not found.
Package biblatex Info: Trying to load biblatex custom data model...
Package biblatex Info: ... file 'biblatex-dm.cfg' not found.
\c@afterword=\count361
\c@savedafterword=\count362
\c@annotator=\count363
\c@savedannotator=\count364
\c@author=\count365
\c@savedauthor=\count366
\c@bookauthor=\count367
\c@savedbookauthor=\count368
\c@commentator=\count369
\c@savedcommentator=\count370
\c@editor=\count371
\c@savededitor=\count372
\c@editora=\count373
\c@savededitora=\count374
\c@editorb=\count375
\c@savededitorb=\count376
\c@editorc=\count377
\c@savededitorc=\count378
\c@foreword=\count379
\c@savedforeword=\count380
\c@holder=\count381
\c@savedholder=\count382
\c@introduction=\count383
\c@savedintroduction=\count384
\c@namea=\count385
\c@savednamea=\count386
\c@nameb=\count387
\c@savednameb=\count388
\c@namec=\count389
\c@savednamec=\count390
\c@translator=\count391
\c@savedtranslator=\count392
\c@shortauthor=\count393
\c@savedshortauthor=\count394
\c@shorteditor=\count395
\c@savedshorteditor=\count396
\c@labelname=\count397
\c@savedlabelname=\count398
\c@institution=\count399
\c@savedinstitution=\count400
\c@lista=\count401
\c@savedlista=\count402
\c@listb=\count403
\c@savedlistb=\count404
\c@listc=\count405
\c@savedlistc=\count406
\c@listd=\count407
\c@savedlistd=\count408
\c@liste=\count409
\c@savedliste=\count410
\c@listf=\count411
\c@savedlistf=\count412
\c@location=\count413
\c@savedlocation=\count414
\c@organization=\count415
\c@savedorganization=\count416
\c@origlocation=\count417
\c@savedoriglocation=\count418
\c@origpublisher=\count419
\c@savedorigpublisher=\count420
\c@publisher=\count421
\c@savedpublisher=\count422
\c@language=\count423
\c@savedlanguage=\count424
\c@origlanguage=\count425
\c@savedoriglanguage=\count426
\c@pageref=\count427
\c@savedpageref=\count428
\shorthandwidth=\skip79
\shortjournalwidth=\skip80
\shortserieswidth=\skip81
\shorttitlewidth=\skip82
\shortauthorwidth=\skip83
\shorteditorwidth=\skip84
\locallabelnumberwidth=\skip85
\locallabelalphawidth=\skip86
\localshorthandwidth=\skip87
\localshortjournalwidth=\skip88
\localshortserieswidth=\skip89
\localshorttitlewidth=\skip90
\localshortauthorwidth=\skip91
\localshorteditorwidth=\skip92
Package biblatex Info: Trying to load compatibility code...
Package biblatex Info: ... file 'blx-compat.def' found.

(/usr/share/texlive/texmf-dist/tex/latex/biblatex/blx-compat.def
File: blx-compat.def 2023/03/05 v3.19 biblatex compatibility (PK/MW)
)
Package biblatex Info: Trying to load generic definitions...
Package biblatex Info: ... file 'biblatex.def' found.

(/usr/share/texlive/texmf-dist/tex/latex/biblatex/biblatex.def
File: biblatex.def 2023/03/05 v3.19 biblatex compatibility (PK/MW)
\c@textcitecount=\count429
\c@textcitetotal=\count430
\c@textcitemaxnames=\count431
\c@biburlbigbreakpenalty=\count432
\c@biburlbreakpenalty=\count433
\c@biburlnumpenalty=\count434
\c@biburlucpenalty=\count435
\c@biburllcpenalty=\count436
\biburlbigskip=\muskip21
\biburlnumskip=\muskip22
\biburlucskip=\muskip23
\biburllcskip=\muskip24
\c@smartand=\count437
)
Package biblatex Info: Trying to load bibliography style 'ieee'...
Package biblatex Info: ... file 'ieee.bbx' found.

(/usr/share/texlive/texmf-dist/tex/latex/biblatex-ieee/ieee.bbx
File: ieee.bbx 2021/12/06 v1.3f biblatex bibliography style
Package biblatex Info: Trying to load bibliography style 'numeric-comp'...
Package biblatex Info: ... file 'numeric-comp.bbx' found.

(/usr/share/texlive/texmf-dist/tex/latex/biblatex/bbx/numeric-comp.bbx
File: numeric-comp.bbx 2023/03/05 v3.19 biblatex bibliography style (PK/MW)
Package biblatex Info: Trying to load bibliography style 'numeric'...
Package biblatex Info: ... file 'numeric.bbx' found.

(/usr/share/texlive/texmf-dist/tex/latex/biblatex/bbx/numeric.bbx
File: numeric.bbx 2023/03/05 v3.19 biblatex bibliography style (PK/MW)
Package biblatex Info: Trying to load bibliography style 'standard'...
Package biblatex Info: ... file 'standard.bbx' found.

(/usr/share/texlive/texmf-dist/tex/latex/biblatex/bbx/standard.bbx
File: standard.bbx 2023/03/05 v3.19 biblatex bibliography style (PK/MW)
\c@bbx:relatedcount=\count438
\c@bbx:relatedtotal=\count439
))))
Package biblatex Info: Trying to load citation style 'ieee'...
Package biblatex Info: ... file 'ieee.cbx' found.

(/usr/share/texlive/texmf-dist/tex/latex/biblatex-ieee/ieee.cbx
File: ieee.cbx 2021/12/06 v1.3f biblatex citation style
Package biblatex Info: Trying to load citation style 'numeric-comp'...
Package biblatex Info: ... file 'numeric-comp.cbx' found.

(/usr/share/texlive/texmf-dist/tex/latex/biblatex/cbx/numeric-comp.cbx
File: numeric-comp.cbx 2023/03/05 v3.19 biblatex citation style (PK/MW)
\c@cbx@tempcnta=\count440
\c@cbx@tempcntb=\count441
\c@cbx@tempcntc=\count442
\c@cbx@tempcntd=\count443
Package biblatex Info: Redefining '\cite'.
Package biblatex Info: Redefining '\parencite'.
Package biblatex Info: Redefining '\footcite'.
Package biblatex Info: Redefining '\footcitetext'.
Package biblatex Info: Redefining '\smartcite'.
Package biblatex Info: Redefining '\supercite'.
Package biblatex Info: Redefining '\textcite'.
Package biblatex Info: Redefining '\textcites'.
Package biblatex Info: Redefining '\cites'.
Package biblatex Info: Redefining '\parencites'.
Package biblatex Info: Redefining '\smartcites'.
)
Package biblatex Info: Redefining '\cite'.
Package biblatex Info: Redefining '\supercite'.
Package biblatex Info: Redefining '\cites'.
)
Package biblatex Info: Trying to load configuration file...
Package biblatex Info: ... file 'biblatex.cfg' found.

(/usr/share/texlive/texmf-dist/tex/latex/biblatex/biblatex.cfg
File: biblatex.cfg 
)
Package biblatex Info: Input encoding 'utf8' detected.
Package biblatex Info: Document encoding is UTF8 ....
Package biblatex Info: ... and expl3
(biblatex)             2024-01-22 L3 programming layer (loader) 
(biblatex)             is new enough (at least 2020/04/06),
(biblatex)             setting 'casechanger=expl3'.

(/usr/share/texlive/texmf-dist/tex/latex/biblatex/blx-case-expl3.sty
Package: blx-case-expl3 2023/03/05 v3.19 expl3 case changing code for biblatex
))
(./personnelhandler.sty
Package: personnelhandler 2023/06/21 v0.5 LaTeX package for multiple author (st
udent) management for IUT BSc Thesis Template

(/usr/share/texlive/texmf-dist/tex/latex/pgf/utilities/pgffor.sty
(/usr/share/texlive/texmf-dist/tex/latex/pgf/utilities/pgfrcs.sty
(/usr/share/texlive/texmf-dist/tex/generic/pgf/utilities/pgfutil-common.tex
\pgfutil@everybye=\toks29
\pgfutil@tempdima=\dimen257
\pgfutil@tempdimb=\dimen258
)
(/usr/share/texlive/texmf-dist/tex/generic/pgf/utilities/pgfutil-latex.def
\pgfutil@abb=\box63
)
(/usr/share/texlive/texmf-dist/tex/generic/pgf/utilities/pgfrcs.code.tex
(/usr/share/texlive/texmf-dist/tex/generic/pgf/pgf.revision.tex)
Package: pgfrcs 2023-01-15 v3.1.10 (3.1.10)
))
(/usr/share/texlive/texmf-dist/tex/latex/pgf/utilities/pgfkeys.sty
(/usr/share/texlive/texmf-dist/tex/generic/pgf/utilities/pgfkeys.code.tex
\pgfkeys@pathtoks=\toks30
\pgfkeys@temptoks=\toks31

(/usr/share/texlive/texmf-dist/tex/generic/pgf/utilities/pgfkeyslibraryfiltered
.code.tex
\pgfkeys@tmptoks=\toks32
))) (/usr/share/texlive/texmf-dist/tex/latex/pgf/math/pgfmath.sty
(/usr/share/texlive/texmf-dist/tex/generic/pgf/math/pgfmath.code.tex
(/usr/share/texlive/texmf-dist/tex/generic/pgf/math/pgfmathutil.code.tex
\pgf@x=\dimen259
\pgf@xa=\dimen260
\pgf@xb=\dimen261
\pgf@xc=\dimen262
\pgf@y=\dimen263
\pgf@ya=\dimen264
\pgf@yb=\dimen265
\pgf@yc=\dimen266
\c@pgf@counta=\count444
\c@pgf@countb=\count445
\c@pgf@countc=\count446
\c@pgf@countd=\count447
)
(/usr/share/texlive/texmf-dist/tex/generic/pgf/math/pgfmathparser.code.tex
\pgfmath@dimen=\dimen267
\pgfmath@count=\count448
\pgfmath@box=\box64
\pgfmath@toks=\toks33
\pgfmath@stack@operand=\toks34
\pgfmath@stack@operation=\toks35
)
(/usr/share/texlive/texmf-dist/tex/generic/pgf/math/pgfmathfunctions.code.tex)
(/usr/share/texlive/texmf-dist/tex/generic/pgf/math/pgfmathfunctions.basic.code
.tex)
(/usr/share/texlive/texmf-dist/tex/generic/pgf/math/pgfmathfunctions.trigonomet
ric.code.tex)
(/usr/share/texlive/texmf-dist/tex/generic/pgf/math/pgfmathfunctions.random.cod
e.tex)
(/usr/share/texlive/texmf-dist/tex/generic/pgf/math/pgfmathfunctions.comparison
.code.tex)
(/usr/share/texlive/texmf-dist/tex/generic/pgf/math/pgfmathfunctions.base.code.
tex)
(/usr/share/texlive/texmf-dist/tex/generic/pgf/math/pgfmathfunctions.round.code
.tex)
(/usr/share/texlive/texmf-dist/tex/generic/pgf/math/pgfmathfunctions.misc.code.
tex)
(/usr/share/texlive/texmf-dist/tex/generic/pgf/math/pgfmathfunctions.integerari
thmetics.code.tex)
(/usr/share/texlive/texmf-dist/tex/generic/pgf/math/pgfmathcalc.code.tex)
(/usr/share/texlive/texmf-dist/tex/generic/pgf/math/pgfmathfloat.code.tex
\c@pgfmathroundto@lastzeros=\count449
)))
(/usr/share/texlive/texmf-dist/tex/generic/pgf/utilities/pgffor.code.tex
Package: pgffor 2023-01-15 v3.1.10 (3.1.10)
\pgffor@iter=\dimen268
\pgffor@skip=\dimen269
\pgffor@stack=\toks36
\pgffor@toks=\toks37
))
(/usr/share/texlive/texmf-dist/tex/generic/xstring/xstring.sty
(/usr/share/texlive/texmf-dist/tex/generic/xstring/xstring.tex
\xs_counta=\count450
\xs_countb=\count451
)
Package: xstring 2023/08/22 v1.86 String manipulations (CT)
)
\c@authorcounter=\count452
\c@cosupervisorcounter=\count453
)
\c@savepage=\count454

(./frontmatter.sty
Package: frontmatter 2023/06/21 v0.1 LaTeX package to work with iutbscthesis cl
ass and provide commands for generating front matter texts
\authcolwidth=\skip93
))
(/usr/share/texlive/texmf-dist/tex/latex/appendix/appendix.sty
Package: appendix 2020/02/08 v1.2c extra appendix facilities
\c@@pps=\count455
\c@@ppsavesec=\count456
\c@@ppsaveapp=\count457
)
(/usr/share/texlive/texmf-dist/tex/latex/multirow/multirow.sty
Package: multirow 2021/03/15 v2.8 Span multiple rows of a table
\multirow@colwidth=\skip94
\multirow@cntb=\count458
\multirow@dima=\skip95
\bigstrutjot=\dimen270
)
(/usr/share/texlive/texmf-dist/tex/latex/tools/longtable.sty
Package: longtable 2023-11-01 v4.19 Multi-page Table package (DPC)
\LTleft=\skip96
\LTright=\skip97
\LTpre=\skip98
\LTpost=\skip99
\LTchunksize=\count459
\LTcapwidth=\dimen271
\LT@head=\box65
\LT@firsthead=\box66
\LT@foot=\box67
\LT@lastfoot=\box68
\LT@gbox=\box69
\LT@cols=\count460
\LT@rows=\count461
\c@LT@tables=\count462
\c@LT@chunks=\count463
\LT@p@ftn=\toks38
)
(/usr/share/texlive/texmf-dist/tex/latex/pgf/frontendlayer/tikz.sty
(/usr/share/texlive/texmf-dist/tex/latex/pgf/basiclayer/pgf.sty
Package: pgf 2023-01-15 v3.1.10 (3.1.10)

(/usr/share/texlive/texmf-dist/tex/latex/pgf/basiclayer/pgfcore.sty
(/usr/share/texlive/texmf-dist/tex/latex/pgf/systemlayer/pgfsys.sty
(/usr/share/texlive/texmf-dist/tex/generic/pgf/systemlayer/pgfsys.code.tex
Package: pgfsys 2023-01-15 v3.1.10 (3.1.10)
\pgf@x=\dimen272
\pgf@y=\dimen273
\pgf@xa=\dimen274
\pgf@ya=\dimen275
\pgf@xb=\dimen276
\pgf@yb=\dimen277
\pgf@xc=\dimen278
\pgf@yc=\dimen279
\pgf@xd=\dimen280
\pgf@yd=\dimen281
\w@pgf@writea=\write4
\r@pgf@reada=\read3
\c@pgf@counta=\count464
\c@pgf@countb=\count465
\c@pgf@countc=\count466
\c@pgf@countd=\count467
\t@pgf@toka=\toks39
\t@pgf@tokb=\toks40
\t@pgf@tokc=\toks41
\pgf@sys@id@count=\count468

(/usr/share/texlive/texmf-dist/tex/generic/pgf/systemlayer/pgf.cfg
File: pgf.cfg 2023-01-15 v3.1.10 (3.1.10)
)
Driver file for pgf: pgfsys-pdftex.def

(/usr/share/texlive/texmf-dist/tex/generic/pgf/systemlayer/pgfsys-pdftex.def
File: pgfsys-pdftex.def 2023-01-15 v3.1.10 (3.1.10)

(/usr/share/texlive/texmf-dist/tex/generic/pgf/systemlayer/pgfsys-common-pdf.de
f
File: pgfsys-common-pdf.def 2023-01-15 v3.1.10 (3.1.10)
)))
(/usr/share/texlive/texmf-dist/tex/generic/pgf/systemlayer/pgfsyssoftpath.code.
tex
File: pgfsyssoftpath.code.tex 2023-01-15 v3.1.10 (3.1.10)
\pgfsyssoftpath@smallbuffer@items=\count469
\pgfsyssoftpath@bigbuffer@items=\count470
)
(/usr/share/texlive/texmf-dist/tex/generic/pgf/systemlayer/pgfsysprotocol.code.
tex
File: pgfsysprotocol.code.tex 2023-01-15 v3.1.10 (3.1.10)
)) (/usr/share/texlive/texmf-dist/tex/latex/xcolor/xcolor.sty
Package: xcolor 2023/11/15 v3.01 LaTeX color extensions (UK)

(/usr/share/texlive/texmf-dist/tex/latex/graphics-cfg/color.cfg
File: color.cfg 2016/01/02 v1.6 sample color configuration
)
Package xcolor Info: Driver file: pdftex.def on input line 274.

(/usr/share/texlive/texmf-dist/tex/latex/graphics/mathcolor.ltx)
Package xcolor Info: Model `cmy' substituted by `cmy0' on input line 1350.
Package xcolor Info: Model `hsb' substituted by `rgb' on input line 1354.
Package xcolor Info: Model `RGB' extended on input line 1366.
Package xcolor Info: Model `HTML' substituted by `rgb' on input line 1368.
Package xcolor Info: Model `Hsb' substituted by `hsb' on input line 1369.
Package xcolor Info: Model `tHsb' substituted by `hsb' on input line 1370.
Package xcolor Info: Model `HSB' substituted by `hsb' on input line 1371.
Package xcolor Info: Model `Gray' substituted by `gray' on input line 1372.
Package xcolor Info: Model `wave' substituted by `hsb' on input line 1373.
)
(/usr/share/texlive/texmf-dist/tex/generic/pgf/basiclayer/pgfcore.code.tex
Package: pgfcore 2023-01-15 v3.1.10 (3.1.10)

(/usr/share/texlive/texmf-dist/tex/generic/pgf/math/pgfint.code.tex)
(/usr/share/texlive/texmf-dist/tex/generic/pgf/basiclayer/pgfcorepoints.code.te
x
File: pgfcorepoints.code.tex 2023-01-15 v3.1.10 (3.1.10)
\pgf@picminx=\dimen282
\pgf@picmaxx=\dimen283
\pgf@picminy=\dimen284
\pgf@picmaxy=\dimen285
\pgf@pathminx=\dimen286
\pgf@pathmaxx=\dimen287
\pgf@pathminy=\dimen288
\pgf@pathmaxy=\dimen289
\pgf@xx=\dimen290
\pgf@xy=\dimen291
\pgf@yx=\dimen292
\pgf@yy=\dimen293
\pgf@zx=\dimen294
\pgf@zy=\dimen295
)
(/usr/share/texlive/texmf-dist/tex/generic/pgf/basiclayer/pgfcorepathconstruct.
code.tex
File: pgfcorepathconstruct.code.tex 2023-01-15 v3.1.10 (3.1.10)
\pgf@path@lastx=\dimen296
\pgf@path@lasty=\dimen297
)
(/usr/share/texlive/texmf-dist/tex/generic/pgf/basiclayer/pgfcorepathusage.code
.tex
File: pgfcorepathusage.code.tex 2023-01-15 v3.1.10 (3.1.10)
\pgf@shorten@end@additional=\dimen298
\pgf@shorten@start@additional=\dimen299
)
(/usr/share/texlive/texmf-dist/tex/generic/pgf/basiclayer/pgfcorescopes.code.te
x
File: pgfcorescopes.code.tex 2023-01-15 v3.1.10 (3.1.10)
\pgfpic=\box70
\pgf@hbox=\box71
\pgf@layerbox@main=\box72
\pgf@picture@serial@count=\count471
)
(/usr/share/texlive/texmf-dist/tex/generic/pgf/basiclayer/pgfcoregraphicstate.c
ode.tex
File: pgfcoregraphicstate.code.tex 2023-01-15 v3.1.10 (3.1.10)
\pgflinewidth=\dimen300
)
(/usr/share/texlive/texmf-dist/tex/generic/pgf/basiclayer/pgfcoretransformation
s.code.tex
File: pgfcoretransformations.code.tex 2023-01-15 v3.1.10 (3.1.10)
\pgf@pt@x=\dimen301
\pgf@pt@y=\dimen302
\pgf@pt@temp=\dimen303
)
(/usr/share/texlive/texmf-dist/tex/generic/pgf/basiclayer/pgfcorequick.code.tex
File: pgfcorequick.code.tex 2023-01-15 v3.1.10 (3.1.10)
)
(/usr/share/texlive/texmf-dist/tex/generic/pgf/basiclayer/pgfcoreobjects.code.t
ex
File: pgfcoreobjects.code.tex 2023-01-15 v3.1.10 (3.1.10)
)
(/usr/share/texlive/texmf-dist/tex/generic/pgf/basiclayer/pgfcorepathprocessing
.code.tex
File: pgfcorepathprocessing.code.tex 2023-01-15 v3.1.10 (3.1.10)
)
(/usr/share/texlive/texmf-dist/tex/generic/pgf/basiclayer/pgfcorearrows.code.te
x
File: pgfcorearrows.code.tex 2023-01-15 v3.1.10 (3.1.10)
\pgfarrowsep=\dimen304
)
(/usr/share/texlive/texmf-dist/tex/generic/pgf/basiclayer/pgfcoreshade.code.tex
File: pgfcoreshade.code.tex 2023-01-15 v3.1.10 (3.1.10)
\pgf@max=\dimen305
\pgf@sys@shading@range@num=\count472
\pgf@shadingcount=\count473
)
(/usr/share/texlive/texmf-dist/tex/generic/pgf/basiclayer/pgfcoreimage.code.tex
File: pgfcoreimage.code.tex 2023-01-15 v3.1.10 (3.1.10)
)
(/usr/share/texlive/texmf-dist/tex/generic/pgf/basiclayer/pgfcoreexternal.code.
tex
File: pgfcoreexternal.code.tex 2023-01-15 v3.1.10 (3.1.10)
\pgfexternal@startupbox=\box73
)
(/usr/share/texlive/texmf-dist/tex/generic/pgf/basiclayer/pgfcorelayers.code.te
x
File: pgfcorelayers.code.tex 2023-01-15 v3.1.10 (3.1.10)
)
(/usr/share/texlive/texmf-dist/tex/generic/pgf/basiclayer/pgfcoretransparency.c
ode.tex
File: pgfcoretransparency.code.tex 2023-01-15 v3.1.10 (3.1.10)
)
(/usr/share/texlive/texmf-dist/tex/generic/pgf/basiclayer/pgfcorepatterns.code.
tex
File: pgfcorepatterns.code.tex 2023-01-15 v3.1.10 (3.1.10)
)
(/usr/share/texlive/texmf-dist/tex/generic/pgf/basiclayer/pgfcorerdf.code.tex
File: pgfcorerdf.code.tex 2023-01-15 v3.1.10 (3.1.10)
)))
(/usr/share/texlive/texmf-dist/tex/generic/pgf/modules/pgfmoduleshapes.code.tex
File: pgfmoduleshapes.code.tex 2023-01-15 v3.1.10 (3.1.10)
\pgfnodeparttextbox=\box74
) (/usr/share/texlive/texmf-dist/tex/generic/pgf/modules/pgfmoduleplot.code.tex
File: pgfmoduleplot.code.tex 2023-01-15 v3.1.10 (3.1.10)
)
(/usr/share/texlive/texmf-dist/tex/latex/pgf/compatibility/pgfcomp-version-0-65
.sty
Package: pgfcomp-version-0-65 2023-01-15 v3.1.10 (3.1.10)
\pgf@nodesepstart=\dimen306
\pgf@nodesepend=\dimen307
)
(/usr/share/texlive/texmf-dist/tex/latex/pgf/compatibility/pgfcomp-version-1-18
.sty
Package: pgfcomp-version-1-18 2023-01-15 v3.1.10 (3.1.10)
))
(/usr/share/texlive/texmf-dist/tex/generic/pgf/frontendlayer/tikz/tikz.code.tex
Package: tikz 2023-01-15 v3.1.10 (3.1.10)

(/usr/share/texlive/texmf-dist/tex/generic/pgf/libraries/pgflibraryplothandlers
.code.tex
File: pgflibraryplothandlers.code.tex 2023-01-15 v3.1.10 (3.1.10)
\pgf@plot@mark@count=\count474
\pgfplotmarksize=\dimen308
)
\tikz@lastx=\dimen309
\tikz@lasty=\dimen310
\tikz@lastxsaved=\dimen311
\tikz@lastysaved=\dimen312
\tikz@lastmovetox=\dimen313
\tikz@lastmovetoy=\dimen314
\tikzleveldistance=\dimen315
\tikzsiblingdistance=\dimen316
\tikz@figbox=\box75
\tikz@figbox@bg=\box76
\tikz@tempbox=\box77
\tikz@tempbox@bg=\box78
\tikztreelevel=\count475
\tikznumberofchildren=\count476
\tikznumberofcurrentchild=\count477
\tikz@fig@count=\count478

(/usr/share/texlive/texmf-dist/tex/generic/pgf/modules/pgfmodulematrix.code.tex
File: pgfmodulematrix.code.tex 2023-01-15 v3.1.10 (3.1.10)
\pgfmatrixcurrentrow=\count479
\pgfmatrixcurrentcolumn=\count480
\pgf@matrix@numberofcolumns=\count481
)
\tikz@expandcount=\count482

(/usr/share/texlive/texmf-dist/tex/generic/pgf/frontendlayer/tikz/libraries/tik
zlibrarytopaths.code.tex
File: tikzlibrarytopaths.code.tex 2023-01-15 v3.1.10 (3.1.10)
)))
(/usr/share/texlive/texmf-dist/tex/generic/pgf/libraries/pgflibraryarrows.meta.
code.tex
File: pgflibraryarrows.meta.code.tex 2023-01-15 v3.1.10 (3.1.10)
\pgfarrowinset=\dimen317
\pgfarrowlength=\dimen318
\pgfarrowwidth=\dimen319
\pgfarrowlinewidth=\dimen320
)
(/usr/share/texlive/texmf-dist/tex/generic/pgf/frontendlayer/tikz/libraries/tik
zlibrarypositioning.code.tex
File: tikzlibrarypositioning.code.tex 2023-01-15 v3.1.10 (3.1.10)
)
(/usr/share/texlive/texmf-dist/tex/generic/pgf/frontendlayer/tikz/libraries/tik
zlibraryfit.code.tex
File: tikzlibraryfit.code.tex 2023-01-15 v3.1.10 (3.1.10)
)
(/usr/share/texlive/texmf-dist/tex/generic/pgf/frontendlayer/tikz/libraries/tik
zlibrarybackgrounds.code.tex
File: tikzlibrarybackgrounds.code.tex 2023-01-15 v3.1.10 (3.1.10)
\pgf@layerbox@background=\box79
\pgf@layerboxsaved@background=\box80
)
\@quotelevel=\count483
\@quotereset=\count484
LaTeX Font Info:    Trying to load font information for T1+stix2 on input line 
39.

(/usr/share/texlive/texmf-dist/tex/latex/stix2-type1/t1stix2.fd
File: t1stix2.fd 2018/04/02 v2.0.0-latex stix2 T1 font definitions
)
(./main_strict.aux)
\openout1 = `main_strict.aux'.

LaTeX Font Info:    Checking defaults for OML/cmm/m/it on input line 39.
LaTeX Font Info:    ... okay on input line 39.
LaTeX Font Info:    Checking defaults for OMS/cmsy/m/n on input line 39.
LaTeX Font Info:    ... okay on input line 39.
LaTeX Font Info:    Checking defaults for OT1/cmr/m/n on input line 39.
LaTeX Font Info:    ... okay on input line 39.
LaTeX Font Info:    Checking defaults for T1/cmr/m/n on input line 39.
LaTeX Font Info:    ... okay on input line 39.
LaTeX Font Info:    Checking defaults for TS1/cmr/m/n on input line 39.
LaTeX Font Info:    ... okay on input line 39.
LaTeX Font Info:    Checking defaults for OMX/cmex/m/n on input line 39.
LaTeX Font Info:    ... okay on input line 39.
LaTeX Font Info:    Checking defaults for U/cmr/m/n on input line 39.
LaTeX Font Info:    ... okay on input line 39.
LaTeX Font Info:    Checking defaults for LS1/stix2/m/n on input line 39.
LaTeX Font Info:    Trying to load font information for LS1+stix2 on input line
 39.

(/usr/share/texlive/texmf-dist/tex/latex/stix2-type1/ls1stix2.fd
File: ls1stix2.fd 2018/04/02 v2.0.0-latex stix2 LS1 font definitions
)
LaTeX Font Info:    ... okay on input line 39.
LaTeX Font Info:    Checking defaults for LS2/stix2/m/n on input line 39.
LaTeX Font Info:    Trying to load font information for LS2+stix2 on input line
 39.

(/usr/share/texlive/texmf-dist/tex/latex/stix2-type1/ls2stix2.fd
File: ls2stix2.fd 2018/04/02 v2.0.0-latex stix2 LS2 font definitions
)
LaTeX Font Info:    ... okay on input line 39.
LaTeX Font Info:    Checking defaults for PD1/pdf/m/n on input line 39.
LaTeX Font Info:    ... okay on input line 39.
LaTeX Font Info:    Checking defaults for PU/pdf/m/n on input line 39.
LaTeX Font Info:    ... okay on input line 39.

*geometry* driver: auto-detecting
*geometry* detected driver: pdftex
*geometry* verbose mode - [ preamble ] result:
* driver: pdftex
* paper: <default>
* layout: <same size as paper>
* layoutoffset:(h,v)=(0.0pt,0.0pt)
* modes: 
* h-part:(L,W,R)=(99.58464pt, 426.79135pt, 71.13188pt)
* v-part:(T,H,B)=(85.35826pt, 674.33032pt, 85.35826pt)
* \paperwidth=597.50787pt
* \paperheight=845.04684pt
* \textwidth=426.79135pt
* \textheight=674.33032pt
* \oddsidemargin=27.31465pt
* \evensidemargin=27.31465pt
* \topmargin=-23.91173pt
* \headheight=12.0pt
* \headsep=25.0pt
* \topskip=12.0pt
* \footskip=30.0pt
* \marginparwidth=35.0pt
* \marginparsep=10.0pt
* \columnsep=10.0pt
* \skip\footins=10.8pt plus 4.0pt minus 2.0pt
* \hoffset=0.0pt
* \voffset=0.0pt
* \mag=1000
* \@twocolumnfalse
* \@twosidefalse
* \@mparswitchfalse
* \@reversemarginfalse
* (1in=72.27pt=25.4mm, 1cm=28.453pt)

Package caption Info: Begin \AtBeginDocument code.
Package caption Info: hyperref package is loaded.
Package caption Info: listings package is loaded.
Package caption Info: longtable package is loaded.
(/usr/share/texlive/texmf-dist/tex/latex/caption/ltcaption.sty
Package: ltcaption 2021/01/08 v1.4c longtable captions (AR)
)
Package caption Info: Fixing longtable code of `floatrow' package.
Package caption Info: End \AtBeginDocument code.

(/usr/share/texlive/texmf-dist/tex/latex/floatrow/fr-longtable.sty
Package: fr-longtable 2007/11/28 v0.1b (beta) floatrow: additions for longtable

\flrow@LT@lasthead=\box81
\flrow@LT@prelastfoot=\box82
\c@FBLTpage=\count485
)
(/usr/share/texlive/texmf-dist/tex/context/base/mkii/supp-pdf.mkii
[Loading MPS to PDF converter (version 2006.09.02).]
\scratchcounter=\count486
\scratchdimen=\dimen321
\scratchbox=\box83
\nofMPsegments=\count487
\nofMParguments=\count488
\everyMPshowfont=\toks42
\MPscratchCnt=\count489
\MPscratchDim=\dimen322
\MPnumerator=\count490
\makeMPintoPDFobject=\count491
\everyMPtoPDFconversion=\toks43
) (/usr/share/texlive/texmf-dist/tex/latex/epstopdf-pkg/epstopdf-base.sty
Package: epstopdf-base 2020-01-24 v2.11 Base part for package epstopdf
Package epstopdf-base Info: Redefining graphics rule for `.eps' on input line 4
85.

(/usr/share/texlive/texmf-dist/tex/latex/latexconfig/epstopdf-sys.cfg
File: epstopdf-sys.cfg 2010/07/13 v1.3 Configuration of (r)epstopdf for TeX Liv
e
))
LaTeX Info: Command `\dddot' is already robust on input line 39.
LaTeX Info: Command `\ddddot' is already robust on input line 39.
\c@lstlisting=\count492
Package hyperref Info: Link coloring OFF on input line 39.

(./main_strict.out) (./main_strict.out)
\@outlinefile=\write5
\openout5 = `main_strict.out'.

Package biblatex Info: Trying to load language 'english'...
Package biblatex Info: ... file 'english.lbx' found.

(/usr/share/texlive/texmf-dist/tex/latex/biblatex/lbx/english.lbx
File: english.lbx 2023/03/05 v3.19 biblatex localization (PK/MW)
)
Package biblatex Info: Input encoding 'utf8' detected.
Package biblatex Info: Automatic encoding selection.
(biblatex)             Assuming data encoding 'utf8'.
\openout3 = `main_strict.bcf'.

Package biblatex Info: Trying to load bibliographic data...
Package biblatex Info: ... file 'main_strict.bbl' found.

(./main_strict.bbl)
Package biblatex Info: Reference section=0 on input line 39.
Package biblatex Info: Reference segment=0 on input line 39.
 [1

{/var/lib/texmf/fonts/map/pdftex/updmap/pdftex.map}{/usr/share/texlive/texmf-di
st/fonts/enc/dvips/stix2-type1/stix2-t1.enc}] [1

]
LaTeX Font Info:    Trying to load font information for LS1+stix2scr on input l
ine 52.

(/usr/share/texlive/texmf-dist/tex/latex/stix2-type1/ls1stix2scr.fd
File: ls1stix2scr.fd 2018/04/02 v2.0.0-latex stix2 script LS1 font definitions
)
LaTeX Font Info:    Trying to load font information for LS2+stix2ex on input li
ne 52.

(/usr/share/texlive/texmf-dist/tex/latex/stix2-type1/ls2stix2ex.fd
File: ls2stix2ex.fd 2018/04/02 v2.0.0-latex stix2 extentions LS2 font definitio
ns
)
LaTeX Font Info:    Trying to load font information for LS1+stix2frak on input 
line 52.

(/usr/share/texlive/texmf-dist/tex/latex/stix2-type1/ls1stix2frak.fd
File: ls1stix2frak.fd 2018/04/02 v2.0.0-latex stix2 fraktur LS1 font definition
s
)
LaTeX Font Info:    Trying to load font information for LS1+stix2bb on input li
ne 52.

(/usr/share/texlive/texmf-dist/tex/latex/stix2-type1/ls1stix2bb.fd
File: ls1stix2bb.fd 2018/04/02 v2.0.0-latex stix2 blackboard LS1 font definitio
ns
)
LaTeX Font Info:    Trying to load font information for LS2+stix2cal on input l
ine 52.

(/usr/share/texlive/texmf-dist/tex/latex/stix2-type1/ls2stix2cal.fd
File: ls2stix2cal.fd 2018/04/02 v2.0.0-latex stix2 calligraphic LS2 font defini
tions
)
LaTeX Font Info:    Trying to load font information for LS1+stix2sf on input li
ne 52.

(/usr/share/texlive/texmf-dist/tex/latex/stix2-type1/ls1stix2sf.fd
File: ls1stix2sf.fd 2018/04/02 v2.0.0-latex stix2 sans-serif LS1 font definitio
ns
)
LaTeX Font Info:    Trying to load font information for LS2+stix2tt on input li
ne 52.

(/usr/share/texlive/texmf-dist/tex/latex/stix2-type1/ls2stix2tt.fd
File: ls2stix2tt.fd 2018/04/02 v2.0.0-latex stix2 typewriter LS2 font definitio
ns
)
Overfull \hbox (24.0pt too wide) in paragraph at lines 52--52
 [][] 
 []


Loose \hbox (badness 19) in paragraph at lines 52--52
\T1/stix2/m/n/12 This is to cer-tify that the work pre-sented in this the-sis i
s the out-come of the anal-y-
 []


Tight \hbox (badness 80) in paragraph at lines 52--52
\T1/stix2/b/n/12 Ahmed Sad-man Labib \T1/stix2/m/n/12 un-der the su-per-vi-sion
 of \T1/stix2/b/n/12 Shahriar Ivan\T1/stix2/m/n/12 , As-sis-tant Pro-fes-sor,
 []


Tight \hbox (badness 18) in paragraph at lines 52--52
\T1/stix2/m/n/12 De-part-ment of Com-puter Sci-ence and En-gi-neer-ing, Is-lami
c Uni-ver-sity of Tech-nol-ogy,
 []


Loose \hbox (badness 7) in paragraph at lines 52--52
\T1/stix2/m/n/12 Dhaka, Bangladesh. It is also de-clared that nei-ther this the
-sis nor any part of it has
 []


Loose \hbox (badness 2) in paragraph at lines 52--52
\T1/stix2/m/n/12 been sub-mit-ted any-where else for any de-gree or diploma. In
-for-ma-tion de-rived from
 []


Loose \hbox (badness 18) in paragraph at lines 52--52
\T1/stix2/m/n/12 the pub-lished and un-pub-lished work of oth-ers have been ac-
knowl-edged in the text
 []

[2

] [3

] (./main_strict.toc [4


] [5])
\tf@toc=\write6
\openout6 = `main_strict.toc'.

 [6] (./main_strict.lof
Tight \hbox (badness 1) in paragraph at lines 2--2
 [][] [][]\T1/stix2/m/n/12 Accuracy is not re-li-a-bil-ity. Left: a known-class
 in-put, con-fi-dently mis- 
 []


Loose \hbox (badness 28) in paragraph at lines 2--2
 \T1/stix2/m/n/12 fi-dently as-signed to a known class with no in-di-ca-tion of
 un-cer-tainty 
 []


Loose \hbox (badness 1) in paragraph at lines 3--3
 [][] [][]\T1/stix2/m/n/12 All four re-search ques-tions are in-stances of one 
over-ar-ch-ing ques-tion 
 []


Loose \hbox (badness 76) in paragraph at lines 3--3
 \T1/stix2/m/n/12 ^^V which de-sign choice gov-erns which re-li-a-bil-ity as-pe
ct ^^V each re- 
 []


Tight \hbox (badness 66) in paragraph at lines 6--6
 [][] [][]\T1/stix2/m/n/12 One 5-way, 5-shot episode: a support grid of 5 label
led images per class, 
 []


Tight \hbox (badness 58) in paragraph at lines 6--6
 \T1/stix2/m/n/12 fresh set of 5 classes is sampled for every episode, and the 
20 test classes 
 []


Underfull \hbox (badness 165) in paragraph at lines 8--8
 [][] [][]\T1/stix2/m/n/12 The B-PEFT pipeline. Sup-port and query im-ages pass
 through the 
 []


Tight \hbox (badness 97) in paragraph at lines 8--8
 \T1/stix2/m/n/12 the re-sult-ing fea-tures feed a parameter-free pro-to-type h
ead, whose sim- 
 []


Tight \hbox (badness 65) in paragraph at lines 8--8
 \T1/stix2/m/n/12 bil-i-ties. Only the adapter (or-ange) and, in the ev-i-den-t
ial in-ter-pre-ta-tion, 
 []


Loose \hbox (badness 1) in paragraph at lines 8--8
 \T1/stix2/m/n/12 its two evidence-affine pa-ram-e-ters are trained; the back-b
one (grey) is 
 []


Loose \hbox (badness 43) in paragraph at lines 9--9
 [][] [][]\T1/stix2/m/n/12 The two adapter ar-chi-tec-tures com-pared through-o
ut this the-sis: the 
 []


Overfull \hbox (4.34535pt too wide) in paragraph at lines 9--9
 \T1/stix2/m/n/12 par-al-lel bot-tle-neck, a down-project/ReLU/up-project side 
branch added 
 []


Tight \hbox (badness 6) in paragraph at lines 9--9
 \T1/stix2/m/n/12 at ev-ery stage; and LoRA, a low-rank up-date in-side a sin-g
le frozen $\LS1/stix2/m/n/12 1[]1$ 
 []


Loose \hbox (badness 9) in paragraph at lines 10--10
 [][] [][]\T1/stix2/m/n/12 One set of raw similarity logits, read two ways: sof
tmax probabilities 
 []


Loose \hbox (badness 43) in paragraph at lines 10--10
 \T1/stix2/m/n/12 scored by MSP/energy, or Dirichlet evidence scored by vacuity
. The 
 []


Loose \hbox (badness 22) in paragraph at lines 11--11
 \T1/stix2/m/n/12 4 OOD scores and a post-hoc refit at no extra training cost, 
followed 
 []


Loose \hbox (badness 5) in paragraph at lines 11--11
 \T1/stix2/m/n/12 by the matched-budget experiment (48 runs) and the rank sweep
 (21 
 []

[7

{/usr/share/texlive/texmf-dist/fonts/enc/dvips/stix2-type1/stix2-mathrm.enc}]
Loose \hbox (badness 2) in paragraph at lines 13--13
 [][] [][]\T1/stix2/m/n/12 Full fine-tuning ver-sus the parallel-bottleneck ada
pter ver-sus the lin- 
 []


Overfull \hbox (7.32768pt too wide) in paragraph at lines 13--13
 \T1/stix2/m/n/12 ear probe: train-able pa-ram-e-ters and ac-cu-racy, CIFAR-FS 
5-shot, ResNet- 
 []


Loose \hbox (badness 25) in paragraph at lines 14--14
 [][] [][]\T1/stix2/m/n/12 Main-effects heatmap: share of vari-ance ($\LS1/stix
2/m/it/12 ^^Q[]$\T1/stix2/m/n/12 , %) each de-sign axis ex- 
 []


Underfull \hbox (badness 146) in paragraph at lines 14--14
 \T1/stix2/m/n/12 plains for each out-come. Ac-cu-racy is dom-i-nated by shots;
 ECE by 
 []


Overfull \hbox (7.88364pt too wide) in paragraph at lines 15--15
 [][] [][]\T1/stix2/m/n/12 OOD AU-ROC by scor-ing rule, split by which ob-jec-t
ive trained the model, 
 []


Tight \hbox (badness 93) in paragraph at lines 15--15
 \T1/stix2/m/n/12 for far- and near-OOD pools. The same score gives nearly the 
same AU- 
 []


Tight \hbox (badness 57) in paragraph at lines 15--15
 \T1/stix2/m/n/12 ROC re-gard-less of which ob-jec-tive pro-duced the log-its i
t scores; the gap 
 []


Loose \hbox (badness 7) in paragraph at lines 16--16
 [][] [][]\T1/stix2/m/n/12 The 16 matched pairs: which adapter wins on ac-cu-ra
cy and ECE, by 
 []


Tight \hbox (badness 42) in paragraph at lines 16--16
 \T1/stix2/m/n/12 back-bone. The ac-cu-racy win-ner is con-stant (bot-tle-neck)
; the ECE win- 
 []


Tight \hbox (badness 53) in paragraph at lines 17--17
 [][] [][]\T1/stix2/m/n/12 The trainable-parameter-count re-ver-sal be-hind []T
a-ble 4.2[][]: bot-tle-neck is 
 []


Overfull \hbox (28.2245pt too wide) in paragraph at lines 17--17
 \T1/stix2/m/n/12 the larger adapter on ResNet-18, LoRA is the larger adapter o
n MobileNetV3- 
 []


Loose \hbox (badness 88) in paragraph at lines 18--18
 [][] [][]$\LS1/stix2/m/n/12 ^^A$\T1/stix2/m/n/12 ECE (LoRA $\LS1/stix2/m/n/12 
*$ \T1/stix2/m/n/12 bottleneck), unmatched versus matched budget, by 
 []


Loose \hbox (badness 38) in paragraph at lines 18--18
 \T1/stix2/m/n/12 backbone and head. The gap stays intact on ResNet-18 and roug
hly 
 []


Loose \hbox (badness 53) in paragraph at lines 18--18
 \T1/stix2/m/n/12 halves on MobileNetV3-Small ^^V the backbone determines the s
ign, 
 []


Tight \hbox (badness 9) in paragraph at lines 19--19
 [][] [][]\T1/stix2/m/n/12 Residual parameter-count mis-match for each matched-
budget pair, all 
 []


Tight \hbox (badness 7) in paragraph at lines 19--19
 \T1/stix2/m/n/12 un-der 3.1% ^^V the matched arms are close enough in size tha
t the bud- 
 []


Overfull \hbox (4.3565pt too wide) in paragraph at lines 20--20
 [][] [][]\T1/stix2/m/n/12 Pooled ECE be-fore and af-ter the post-hoc re-fit, a
gainst the plain-softmax 
 []


Underfull \hbox (badness 141) in paragraph at lines 21--21
 [][] [][]\T1/stix2/m/n/12 Change in OOD AU-ROC af-ter the post-hoc re-fit, per
 pool and cell. 
 []


Loose \hbox (badness 91) in paragraph at lines 21--21
 \T1/stix2/m/n/12 Most changes clus-ter near zero; the mi-nor-ity ex-cep-tion i
s vis-i-ble as 
 []


Overfull \hbox (3.5342pt too wide) in paragraph at lines 24--24
 [][] [][]\T1/stix2/m/n/12 Every de-sign fac-tor tested against ev-ery re-li-a-
bil-ity out-come: which links 
 []


Tight \hbox (badness 5) in paragraph at lines 24--24
 \T1/stix2/m/n/12 tial. Adapter bud-get alone does not reach cal-i-bra-tion or 
OOD rank-ing; 
 []


Tight \hbox (badness 9) in paragraph at lines 24--24
 \T1/stix2/m/n/12 ar-chi-tec-ture and scor-ing rule do the work that a first lo
ok at pa-ram-e-ter 
 []

)
\tf@lof=\write7
\openout7 = `main_strict.lof'.

 [8{/usr/share/texlive/texmf-dist/fonts/enc/dvips/stix2-type1/stix2-mathit.enc}
] [9] (./main_strict.lot
Loose \hbox (badness 12) in paragraph at lines 6--6
 [][] [][]\T1/stix2/m/n/12 The research gap: each of the three closest prior wo
rks covers some, 
 []


Tight \hbox (badness 74) in paragraph at lines 6--6
 \T1/stix2/m/n/12 but never all, of the four properties this thesis studies joi
ntly. Published 
 []


Loose \hbox (badness 5) in paragraph at lines 6--6
 \T1/stix2/m/n/12 comparisons in this space typically vary two design axes at o
nce (e.g. 
 []


Tight \hbox (badness 51) in paragraph at lines 6--6
 \T1/stix2/m/n/12 training objective and scoring rule together); this thesis se
parates them 
 []


Loose \hbox (badness 29) in paragraph at lines 9--9
 [][] [][]\T1/stix2/m/n/12 The two head in-ter-pre-ta-tions com-pared. Both rea
d the same un-der- 
 []


Loose \hbox (badness 29) in paragraph at lines 10--10
 [][] [][]\T1/stix2/m/n/12 Trainable-parameter counts (soft-max head; the ev-i-
den-tial head adds 
 []


Tight \hbox (badness 1) in paragraph at lines 10--10
 \T1/stix2/m/n/12 ex-actly 2 to each cell) for the two balanced-factorial adapt
ers, by back- 
 []


Loose \hbox (badness 35) in paragraph at lines 13--13
 [][] [][]\T1/stix2/m/n/12 Per-seed $\LS1/stix2/m/it/12 ^^Q[]$ \T1/stix2/m/n/12
 variance decomposition (96 observations) across the five 
 []


Tight \hbox (badness 3) in paragraph at lines 13--13
 \T1/stix2/m/n/12 balanced-factorial design axes. Bold marks the dominant axis 
for each 
 []


Loose \hbox (badness 3) in paragraph at lines 14--14
 [][] [][]\T1/stix2/m/n/12 Pooled ECE for the ResNet-18, Bottleneck-parallel co
n-fig-u-ra-tion, ev-i- 
 []


Loose \hbox (badness 20) in paragraph at lines 14--14
 \T1/stix2/m/n/12 den-tial ver-sus soft-max (with and with-out post-hoc tem-per
-a-ture scal- 
 []


Loose \hbox (badness 99) in paragraph at lines 15--15
 [][] [][]$\LS1/stix2/m/it/12 ^^Q[]$ \T1/stix2/m/n/12 de-com-po-si-tion of OOD-
detection vari-ance into train-ing ob-jec-tive 
 []


Tight \hbox (badness 93) in paragraph at lines 15--15
 \T1/stix2/m/n/12 and scor-ing rule, on the full cross-applied $\LS1/stix2/m/n/
12 2 ù 4$ \T1/stix2/m/n/12 fac-to-rial (120/120 check- 
 []


Underfull \hbox (badness 118) in paragraph at lines 16--16
 [][] [][]\T1/stix2/m/n/12 Summary of 16 matched bottleneck-versus-LoRA com-par
-isons. Be- 
 []


Tight \hbox (badness 18) in paragraph at lines 16--16
 \T1/stix2/m/n/12 cause the parameter-budget or-der-ing re-verses be-tween back
-bones ([]Ta- 
 []

[10

]
Overfull \hbox (9.2581pt too wide) in paragraph at lines 17--17
 [][] [][]\T1/stix2/m/n/12 Matched-budget cal-i-bra-tion re-sults (av-er-aged o
ver the two pre-registered 
 []


Tight \hbox (badness 1) in paragraph at lines 17--17
 \T1/stix2/m/n/12 bud-get lev-els per back-bone $\LS1/stix2/m/n/12 ù$ \T1/stix2
/m/n/12 head cell). Full per-level num-bers are in 
 []


Loose \hbox (badness 86) in paragraph at lines 18--18
 \T1/stix2/m/n/12 bone dom-i-nates; adapter choice mat-ters far more for ac-cu-
racy ([]sec- 
 []


Tight \hbox (badness 9) in paragraph at lines 19--19
 [][] [][]\T1/stix2/m/n/12 Accuracy versus trainable-parameter budget on the sa
me 5-way 5-shot 
 []


Loose \hbox (badness 4) in paragraph at lines 19--19
 \T1/stix2/m/n/12 episodic protocol. No competing method in this table reports 
macro- 
 []


Loose \hbox (badness 1) in paragraph at lines 23--23
 [][] [][]\T1/stix2/m/n/12 Accuracy, macro-F1, and train-able pa-ram-e-ters for
 all 40 grid con-fig-u- 
 []


Loose \hbox (badness 10) in paragraph at lines 25--25
 [][] [][]\T1/stix2/m/n/12 OOD-detection AU-ROC by pool, pri-mary score per hea
d (vacu-ity for 
 []


Overfull \hbox (12.56458pt too wide) in paragraph at lines 25--25
 \T1/stix2/m/n/12 ev-i-den-tial, MSP for soft-max). ``Near'' lists CIFAR-100-he
ldout for CIFAR- 
 []


Overfull \hbox (0.40141pt too wide) in paragraph at lines 25--25
 \T1/stix2/m/n/12 FS rows and MiniImageNet-heldout for Mini-Im-a-geNet rows ([]
sec-tion 3.1[][]).[] [][]  
 []


Overfull \hbox (5.04538pt too wide) in paragraph at lines 26--26
 \T1/stix2/m/n/12 ``Near'' lists CIFAR-100-heldout for CIFAR-FS rows and MiniIm
ageNet- 
 []

)
\tf@lot=\write8
\openout8 = `main_strict.lot'.

 [11] [12

]
Loose \hbox (badness 5) in paragraph at lines 88--89
[]\T1/stix2/m/n/12 We are sin-cerely grate-ful to our su-per-vi-sor, \T1/stix2/
b/n/12 Shahriar Ivan\T1/stix2/m/n/12 , As-sis-tant Pro-fes-sor, De-
 []


Tight \hbox (badness 1) in paragraph at lines 88--89
\T1/stix2/m/n/12 i-cal feed-back that shaped this the-sis from an ini-tial one-
episode proof of con-cept into
 []


Tight \hbox (badness 7) in paragraph at lines 88--89
\T1/stix2/m/n/12 a full ex-per-i-men-tal study span-ning four-teen de-vel-op-me
nt steps. His will-ing-ness to let
 []


Loose \hbox (badness 4) in paragraph at lines 90--91
\T1/stix2/m/n/12 of Technology, for the environment, coursework, and computing 
support that made
 []


Loose \hbox (badness 6) in paragraph at lines 90--91
\T1/stix2/m/n/12 this research possible, and the faculty members whose courses 
in machine learning
 []


Tight \hbox (badness 31) in paragraph at lines 90--91
\T1/stix2/m/n/12 and probability directly underpin the Bayesian and evidential 
formulations used here. 
 []


Loose \hbox (badness 9) in paragraph at lines 92--93
[]\T1/stix2/m/n/12 This work re-lied heav-ily on freely avail-able cloud com-pu
te: Google Co-lab and Kag-
 []


Tight \hbox (badness 11) in paragraph at lines 92--93
\T1/stix2/m/n/12 gle's Tesla T4 GPU in-stances car-ried es-sen-tially all 120 g
rid runs, the 48-run matched-
 []


Loose \hbox (badness 6) in paragraph at lines 92--93
\T1/stix2/m/n/12 budget ex-per-i-ment, and the ef-fi-ciency bench-mark-ing re-p
orted in this the-sis, at zero
 []


Loose \hbox (badness 63) in paragraph at lines 92--93
\T1/stix2/m/n/12 cost to the de-part-ment. We are grate-ful to the main-tain-er
s of Py-Torch, Weights &
 []


Loose \hbox (badness 68) in paragraph at lines 92--93
\T1/stix2/m/n/12 Bi-ases, and the broader open-source sci-en-tific Python ecosy
s-tem, with-out which a
 []


Loose \hbox (badness 50) in paragraph at lines 94--95
[]\T1/stix2/m/n/12 Finally, we thank our families and friends for their patienc
e during the months in
 []


Loose \hbox (badness 14) in paragraph at lines 94--95
\T1/stix2/m/n/12 which a laptop screen full of ECE numbers seemed, to us, like 
the most interesting
 []

[13

]
Tight \hbox (badness 7) in paragraph at lines 99--100
[]\T1/stix2/m/n/12 Parameter-efficient fine-tuning (PEFT) lets a large pre-trai
ned net-work adapt to a new
 []


Loose \hbox (badness 38) in paragraph at lines 99--100
\T1/stix2/m/n/12 tar-gets Vi-sion Trans-form-ers eval-u-ated on data-rich bench
-marks, leav-ing open how
 []


Tight \hbox (badness 12) in paragraph at lines 99--100
\T1/stix2/m/n/12 ter for edge de-ploy-ment: se-vere data scarcity (few-shot lea
rn-ing) and the re-quire-ment
 []


Loose \hbox (badness 66) in paragraph at lines 99--100
\T1/stix2/m/n/12 that re-ported con-fi-dence be trust-wor-thy. This the-sis stu
d-ies B-PEFT, a frame-work
 []


Tight \hbox (badness 34) in paragraph at lines 99--100
\T1/stix2/m/n/12 full fine-tuning and lin-ear prob-ing as base-lines ^^V is in-
serted into an oth-er-wise frozen,
 []


Loose \hbox (badness 26) in paragraph at lines 99--100
\T1/stix2/m/n/12 ImageNet-pretrained back-bone, and clas-si-fi-ca-tion is per-f
ormed by a parameter-free
 []


Loose \hbox (badness 7) in paragraph at lines 99--100
\T1/stix2/m/n/12 pro-to-type head whose sim-i-lar-ity log-its are read ei-ther 
as or-di-nary soft-max prob-a-bil-
 []


Loose \hbox (badness 7) in paragraph at lines 99--100
\T1/stix2/m/n/12 i-ties or, fol-low-ing Ev-i-den-tial Deep Learn-ing, as ev-i-d
ence for a Dirich-let dis-tri-bu-tion
 []


Tight \hbox (badness 29) in paragraph at lines 99--100
\T1/stix2/m/n/12 neg-li-gi-ble ex-tra in-fer-ence cost. The sys-tem is eval-u-a
ted on 5-way $\LS1/stix2/m/it/12 k$\T1/stix2/m/n/12 -shot episodes from
 []


Tight \hbox (badness 87) in paragraph at lines 99--100
\T1/stix2/m/n/12 Gaus-sian noise, CIFAR-100-heldout, Tiny-Im-a-geNet), mea-sur-
ing ac-cu-racy, cal-i-bra-tion
 []


Underfull \hbox (badness 123) in paragraph at lines 99--100
\T1/stix2/m/n/12 FPR at 95% true-positive rate) over a bal-anced 120-run grid c
ross-ing dataset, shot
 []


Loose \hbox (badness 3) in paragraph at lines 99--100
\T1/stix2/m/n/12 count, back-bone, adapter, and head in-ter-pre-ta-tion. Four i
ni-tial, comparison-framed
 []


Loose \hbox (badness 97) in paragraph at lines 99--100
\T1/stix2/m/n/12 ev-i-den-tial head cal-i-brate bet-ter than soft-max un-der a 
tiny pa-ram-e-ter bud-get; does
 []


Loose \hbox (badness 27) in paragraph at lines 99--100
\T1/stix2/m/n/12 the ev-i-den-tial ob-jec-tive im-prove near-out-of-distributio
n de-tec-tion; and what is the
 []


Tight \hbox (badness 1) in paragraph at lines 99--100
\T1/stix2/m/n/12 latency-versus-uncertainty-quality trade-off ^^V were each an-
swered on the grid, but a
 []


Loose \hbox (badness 2) in paragraph at lines 99--100
\T1/stix2/m/n/12 lit-er-a-ture au-dit found three of the four sub-stan-tially a
n-tic-i-pated by prior work. This
 []


Tight \hbox (badness 76) in paragraph at lines 99--100
\T1/stix2/m/n/12 mo-ti-vated a sec-ond, attribution-framed set of ques-tions as
ked over the same data: how
 []


Loose \hbox (badness 66) in paragraph at lines 99--100
\T1/stix2/m/n/12 served un-cer-tainty ben-e-fit is pro-duced by the train-ing o
b-jec-tive or by the post-hoc
 []


Tight \hbox (badness 1) in paragraph at lines 99--100
\T1/stix2/m/n/12 scor-ing rule; whether adapter ar-chi-tec-ture or trainable-pa
rameter bud-get gov-erns ac-
 []


Loose \hbox (badness 20) in paragraph at lines 99--100
\T1/stix2/m/n/12 cu-racy and cal-i-bra-tion; and whether the ev-i-den-tial head
's cal-i-bra-tion deficit can be
 []


Underfull \hbox (badness 108) in paragraph at lines 99--100
\T1/stix2/m/n/12 re-me-di-ated af-ter train-ing with-out de-stroy-ing its rank-
ing qual-ity. A pre-registered,
 []


Loose \hbox (badness 51) in paragraph at lines 99--100
\T1/stix2/m/n/12 matched-parameter-budget follow-up ex-per-i-ment re-solves the
 hard-est of these: ac-
 []


Tight \hbox (badness 1) in paragraph at lines 99--100
\T1/stix2/m/n/12 cu-racy and near-out-of-distribution de-tec-tion track adapter
 ar-chi-tec-ture re-gard-less of
 []


Loose \hbox (badness 1) in paragraph at lines 99--100
\T1/stix2/m/n/12 which adapter holds the larger pa-ram-e-ter bud-get, while the
 cal-i-bra-tion gap be-tween
 []


Tight \hbox (badness 2) in paragraph at lines 99--100
\T1/stix2/m/n/12 adapters is in-trin-sic to the back-bone rather than to the bu
d-get. The ev-i-den-tial head is
 []


Tight \hbox (badness 48) in paragraph at lines 99--100
\T1/stix2/m/n/12 shown to be a sub-stan-tially bet-ter out-of-distribution rank
er than softmax-probability-
 []


Tight \hbox (badness 9) in paragraph at lines 99--100
\T1/stix2/m/n/12 based scores, though a training-free en-ergy score still ranks
 bet-ter than it in most con-
 []


Tight \hbox (badness 89) in paragraph at lines 99--100
\T1/stix2/m/n/12 fig-u-ra-tions, and its cal-i-bra-tion deficit can be re-duced
 by two or-ders of mag-ni-tude fewer
 []


Tight \hbox (badness 1) in paragraph at lines 99--100
\T1/stix2/m/n/12 ters on a held-out split ^^V while pre-serv-ing its rank-ing q
ual-ity in the large ma-jor-ity of
 []

[14

] [15]
Chapter 1.

Tight \hbox (badness 25) in paragraph at lines 110--111
\T1/stix2/m/n/12 This the-sis is a con-trolled study of which de-sign choices g
ov-ern which as-pects of re-li-a-
 []


Tight \hbox (badness 1) in paragraph at lines 110--111
\T1/stix2/m/n/12 bil-ity in a parameter-efficient, few-shot vi-sion sys-tem. No
 sin-gle de-sign choice makes
 []


Loose \hbox (badness 1) in paragraph at lines 110--111
\T1/stix2/m/n/12 ping this the-sis es-tab-lishes, elab-o-rated and ev-i-denced 
fully in []chap-ter 5[][] and re-stated
 []


Tight \hbox (badness 25) in paragraph at lines 131--132
\T1/stix2/m/n/12 Deep convolutional networks pretrained on large image corpora 
such as ImageNet [[]9[]]
 []


Loose \hbox (badness 52) in paragraph at lines 131--132
\T1/stix2/m/n/12 learn feature representations that transfer well to new visual
 tasks. The dominant
 []


Loose \hbox (badness 1) in paragraph at lines 131--132
\T1/stix2/m/n/12 way to reuse such a network is fine-tuning: continuing gradien
t descent on all of its
 []


Loose \hbox (badness 53) in paragraph at lines 131--132
\T1/stix2/m/n/12 parameters using data from the new task. Fine-tuning a modern 
backbone end to
 []


Loose \hbox (badness 32) in paragraph at lines 131--132
\T1/stix2/m/n/12 end, however, means updating millions of parameters, which is 
wasteful when the
 []


Loose \hbox (badness 4) in paragraph at lines 131--132
\T1/stix2/m/n/12 downstream task provides only a handful of labelled examples, 
and risky, because a
 []


Tight \hbox (badness 40) in paragraph at lines 131--132
\T1/stix2/m/n/12 model with millions of degrees of freedom and tens of images t
o learn from will overfit
 []


Loose \hbox (badness 3) in paragraph at lines 131--132
\T1/stix2/m/n/12 almost by construction. This is precisely the regime of \T1/st
ix2/m/it/12 few-shot learning\T1/stix2/m/n/12 : given only
 []


Loose \hbox (badness 20) in paragraph at lines 131--132
\LS1/stix2/m/it/12 k$ \T1/stix2/m/n/12 labelled examples per class (typically $
\LS1/stix2/m/it/12 k \LS1/stix2/m/n/12 À ^1\LS1/stix2/m/it/12 ; \LS1/stix2/m/n/
12 5`$\T1/stix2/m/n/12 ), the model must classify unseen
 []

[1


]
Tight \hbox (badness 34) in paragraph at lines 133--134
[]\T1/stix2/m/n/12 Parameter-Efficient Fine-Tuning (PEFT) re-sponds to this pro
b-lem by freez-ing the pre-
 []


Tight \hbox (badness 11) in paragraph at lines 133--134
\T1/stix2/m/n/12 trained back-bone en-tirely and in-sert-ing a small num-ber of
 train-able pa-ram-e-ters ^^V an
 []


Loose \hbox (badness 14) in paragraph at lines 133--134
\T1/stix2/m/it/12 adapter \T1/stix2/m/n/12 ^^V that re-shapes the back-bone's f
ea-tures for the new task. Adapters of this
 []


Loose \hbox (badness 38) in paragraph at lines 133--134
\T1/stix2/m/n/12 kind, first pop-u-larised for natural-language trans-form-ers 
by Houlsby, Giurgiu, Jas-
 []


Loose \hbox (badness 2) in paragraph at lines 133--134
\T1/stix2/m/n/12 trz¶b-ski, \T1/stix2/m/it/12 et al. \T1/stix2/m/n/12 [[]21[]] 
and later re-fined into low-rank (Hu, Shen, Wal-lis, \T1/stix2/m/it/12 et al. \
T1/stix2/m/n/12 [[]23[]]) and
 []


Loose \hbox (badness 11) in paragraph at lines 133--134
\T1/stix2/m/n/12 bias-only (Ben-Zaken, Rav-fo-gel, and Gold-berg [[]2[]]) vari-
ants, can match or ap-proach
 []


Loose \hbox (badness 3) in paragraph at lines 133--134
\T1/stix2/m/n/12 full fine-tuning ac-cu-racy while train-ing a frac-tion of a p
er-cent of the back-bone's pa-
 []


Loose \hbox (badness 28) in paragraph at lines 133--134
\T1/stix2/m/n/12 ram-e-ters. Al-most all of this lit-er-a-ture, how-ever, was b
uilt for and eval-u-ated on Vi-
 []


Tight \hbox (badness 9) in paragraph at lines 133--134
\T1/stix2/m/n/12 sion Trans-form-ers on data-rich bench-marks; how the same ide
a be-haves in-side a \T1/stix2/m/it/12 con-
 []


Loose \hbox (badness 2) in paragraph at lines 133--134
\T1/stix2/m/it/12 vo-lu-tional \T1/stix2/m/n/12 ar-chi-tec-ture, un-der \T1/sti
x2/m/it/12 few-shot \T1/stix2/m/n/12 data scarcity, is com-par-a-tively un-ex-p
lored ^^V
 []


Loose \hbox (badness 57) in paragraph at lines 133--134
\T1/stix2/m/n/12 de-spite con-vo-lu-tional net-works re-main-ing the prac-ti-ca
l choice for any de-ploy-ment
 []


Tight \hbox (badness 4) in paragraph at lines 135--136
\T1/stix2/m/n/12 ac-cu-rate; in any set-ting where its out-put in-forms a down-
stream de-ci-sion ^^V a med-i-cal
 []


Loose \hbox (badness 43) in paragraph at lines 135--136
\T1/stix2/m/n/12 triage sug-ges-tion, an au-tonomous sys-tem's fall-back trig-g
er ^^V the clas-si-fier's stated
 []


Loose \hbox (badness 25) in paragraph at lines 135--136
\T1/stix2/m/n/12 con-fi-dence needs to mean some-thing. A model that re-ports `
`95% con-fi-dent'' while
 []


Loose \hbox (badness 14) in paragraph at lines 135--136
\T1/stix2/m/n/12 be-ing cor-rect only 60% of the time is \T1/stix2/m/it/12 mis-
cal-i-brated\T1/stix2/m/n/12 , and Guo, Pleiss, Sun, \T1/stix2/m/it/12 et al. \
T1/stix2/m/n/12 [[]15[]]
 []


Tight \hbox (badness 2) in paragraph at lines 135--136
\T1/stix2/m/n/12 showed that mod-ern, high-capacity neu-ral net-works are mis-c
al-i-brated by de-fault, be-
 []


Loose \hbox (badness 24) in paragraph at lines 135--136
\T1/stix2/m/n/12 com-ing more con-fi-dent as they be-come more ac-cu-rate rathe
r than more hon-est. A
 []


Loose \hbox (badness 39) in paragraph at lines 135--136
\T1/stix2/m/n/12 closely re-lated but dis-tinct re-quire-ment is out-of-distrib
ution (OOD) de-tec-tion: the
 []


Tight \hbox (badness 8) in paragraph at lines 135--136
\T1/stix2/m/n/12 rather than a con-fi-dent wrong an-swer [[]19[]]. Stan-dard so
ft-max clas-si-fiers are known to
 []


Tight \hbox (badness 63) in paragraph at lines 135--136
\T1/stix2/m/n/12 pro-duce over-con-fi-dent, poorly sep-a-rated out-puts for ex-
actly this case. Ev-i-den-tial Deep
 []


Tight \hbox (badness 4) in paragraph at lines 135--136
\T1/stix2/m/n/12 Learn-ing (EDL), in-tro-duced by Sen-soy, Ka-plan, and Kan-dem
ir [[]48[]], of-fers an al-ter-na-
 []


Tight \hbox (badness 4) in paragraph at lines 135--136
\T1/stix2/m/n/12 out-puts the pa-ram-e-ters of a Dirich-let dis-tri-bu-tion \T1
/stix2/m/it/12 over \T1/stix2/m/n/12 class prob-a-bil-i-ties, from which
 []


Loose \hbox (badness 2) in paragraph at lines 135--136
\T1/stix2/m/n/12 both a pre-dic-tion and a prin-ci-pled mea-sure of epis-temic 
un-cer-tainty (how much ev-
 []


Loose \hbox (badness 75) in paragraph at lines 135--136
\T1/stix2/m/n/12 i-dence the net-work has ac-tu-ally seen, as op-posed to how s
harply it hap-pens to be
 []


Loose \hbox (badness 18) in paragraph at lines 135--136
\T1/stix2/m/n/12 guess-ing) can be read off in a sin-gle de-ter-min-is-tic for-
ward pass ^^V no sam-pling, no
 []


Loose \hbox (badness 1) in paragraph at lines 137--138
[]\T1/stix2/m/n/12 This the-sis sits at the in-ter-sec-tion of these three line
s of work ^^V parameter-efficient
 []


Loose \hbox (badness 79) in paragraph at lines 137--138
\T1/stix2/m/n/12 adap-ta-tion, con-vo-lu-tional (rather than trans-former) back
-bones, and ev-i-den-tial un-
 []


Loose \hbox (badness 50) in paragraph at lines 137--138
\T1/stix2/m/n/12 cer-tainty ^^V un-der the added con-straint of few-shot data s
carcity, and asks a ques-
 []


Loose \hbox (badness 1) in paragraph at lines 137--138
\T1/stix2/m/n/12 tion none of the in-di-vid-ual lit-er-a-tures an-swer on its o
wn: \T1/stix2/m/it/12 when a lightweight CNN is
 []


Loose \hbox (badness 3) in paragraph at lines 137--138
\T1/stix2/m/it/12 adapted to a new task us-ing only a hand-ful of ex-am-ples an
d a few thou-sand train-able
 []


Loose \hbox (badness 3) in paragraph at lines 137--138
\T1/stix2/m/it/12 pa-ram-e-ters, does an ev-i-den-tial un-cer-tainty mech-a-nis
m ac-tu-ally de-liver more trust-wor-
 []

[2]
Tight \hbox (badness 89) in paragraph at lines 141--142
\T1/stix2/m/n/12 two ways this hap-pens. A model can be ac-cu-rate over-all whi
le be-ing con-fi-dently \T1/stix2/m/it/12 wrong
 []


Tight \hbox (badness 21) in paragraph at lines 141--142
\T1/stix2/m/n/12 on a spe-cific known-class in-put (mis-cal-i-bra-tion ^^V its 
stated con-fi-dence does not track
 []


Loose \hbox (badness 7) in paragraph at lines 141--142
\T1/stix2/m/n/12 its ac-tual cor-rect-ness), and it can be ac-cu-rate on the cl
asses it recog-nises while pro-
 []


Tight \hbox (badness 1) in paragraph at lines 141--142
\T1/stix2/m/n/12 duc-ing an equally con-fi-dent an-swer for an in-put from a cl
ass it was never de-signed to
 []


Tight \hbox (badness 73) in paragraph at lines 141--142
\T1/stix2/m/n/12 which is ex-actly why this the-sis mea-sures cal-i-bra-tion an
d out-of-distribution de-tec-tion
 []

<figures/D1_accuracy_vs_reliability.png, id=614, 294.8616pt x 128.6406pt>
File: figures/D1_accuracy_vs_reliability.png Graphic file (type png)
<use figures/D1_accuracy_vs_reliability.png>
Package pdftex.def Info: figures/D1_accuracy_vs_reliability.png  used on input 
line 145.
(pdftex.def)             Requested size: 320.0935pt x 139.65604pt.

Tight \hbox (badness 50) in paragraph at lines 146--146
[]\T1/stix2/b/n/12 Figure 1.1: |\T1/stix2/m/n/12 Ac-cu-racy is not re-li-a-bil-
ity. Left: a known-class in-put, con-fi-dently mis-clas-
 []


Loose \hbox (badness 94) in paragraph at lines 150--151
 []\T1/stix2/b/n/12 Parameter inefficiency.[] \T1/stix2/m/n/12 Full fine-tuning
 of a CNN on a small few-shot dataset
 []


Tight \hbox (badness 1) in paragraph at lines 150--151
\T1/stix2/m/n/12 causes catastrophic forgetting of the pretrained representatio
n and severe overfitting:
 []


Loose \hbox (badness 42) in paragraph at lines 150--151
\T1/stix2/m/n/12 has essentially no statistical basis for its updates. A parame
ter-efficient alternative
 []


Loose \hbox (badness 10) in paragraph at lines 150--151
\T1/stix2/m/n/12 must be found that adapts the backbone's features without retr
aining the backbone
 []


Overfull \hbox (5.78328pt too wide) in paragraph at lines 152--153
 []\T1/stix2/b/n/12 The re-li-a-bil-ity gap.[] \T1/stix2/m/n/12 Stan-dard PEFT 
meth-ods in-herit what-ever con-fi-dence be-haviour
 []


Loose \hbox (badness 100) in paragraph at lines 152--153
\T1/stix2/m/n/12 the base model ex-hibits, and typ-i-cally re-port only ac-cu-r
acy. A PEFT method that
 []


Loose \hbox (badness 30) in paragraph at lines 152--153
\T1/stix2/m/n/12 reaches high ac-cu-racy while re-main-ing silently over-con-fi
-dent, or un-able to flag in-
 []


Tight \hbox (badness 35) in paragraph at lines 152--153
\T1/stix2/m/n/12 puts from classes it was never de-signed to recog-nise, is not
 safe to de-ploy in any set-ting
 []

[3 <./figures/D1_accuracy_vs_reliability.png>]
Tight \hbox (badness 4) in paragraph at lines 154--155
\T1/stix2/m/n/12 sion Trans-form-ers [[]7[]], [[]25[]], [[]26[]], [[]35[]], [[]
64[]]. CNNs have dif-fer-ent struc-tural prop-er-ties
 []


Loose \hbox (badness 77) in paragraph at lines 154--155
\T1/stix2/m/n/12 from trans-form-ers: lo-cal-ity, trans-la-tion in-vari-ance, a
nd a hi-er-ar-chi-cal (rather than
 []


Loose \hbox (badness 15) in paragraph at lines 154--155
\T1/stix2/m/n/12 glob-ally at-ten-tive) fea-ture ex-trac-tion pro-cess. How an 
adapter in-ter-acts with a con-
 []


Loose \hbox (badness 78) in paragraph at lines 154--155
\T1/stix2/m/n/12 vo-lu-tional block ^^V where it should be placed, and what for
m it should take ^^V is
 []


Tight \hbox (badness 6) in paragraph at lines 154--155
\T1/stix2/m/n/12 Tao, Zhang, \T1/stix2/m/it/12 et al. \T1/stix2/m/n/12 [[]6[]];
 Aleem, Di-etlmeier, Arazo, \T1/stix2/m/it/12 et al. \T1/stix2/m/n/12 [[]1[]]; 
Zhong, Tang, He, \T1/stix2/m/it/12 et al. \T1/stix2/m/n/12 [[]66[]])
 []


Tight \hbox (badness 73) in paragraph at lines 154--155
\T1/stix2/m/n/12 rarely com-bine it with an uncertainty-aware train-ing ob-jec-
tive or a rig-or-ous OOD eval-
 []


Tight \hbox (badness 1) in paragraph at lines 177--178
\T1/stix2/m/n/12 The project's initial research proposal posed four comparison-
style questions, each of
 []


Loose \hbox (badness 1) in paragraph at lines 177--178
\T1/stix2/m/n/12 the form ``does approach A outperform approach B'' (adapter pl
acement, evidential-
 []


Tight \hbox (badness 15) in paragraph at lines 177--178
\T1/stix2/m/n/12 literature check was carried out against each one, and found t
hat three of the four had
 []


Loose \hbox (badness 4) in paragraph at lines 177--178
\T1/stix2/m/n/12 close, sometimes near-identical, precedent in prior work: the 
placement question is
 []


Loose \hbox (badness 3) in paragraph at lines 177--178
\T1/stix2/m/n/12 answered in essentially the same direction, on the same frozen
 ResNet-18 backbone
 []


Loose \hbox (badness 26) in paragraph at lines 177--178
\T1/stix2/m/n/12 and protocol, by Li, Liu, and Bilen [[]34[]]; the near-OOD cla
im is the standard, well-
 []


Loose \hbox (badness 56) in paragraph at lines 177--178
\T1/stix2/m/n/12 established evidential-learning result once the comparison is 
restricted to softmax-
 []


Tight \hbox (badness 19) in paragraph at lines 177--178
\T1/stix2/m/n/12 probability baselines; and the Pareto-frontier reporting style
 is a presentational device
 []


Loose \hbox (badness 12) in paragraph at lines 177--178
\T1/stix2/m/n/12 rather than a novel finding. This motivated reframing the unde
rlying experimental
 []


Tight \hbox (badness 12) in paragraph at lines 177--178
\T1/stix2/m/n/12 four \T1/stix2/m/it/12 attribution\T1/stix2/m/n/12 -style ques
tions, which ask not which of two options is better but \T1/stix2/m/it/12 what
 []


Loose \hbox (badness 3) in paragraph at lines 177--178
\T1/stix2/m/it/12 governs the outcome \T1/stix2/m/n/12 across the full space of
 design choices. No experiment from the
 []


Loose \hbox (badness 10) in paragraph at lines 177--178
\T1/stix2/m/n/12 original four questions is discarded; each is folded into the 
discussion of whichever
 []


Loose \hbox (badness 12) in paragraph at lines 177--178
\T1/stix2/m/n/12 of the four questions below it now serves as evidence for ([]s
ection 5.8[][] and []chapter 5[][]
 []

[4]
Loose \hbox (badness 3) in paragraph at lines 180--181
\T1/stix2/m/n/12 come dis-tributed across the prin-ci-pal de-sign axes of a par
ameter-efficient few-
 []


Loose \hbox (badness 16) in paragraph at lines 180--181
\T1/stix2/m/n/12 shot clas-si-fi-ca-tion sys-tem ^^V dataset, shot count, back-
bone, adapter type, and
 []


Loose \hbox (badness 27) in paragraph at lines 181--182
\T1/stix2/m/n/12 the scor-ing rule? More pre-cisely: is OOD-detection per-for-m
ance at-tributable
 []


Loose \hbox (badness 31) in paragraph at lines 181--182
\T1/stix2/m/n/12 soft-max), or to the post-hoc scor-ing rule by which its out-p
uts are read (vacu-
 []


Loose \hbox (badness 2) in paragraph at lines 181--182
\T1/stix2/m/n/12 ity, max-i-mum soft-max prob-a-bil-ity, or en-ergy) ^^V and ca
n the two be sep-a-rated
 []


Loose \hbox (badness 64) in paragraph at lines 182--183
[]\T1/stix2/m/n/12 Does ac-cu-racy fol-low adapter ar-chi-tec-ture, and cal-i-b
ra-tion fol-low pa-ram-e-ter
 []


Loose \hbox (badness 8) in paragraph at lines 182--183
\T1/stix2/m/n/12 bud-get? More pre-cisely: within the adapter axis, are ac-cu-r
acy and cal-i-bra-tion
 []


Overfull \hbox (7.00208pt too wide) in paragraph at lines 182--183
\T1/stix2/m/n/12 gov-erned by the same prop-erty of an adapter, or does ac-cu-r
acy fol-low the adapter's
 []


Tight \hbox (badness 28) in paragraph at lines 182--183
\T1/stix2/m/it/12 ar-chi-tec-ture \T1/stix2/m/n/12 while cal-i-bra-tion fol-low
s its trainable-\T1/stix2/m/it/12 parameter bud-get \T1/stix2/m/n/12 ^^V or som
e-
 []


Loose \hbox (badness 3) in paragraph at lines 183--184
[]\T1/stix2/m/n/12 Can ev-i-den-tial cal-i-bra-tion be re-paired af-ter train-i
ng, with-out break-ing out-of-
 []


Tight \hbox (badness 1) in paragraph at lines 183--184
\T1/stix2/m/n/12 distribution de-tec-tion? More pre-cisely: can the cal-i-bra-t
ion of an ev-i-den-tial pro-
 []


Loose \hbox (badness 1) in paragraph at lines 183--184
\T1/stix2/m/n/12 to-type head be im-proved af-ter train-ing, by re-fit-ting onl
y the two pa-ram-e-ters of
 []

[5]
<figures/F1_research_roadmap.png, id=657, 482.7636pt x 179.2296pt>
File: figures/F1_research_roadmap.png Graphic file (type png)
<use figures/F1_research_roadmap.png>
Package pdftex.def Info: figures/F1_research_roadmap.png  used on input line 20
7.
(pdftex.def)             Requested size: 405.45047pt x 150.52994pt.

Loose \hbox (badness 10) in paragraph at lines 208--208
\T1/stix2/m/n/12 which design choice governs which reliability aspect ^^V each 
resolved by a specific,
 []


Underfull \hbox (badness 135) in paragraph at lines 216--217
 []\T1/stix2/b/n/12 Confounded com-par-isons.[] \T1/stix2/m/n/12 A naive com-pa
r-i-son be-tween two adapter types, or
 []


Loose \hbox (badness 9) in paragraph at lines 216--217
\T1/stix2/m/n/12 two back-bones, is rarely a com-par-i-son of one prop-erty at 
a time: a larger adapter is
 []


Tight \hbox (badness 20) in paragraph at lines 216--217
\T1/stix2/m/n/12 usu-ally also a dif-fer-ent \T1/stix2/m/it/12 kind \T1/stix2/m
/n/12 of adapter, and a more ac-cu-rate back-bone is usu-ally also a
 []


Tight \hbox (badness 1) in paragraph at lines 216--217
\T1/stix2/m/n/12 larger one. Dis-en-tan-gling ar-chi-tec-ture from pa-ram-e-ter
 bud-get ^^V the cen-tral con-cern
 []


Tight \hbox (badness 72) in paragraph at lines 216--217
\T1/stix2/m/n/12 of RQ3 ^^V re-quired first iden-ti-fy-ing a struc-tural co-in-
ci-dence in the grid (the parameter-
 []


Tight \hbox (badness 1) in paragraph at lines 216--217
\T1/stix2/m/n/12 budget or-der-ing of two adapters re-verses be-tween the two b
ack-bones used) and then,
 []


Tight \hbox (badness 1) in paragraph at lines 216--217
\T1/stix2/m/n/12 be-cause that co-in-ci-dence alone could not fully sep-a-rate 
the two ex-pla-na-tions, de-sign-
 []

[6 <./figures/F1_research_roadmap.png>]
Tight \hbox (badness 13) in paragraph at lines 218--219
 []\T1/stix2/b/n/12 The evidential-collapse fail-ure mode.[] \T1/stix2/m/n/12 E
arly in de-vel-op-ment, a spe-cific and easy-
 []


Overfull \hbox (7.74014pt too wide) in paragraph at lines 218--219
\T1/stix2/m/n/12 to-miss nu-mer-i-cal fail-ure oc-curred: the raw sim-i-lar-ity
 log-its pro-duced by the parameter-
 []


Loose \hbox (badness 5) in paragraph at lines 218--219
\T1/stix2/m/n/12 free pro-to-type head are large and neg-a-tive, so pass-ing th
em di-rectly through the ev-
 []


Loose \hbox (badness 1) in paragraph at lines 218--219
\T1/stix2/m/n/12 i-den-tial map-ping's non-linearity col-lapsed all ev-i-dence 
to zero, pro-duc-ing a uni-form
 []


Loose \hbox (badness 1) in paragraph at lines 218--219
\T1/stix2/m/n/12 Dirich-let dis-tri-bu-tion and dead train-ing gra-di-ents re-g
ard-less of the in-put. This is ex-
 []


Loose \hbox (badness 41) in paragraph at lines 218--219
\T1/stix2/m/n/12 actly the kind of fail-ure the project's gov-ern-ing im-ple-me
n-ta-tion guid-ance warns to
 []


Underfull \hbox (badness 117) in paragraph at lines 218--219
\T1/stix2/m/n/12 tested ^^V and its fix (an affine rescal-ing of the log-its be
-fore the non-linearity, []sec-
 []


Tight \hbox (badness 2) in paragraph at lines 220--221
 []\T1/stix2/b/n/12 Reproducibility un-der a small-sample, high-variance regime
.[] \T1/stix2/m/n/12 Few-shot ac-cu-
 []


Tight \hbox (badness 2) in paragraph at lines 220--221
\T1/stix2/m/n/12 racy is mea-sured over episodes sam-pled from a small pool of 
classes, so a sin-gle train-
 []


Tight \hbox (badness 15) in paragraph at lines 220--221
\T1/stix2/m/n/12 ing run's re-sult can be an arte-fact of which classes hap-pen
ed to be sam-pled for eval-u-a-
 []


Tight \hbox (badness 12) in paragraph at lines 222--223
\T1/stix2/m/n/12 was com-pet-i-tive with the en-ergy score did not sur-vive a f
ull 120-run grid ([]sec-tion 5.4[][]);
 []


Loose \hbox (badness 4) in paragraph at lines 222--223
\T1/stix2/m/n/12 a con-trolled rank sweep ([]sec-tion 5.5[][]) ^^V this the-sis
 re-ports cor-rected find-ings along-
 []


Tight \hbox (badness 9) in paragraph at lines 222--223
\T1/stix2/m/n/12 side the rea-son-ing that pro-duced the cor-rec-tion, rather t
han pre-sent-ing only the fi-nal,
 []


Loose \hbox (badness 2) in paragraph at lines 229--230
[]\T1/stix2/m/n/12 A work-ing B-PEFT sys-tem ^^V a frozen, ImageNet-pretrained 
lightweight CNN
 []


Loose \hbox (badness 83) in paragraph at lines 229--230
\T1/stix2/m/n/12 back-bone (ResNet-18 or MobileNetV3-Small), a choice of parame
ter-efficient
 []


Loose \hbox (badness 27) in paragraph at lines 229--230
\T1/stix2/m/n/12 adapter (bot-tle-neck, LoRA, or Bit-Fit, with full fine-tuning
 and lin-ear prob-ing
 []


Tight \hbox (badness 10) in paragraph at lines 229--230
\T1/stix2/m/n/12 as non-PEFT base-lines), and a parameter-free pro-to-type head
 whose out-put can
 []


Tight \hbox (badness 13) in paragraph at lines 229--230
\T1/stix2/m/n/12 be read as ei-ther soft-max prob-a-bil-i-ties or Dirich-let ev
-i-den-tial un-cer-tainty ^^V im-
 []


Tight \hbox (badness 33) in paragraph at lines 229--230
\T1/stix2/m/n/12 ple-mented as a re-pro-ducible, config-driven code-base with d
e-ter-min-is-tic seed-ing
 []

[7]
Loose \hbox (badness 26) in paragraph at lines 230--231
[]\T1/stix2/m/n/12 A bal-anced, 120-run ex-per-i-men-tal grid (40 con-fig-u-ra-
tions $\LS1/stix2/m/n/12 ù$ \T1/stix2/m/n/12 3 seeds) cross-ing
 []


Loose \hbox (badness 86) in paragraph at lines 230--231
\T1/stix2/m/n/12 ter-pre-ta-tions, eval-u-ated for ac-cu-racy, macro-F1, two ca
l-i-bra-tion met-rics, and
 []


Loose \hbox (badness 27) in paragraph at lines 230--231
\T1/stix2/m/n/12 OOD AU-ROC/FPR@95 against five OOD pools ^^V to our knowl-edge
 the first
 []


Overfull \hbox (26.3292pt too wide) in paragraph at lines 230--231
\T1/stix2/m/n/12 fac-to-rial de-sign of this breadth ap-plied to a parameter-ef
ficient, few-shot, uncertainty-
 []


Underfull \hbox (badness 200) in paragraph at lines 230--231
\T1/stix2/m/n/12 aware CNN sys-tem, per-mit-ting a for-mal vari-ance de-com-po-
si-tion (RQ1) that
 []


Loose \hbox (badness 4) in paragraph at lines 231--232
\T1/stix2/m/n/12 48-run matched-budget ex-per-i-ment that equalises the two ada
pters' trainable-
 []


Tight \hbox (badness 98) in paragraph at lines 231--232
\T1/stix2/m/n/12 parameter counts within each back-bone ^^V clos-ing an iden-ti
-fi-ca-tion gap the base
 []


Loose \hbox (badness 63) in paragraph at lines 232--233
[]\T1/stix2/m/n/12 A cross-factorial sep-a-ra-tion (RQ2) of the train-ing ob-je
c-tive (ev-i-den-tial ver-sus
 []


Loose \hbox (badness 55) in paragraph at lines 232--233
\T1/stix2/m/n/12 soft-max) from the OOD scor-ing rule (vacu-ity, max-i-mum soft
-max prob-a-bil-ity,
 []


Overfull \hbox (4.4533pt too wide) in paragraph at lines 232--233
\T1/stix2/m/n/12 temperature-scaled max-i-mum soft-max prob-a-bil-ity, or en-er
gy) ap-plied to it, show-
 []


Tight \hbox (badness 78) in paragraph at lines 232--233
\T1/stix2/m/n/12 ing that the scor-ing rule ^^V not the train-ing ob-jec-tive ^
^V ac-counts for roughly two
 []


Loose \hbox (badness 5) in paragraph at lines 232--233
\T1/stix2/m/n/12 to three or-ders of mag-ni-tude more OOD-detection vari-ance o
n far-OOD pools
 []


Loose \hbox (badness 71) in paragraph at lines 232--233
\T1/stix2/m/n/12 (42.69% ver-sus 0.17% $\LS1/stix2/m/it/12 ^^Q[]$\T1/stix2/m/n/
12 ), a con-found present, by the eval-u-ated de-sign's own
 []


Tight \hbox (badness 38) in paragraph at lines 233--234
[]\T1/stix2/m/n/12 A demonstration (RQ4) that the evidential head's calibration
 deficit, established
 []


Tight \hbox (badness 16) in paragraph at lines 233--234
\T1/stix2/m/n/12 across the grid, can be substantially reduced by refitting onl
y two parameters on
 []


Tight \hbox (badness 28) in paragraph at lines 233--234
\T1/stix2/m/n/12 a held-out validation split, at a cost several orders of magni
tude smaller than the
 []


Loose \hbox (badness 36) in paragraph at lines 234--235
[]\T1/stix2/m/n/12 An hon-est cor-rec-tion record: three find-ings from ear-lie
r stages of the project
 []


Loose \hbox (badness 7) in paragraph at lines 234--235
\T1/stix2/m/n/12 (an early evidential-versus-energy par-ity claim, an ap-par-en
t interior-optimum
 []


Loose \hbox (badness 7) in paragraph at lines 234--235
\T1/stix2/m/n/12 in calibration-versus-budget, and a mis-scoped ex-ter-nal ci-t
a-tion) are ex-plic-itly
 []


Loose \hbox (badness 16) in paragraph at lines 234--235
\T1/stix2/m/n/12 su-per-seded in this the-sis by later, more rig-or-ous ex-per-
i-ments, with the su-per-
 []


Overfull \hbox (3.99614pt too wide) in paragraph at lines 239--240
[]\T1/stix2/m/n/12 chapter 2[][] sur-veys the five bod-ies of lit-er-a-ture thi
s the-sis draws on ^^V parameter-efficient
 []


Underfull \hbox (badness 122) in paragraph at lines 239--240
\T1/stix2/m/n/12 fine-tuning, ev-i-den-tial and Bayesian deep learn-ing, cal-i-
bra-tion, out-of-distribution
 []


Overfull \hbox (1.13545pt too wide) in paragraph at lines 239--240
\T1/stix2/m/n/12 de-tec-tion, and few-shot learn-ing ^^V and po-si-tions this t
he-sis's clos-est prior work. []chap-
 []


Loose \hbox (badness 1) in paragraph at lines 239--240
\T1/stix2/m/n/12 ter 3[][] de-fines the datasets, back-bones, episodic pro-to-c
ol, and eval-u-a-tion met-rics used
 []


Loose \hbox (badness 34) in paragraph at lines 239--240
\T1/stix2/m/n/12 through-out. []chap-ter 4[][] de-scribes the B-PEFT sys-tem it
-self: the adapters, the pro-to-
 []


Loose \hbox (badness 9) in paragraph at lines 239--240
\T1/stix2/m/n/12 type head and its two in-ter-pre-ta-tions, the ev-i-den-tial t
rain-ing ob-jec-tive, the post-hoc
 []


Loose \hbox (badness 2) in paragraph at lines 239--240
\T1/stix2/m/n/12 re-cal-i-bra-tion mech-a-nism, and the de-sign of the ex-per-i
-men-tal grid and the matched-
 []


Tight \hbox (badness 47) in paragraph at lines 239--240
\T1/stix2/m/n/12 nal re-search ques-tions and then for the four at-tri-bu-tion 
ques-tions that su-per-sede them
 []


Loose \hbox (badness 1) in paragraph at lines 239--240
\T1/stix2/m/n/12 com-pa-ra-ble pub-lished work and a state-ment of the study's 
lim-i-ta-tions. []chap-ter 6[][] re-
 []


Tight \hbox (badness 1) in paragraph at lines 239--240
\T1/stix2/m/n/12 and pro-poses con-crete fu-ture work. []Ap-pendix A[][] re-pro
-duces the full 40-configuration
 []

[8] [9]
Chapter 2.

Overfull \hbox (4.17618pt too wide) in paragraph at lines 247--248
\T1/stix2/m/n/12 This the-sis com-bines five bod-ies of work that are usu-ally 
stud-ied sep-a-rately: parameter-
 []


Tight \hbox (badness 8) in paragraph at lines 247--248
\T1/stix2/m/n/12 efficient fine-tuning, Bayesian and ev-i-den-tial deep learn-i
ng, cal-i-bra-tion of neu-ral net-
 []


Loose \hbox (badness 30) in paragraph at lines 247--248
\T1/stix2/m/n/12 work con-fi-dence, out-of-distribution de-tec-tion, and few-sh
ot learn-ing. Each is sur-
 []


Loose \hbox (badness 4) in paragraph at lines 247--248
\T1/stix2/m/n/12 veyed in turn be-low, or-gan-ised around the spe-cific de-sign
 de-ci-sion it in-forms rather
 []


Loose \hbox (badness 6) in paragraph at lines 247--248
\T1/stix2/m/n/12 than as an an-no-tated list, be-fore []sec-tion 2.7[][] po-si-
tions this the-sis di-rectly against the
 []


Loose \hbox (badness 55) in paragraph at lines 252--253
\T1/stix2/m/n/12 The found-ing idea of adapter-based PEFT, due to Houlsby, Giur
giu, Jas-trz¶b-ski, \T1/stix2/m/it/12 et
 []


Loose \hbox (badness 1) in paragraph at lines 252--253
\T1/stix2/m/n/12 a down-projection to a low-dimensional space, a non-linearity,
 and an up-projection
 []


Loose \hbox (badness 1) in paragraph at lines 252--253
\T1/stix2/m/n/12 pro-pose an al-ter-na-tive pa-ram-e-ter-i-sa-tion, Low-Rank Ad
ap-ta-tion (LoRA), which does
 []


Tight \hbox (badness 16) in paragraph at lines 252--253
\T1/stix2/m/n/12 not in-sert new mod-ules but in-stead rep-re-sents the \T1/sti
x2/m/it/12 up-date \T1/stix2/m/n/12 to an ex-ist-ing weight ma-trix
 []


Loose \hbox (badness 2) in paragraph at lines 252--253
\T1/stix2/m/n/12 as the prod-uct of two low-rank ma-tri-ces, $\LS1/stix2/m/it/1
2 W[] \LS1/stix2/m/n/12 = \LS1/stix2/m/it/12 W[] \LS1/stix2/m/n/12 + \LS1/stix2
/m/it/12 AB$ \T1/stix2/m/n/12 with $\LS1/stix2/m/it/12 A \LS1/stix2/m/n/12 À \L
S1/stix2bb/m/n/12 R[]$ \T1/stix2/m/n/12 and
 []


Loose \hbox (badness 22) in paragraph at lines 252--253
\LS1/stix2/m/it/12 B \LS1/stix2/m/n/12 À \LS1/stix2bb/m/n/12 R[]$ \T1/stix2/m/n
/12 for a small rank $\LS1/stix2/m/it/12 r$\T1/stix2/m/n/12 ; be-cause the up-d
ate can be al-ge-braically merged into
 []


Loose \hbox (badness 2) in paragraph at lines 252--253
\T1/stix2/m/n/12 ule in-serted in se-ries. Ben-Zaken, Rav-fo-gel, and Gold-berg
 [[]2[]] take ef-fi-ciency fur-ther
 []


Loose \hbox (badness 8) in paragraph at lines 252--253
\T1/stix2/m/n/12 still, show-ing that train-ing \T1/stix2/m/it/12 only \T1/stix
2/m/n/12 the bias terms of a trans-former ^^V un-der 0.1% of its
 []


Loose \hbox (badness 1) in paragraph at lines 252--253
\T1/stix2/m/n/12 pa-ram-e-ters ^^V re-cov-ers a sur-pris-ing frac-tion of full 
fine-tuning's ac-cu-racy on sev-eral
 []


Loose \hbox (badness 4) in paragraph at lines 252--253
\T1/stix2/m/n/12 NLP tasks. He, Zhou, Ma, \T1/stix2/m/it/12 et al. \T1/stix2/m/
n/12 [[]17[]] unify this de-sign space, show-ing that adapters,
 []


Tight \hbox (badness 18) in paragraph at lines 252--253
\T1/stix2/m/n/12 LoRA, and sev-eral other PEFT mech-a-nisms can all be read as 
in-stances of one gen-eral
 []


Loose \hbox (badness 3) in paragraph at lines 252--253
\T1/stix2/m/n/12 up-date equa-tion that dif-fers only in where the up-date is i
n-serted (\T1/stix2/m/it/12 se-rial\T1/stix2/m/n/12 , af-ter a sub-
 []

[10

{/usr/share/texlive/texmf-dist/fonts/enc/dvips/stix2-type1/stix2-mathbb.enc}]
Loose \hbox (badness 60) in paragraph at lines 254--255
[]\T1/stix2/m/n/12 All of the above work tar-gets trans-former ar-chi-tec-tures
. The con-vo-lu-tional case is
 []


Loose \hbox (badness 2) in paragraph at lines 254--255
\T1/stix2/m/n/12 thin-ner and more re-cent. Chen, Tao, Zhang, \T1/stix2/m/it/12
 et al. \T1/stix2/m/n/12 [[]6[]] study PEFT for CNNs di-rectly
 []


Loose \hbox (badness 27) in paragraph at lines 254--255
\T1/stix2/m/n/12 and iden-tify a spe-cific fail-ure mode rel-e-vant to adapter 
de-sign in-side con-vo-lu-tional
 []


Loose \hbox (badness 29) in paragraph at lines 254--255
\T1/stix2/m/n/12 blocks: an adapter im-ple-mented as a $\LS1/stix2/m/n/12 1[]1$
 \T1/stix2/m/n/12 (or fully-connected-style) trans-for-ma-tion
 []


Loose \hbox (badness 1) in paragraph at lines 254--255
\T1/stix2/m/n/12 loses the \T1/stix2/m/it/12 spa-tial lo-cal-ity \T1/stix2/m/n/
12 that gives a CNN its in-duc-tive bias, whereas an adapter that
 []


Tight \hbox (badness 37) in paragraph at lines 254--255
\T1/stix2/m/n/12 pre-serves a lo-cal re-cep-tive field does not. This caveat di
-rectly in-forms how this the-sis's
 []


Tight \hbox (badness 98) in paragraph at lines 254--255
\T1/stix2/m/n/12 own bot-tle-neck and LoRA adapters are placed ([]sec-tion 4.2[
][]). Aleem, Di-etlmeier, Arazo,
 []


Tight \hbox (badness 37) in paragraph at lines 254--255
\T1/stix2/m/n/12 of LoRA ^^V ap-ply-ing the low-rank de-com-po-si-tion to con-v
o-lu-tional ker-nels rather than
 []


Tight \hbox (badness 10) in paragraph at lines 259--260
\T1/stix2/m/n/12 clas-si-fier un-der un-cer-tainty. The Bayesian tra-di-tion pl
aces a dis-tri-bu-tion over the net-
 []


Tight \hbox (badness 88) in paragraph at lines 259--260
\T1/stix2/m/n/12 work's \T1/stix2/m/it/12 weights \T1/stix2/m/n/12 and marginal
ises over it at in-fer-ence time, ei-ther ex-actly (in-tractable for
 []


Tight \hbox (badness 1) in paragraph at lines 259--260
\T1/stix2/m/n/12 any mod-ern net-work), via en-sem-bling [[]31[]], or via a tra
ctable ap-prox-i-ma-tion. Ev-i-den-
 []


Loose \hbox (badness 17) in paragraph at lines 259--260
\T1/stix2/m/n/12 tial Deep Learn-ing, in-tro-duced by Sen-soy, Ka-plan, and Kan
-demir [[]48[]] and adopted
 []


Loose \hbox (badness 5) in paragraph at lines 259--260
\T1/stix2/m/n/12 preted as the pa-ram-e-ters $\LS1/stix2/m/it/12 [] \LS1/stix2
/m/n/12 = \LS1/stix2/m/it/12 e[] \LS1/stix2/m/n/12 + 1$ \T1/stix2/m/n/12 of a D
irich-let dis-tri-bu-tion over the cat-e-gor-i-cal
 []


Loose \hbox (badness 18) in paragraph at lines 259--260
\T1/stix2/m/n/12 class-probability vec-tor. The pre-dic-tive prob-a-bil-ity for
 class $\LS1/stix2/m/it/12 k$ \T1/stix2/m/n/12 is the Dirich-let mean
 []


Loose \hbox (badness 7) in paragraph at lines 259--260
\T1/stix2/m/n/12 ev-i-dence for any class pro-duces low $\LS1/stix2/m/it/12 S$ 
\T1/stix2/m/n/12 and there-fore high vacu-ity, re-gard-less of how
 []


Tight \hbox (badness 60) in paragraph at lines 259--260
\T1/stix2/m/n/12 the avail-able ev-i-dence is dis-tributed among classes. Crit-
i-cally for a parameter-efficient
 []


Loose \hbox (badness 2) in paragraph at lines 259--260
\T1/stix2/m/n/12 set-ting, this un-cer-tainty is avail-able from a sin-gle de-t
er-min-is-tic for-ward pass, un-like
 []


Loose \hbox (badness 9) in paragraph at lines 261--262
[]\T1/stix2/m/n/12 A body of re-cent work ap-plies Bayesian ma-chin-ery specif-
i-cally to PEFT rather than
 []


Loose \hbox (badness 47) in paragraph at lines 261--262
\T1/stix2/m/n/12 to full net-works. Yang, Robeyns, Wang, \T1/stix2/m/it/12 et a
l. \T1/stix2/m/n/12 [[]59[]] (``Laplace-LoRA'') fit a post-hoc
 []


Loose \hbox (badness 12) in paragraph at lines 261--262
\T1/stix2/m/n/12 Laplace ap-prox-i-ma-tion over a trained LoRA mod-ule's pa-ram
-e-ters, sub-stan-tially im-
 []


Loose \hbox (badness 57) in paragraph at lines 261--262
\T1/stix2/m/n/12 Wang, Shi, Han, \T1/stix2/m/it/12 et al. \T1/stix2/m/n/12 [[]5
7[]] (``BLoB'') in-stead learn a vari-a-tional Bayesian pos-te-rior
 []


Tight \hbox (badness 32) in paragraph at lines 261--262
\T1/stix2/m/n/12 rank al-lo-ca-tion [[]10[]], sparse Bayesian pos-te-ri-ors [[]
61[]], and even a ded-i-cated bench-mark
 []


Tight \hbox (badness 46) in paragraph at lines 261--262
\T1/stix2/m/n/12 for the sub-field [[]47[]] ^^V has emerged in the last two yea
rs, but ev-ery one of these works
 []


Tight \hbox (badness 4) in paragraph at lines 261--262
\T1/stix2/m/n/12 dresses the few-shot regime. A separately-named ``Bayesian-PEF
T'' work [[]44[]] is close
 []


Loose \hbox (badness 12) in paragraph at lines 261--262
\T1/stix2/m/n/12 enough in name to war-rant an ex-plicit note: it stud-ies ViT 
foun-da-tion mod-els with
 []


Tight \hbox (badness 7) in paragraph at lines 261--262
\T1/stix2/m/n/12 the architecture-versus-budget ques-tion this the-sis's RQ3 re
-solves. Gao, Chen, Xi-ang,
 []


Loose \hbox (badness 2) in paragraph at lines 261--262
\T1/stix2/m/it/12 et al. \T1/stix2/m/n/12 [[]12[]] sur-vey the evidential-learn
ing lit-er-a-ture broadly and doc-u-ment the de-sign
 []


Loose \hbox (badness 32) in paragraph at lines 261--262
\T1/stix2/m/n/12 ra-tio-nale for the KL-divergence reg-u-lariser used in this t
he-sis's own ev-i-den-tial loss
 []

[11{/usr/share/texlive/texmf-dist/fonts/enc/dvips/stix2-type1/stix2-mathcal.enc
}{/usr/share/texlive/texmf-dist/fonts/enc/dvips/stix2-type1/stix2-mathex.enc}]
Loose \hbox (badness 5) in paragraph at lines 263--264
[]\T1/stix2/m/n/12 The ev-i-den-tial mech-a-nism is not with-out doc-u-mented c
aveats. Bengs, H¸ller-meier,
 []


Loose \hbox (badness 53) in paragraph at lines 263--264
\T1/stix2/m/n/12 and Waege-man [[]3[]] show that naÔve loss-minimisation-based 
epis-temic un-cer-tainty
 []


Loose \hbox (badness 63) in paragraph at lines 263--264
\T1/stix2/m/n/12 es-ti-ma-tors, in-clud-ing stan-dard EDL ob-jec-tives, can re-
tain non-vanishing epis-temic
 []


Loose \hbox (badness 28) in paragraph at lines 263--264
\T1/stix2/m/n/12 un-cer-tainty even in the limit of in-fi-nite train-ing data ^
^V a the-o-ret-i-cal re-sult con-sis-
 []


Loose \hbox (badness 81) in paragraph at lines 263--264
\T1/stix2/m/n/12 tent with, rather than con-tra-dicted by, this the-sis's own e
m-pir-i-cal find-ing that the
 []


Loose \hbox (badness 50) in paragraph at lines 263--264
\T1/stix2/m/n/12 ev-i-den-tial head re-mains poorly cal-i-brated across its en-
tire tested parameter-budget
 []


Loose \hbox (badness 2) in paragraph at lines 263--264
\T1/stix2/m/n/12 range ([]sec-tion 5.3[][]). Shen, Ryu, Ghosh, \T1/stix2/m/it/1
2 et al. \T1/stix2/m/n/12 [[]49[]] more point-edly ask whether EDL's
 []


Tight \hbox (badness 6) in paragraph at lines 263--264
\T1/stix2/m/n/12 un-cer-tainty quan-tifi-ca-tion is real or a ``mi-rage,'' a qu
es-tion this the-sis's own RQ2 ([]sec-
 []


Loose \hbox (badness 9) in paragraph at lines 268--269
\T1/stix2/m/n/12 Guo, Pleiss, Sun, \T1/stix2/m/it/12 et al. \T1/stix2/m/n/12 [[
]15[]] es-tab-lished both the di-ag-no-sis and the stan-dard rem-edy
 []


Tight \hbox (badness 2) in paragraph at lines 268--269
\T1/stix2/m/n/12 mea-sured by the Ex-pected Cal-i-bra-tion Er-ror (ECE, []sec-t
ion 3.4[][]), and \T1/stix2/m/it/12 tem-per-a-ture scal-
 []


Loose \hbox (badness 40) in paragraph at lines 268--269
\T1/stix2/m/it/12 ing \T1/stix2/m/n/12 ^^V di-vid-ing the pre-softmax log-its b
y a sin-gle scalar $\LS1/stix2/m/it/12 T > \LS1/stix2/m/n/12 1$ \T1/stix2/m/n/1
2 fit-ted on a held-out
 []


Tight \hbox (badness 2) in paragraph at lines 268--269
\T1/stix2/m/n/12 val-i-da-tion split ^^V re-cov-ers most of the lost cal-i-bra-
tion at es-sen-tially no ac-cu-racy cost,
 []


Loose \hbox (badness 38) in paragraph at lines 268--269
\T1/stix2/m/n/12 be-cause it is a mono-tone, rank-preserving trans-form. This t
he-sis uses tem-per-a-ture
 []


Tight \hbox (badness 17) in paragraph at lines 268--269
\T1/stix2/m/n/12 scal-ing as the stan-dard post-hoc base-line for its softmax-h
ead con-fig-u-ra-tions through-
 []


Tight \hbox (badness 26) in paragraph at lines 268--269
\T1/stix2/m/n/12 out, and de-signs its own evidential-head ana-logue ([]sec-tio
n 4.4[][], RQ4) ex-plic-itly against
 []


Loose \hbox (badness 1) in paragraph at lines 268--269
\T1/stix2/m/n/12 this prece-dent. Min-derer, Djo-longa, Romi-jn-ders, \T1/stix2
/m/it/12 et al. \T1/stix2/m/n/12 [[]40[]] re-visit the same ques-tion
 []


Loose \hbox (badness 5) in paragraph at lines 268--269
\T1/stix2/m/n/12 on more re-cent ar-chi-tec-tures and con-firm the pat-tern per
-sists. Tao, Zhu, Guo, \T1/stix2/m/it/12 et al.
 []


Loose \hbox (badness 11) in paragraph at lines 268--269
\T1/stix2/m/n/12 [[]55[]] run the largest cal-i-bra-tion study to date (117,702
 ar-chi-tec-tures) but do not per-
 []


Loose \hbox (badness 10) in paragraph at lines 268--269
\T1/stix2/m/n/12 form a for-mal vari-ance de-com-po-si-tion of the kind this th
e-sis's RQ1 re-quires, which
 []


Loose \hbox (badness 11) in paragraph at lines 268--269
\T1/stix2/m/n/12 ^^V ver-i-fied di-rectly from that pa-per ^^V leaves the spe-c
ific an-a-lyt-i-cal method used in
 []


Tight \hbox (badness 18) in paragraph at lines 268--269
\T1/stix2/m/n/12 tion [[]30[]], uses the word ``Dirich-let'' in an en-tirely di
f-fer-ent sense ^^V a generic post-hoc
 []


Tight \hbox (badness 36) in paragraph at lines 268--269
\T1/stix2/m/n/12 cal-i-bra-tion map ap-pli-ca-ble to \T1/stix2/m/it/12 any \T1/
stix2/m/n/12 soft-max clas-si-fier's out-put prob-a-bil-i-ties ^^V and must
 []


Tight \hbox (badness 4) in paragraph at lines 268--269
\T1/stix2/m/n/12 not be con-fused with this the-sis's ev-i-den-tial Dirich-let 
\T1/stix2/m/it/12 ev-i-dence \T1/stix2/m/n/12 mech-a-nism, which pa-
 []


Tight \hbox (badness 5) in paragraph at lines 268--269
\T1/stix2/m/n/12 ram-e-terises the net-work's own pre-dic-tive dis-tri-bu-tion 
rather than re-cal-i-brat-ing an ex-
 []

[12]
Tight \hbox (badness 43) in paragraph at lines 273--274
\T1/stix2/m/n/12 Hendrycks and Gimpel [[]19[]] propose the simplest OOD-detecti
on baseline still in wide
 []


Tight \hbox (badness 1) in paragraph at lines 273--274
\T1/stix2/m/n/12 use: the maximum softmax probability (MSP) of a trained classi
fier, on the reasoning
 []


Loose \hbox (badness 26) in paragraph at lines 273--274
\T1/stix2/m/n/12 that OOD inputs tend to produce flatter, less peaked softmax d
istributions than in-
 []


Tight \hbox (badness 15) in paragraph at lines 273--274
\T1/stix2/m/n/12 distribution inputs. Liu, Wang, Owens, \T1/stix2/m/it/12 et al
. \T1/stix2/m/n/12 [[]37[]] propose an alternative, training-free
 []


Tight \hbox (badness 5) in paragraph at lines 273--274
\T1/stix2/m/n/12 score derived from the same logits ^^V the negative log-sum-ex
p ``energy'' ^^V and show
 []


Tight \hbox (badness 23) in paragraph at lines 273--274
\T1/stix2/m/n/12 it separates OOD inputs more reliably than MSP without requiri
ng any change to how
 []


Loose \hbox (badness 14) in paragraph at lines 273--274
\T1/stix2/m/n/12 the network was trained; this energy score is the strongest, a
nd most inconvenient,
 []


Tight \hbox (badness 68) in paragraph at lines 273--274
\T1/stix2/m/n/12 competitor to this thesis's own evidential vacuity score ([]se
ction 5.4[][]). Yang, Wang, Zou,
 []


Tight \hbox (badness 38) in paragraph at lines 273--274
\T1/stix2/m/it/12 et al. \T1/stix2/m/n/12 [[]60[]] and its successor Zhang, Yan
g, Wang, \T1/stix2/m/it/12 et al. \T1/stix2/m/n/12 [[]62[]] formalise the disti
nction this
 []


Loose \hbox (badness 3) in paragraph at lines 273--274
\T1/stix2/m/n/12 thesis relies on throughout between \T1/stix2/m/it/12 far\T1/s
tix2/m/n/12 -OOD (inputs from a semantically unrelated
 []


Tight \hbox (badness 34) in paragraph at lines 273--274
\T1/stix2/m/n/12 domain, such as SVHN digits relative to natural-image classes)
 and \T1/stix2/m/it/12 near\T1/stix2/m/n/12 -OOD (inputs
 []


Loose \hbox (badness 46) in paragraph at lines 273--274
\T1/stix2/m/n/12 from a semantically related but disjoint set of classes, such 
as held-out CIFAR-100
 []


Tight \hbox (badness 14) in paragraph at lines 273--274
\T1/stix2/m/n/12 classes), and standardise the evaluation protocol (AUROC, FPR@
95%TPR) this thesis
 []


Tight \hbox (badness 33) in paragraph at lines 275--276
[]\T1/stix2/m/n/12 Two re-cent pa-pers bear di-rectly on this the-sis's method-
ol-ogy and are ad-dressed ex-plic-
 []


Tight \hbox (badness 8) in paragraph at lines 275--276
\T1/stix2/m/n/12 can be ar-ti-fi-cially in-flated when the num-ber of in-distri
bution and out-of-distribution
 []


Tight \hbox (badness 77) in paragraph at lines 275--276
\T1/stix2/m/n/12 same fixed 5-way episode head, the num-ber of classes is iden-
ti-cal for ID and OOD scor-
 []


Tight \hbox (badness 1) in paragraph at lines 275--276
\T1/stix2/m/n/12 ing through-out, so this arte-fact does not ap-ply to the num-
bers re-ported here, and this
 []


Tight \hbox (badness 3) in paragraph at lines 275--276
\T1/stix2/m/n/12 ÷zdemir, and Ak-ba≥ [[]14[]] run a sys-tem-atic com-par-i-son 
of train-ing ob-jec-tives for OOD
 []


Tight \hbox (badness 2) in paragraph at lines 275--276
\T1/stix2/m/n/12 de-tec-tion and ex-plic-itly name, as an open lim-i-ta-tion of
 their own study, that ob-jec-tive
 []


Loose \hbox (badness 3) in paragraph at lines 275--276
\T1/stix2/m/n/12 and scor-ing rule are not fully sep-a-rated in prior eval-u-a-
tions be-cause ``each ob-jec-tive
 []


Loose \hbox (badness 32) in paragraph at lines 275--276
\T1/stix2/m/n/12 is eval-u-ated with the con-fi-dence mea-sure most nat-u-ral t
o its out-put space'' ^^V pre-
 []


Tight \hbox (badness 29) in paragraph at lines 275--276
\T1/stix2/m/n/12 episodic eval-u-a-tion. Krumpl, Aven-haus, and Pos-seg-ger [[]
29[]] run a re-lated, larger-scale
 []


Loose \hbox (badness 2) in paragraph at lines 275--276
\T1/stix2/m/n/12 (56 mod-els $\LS1/stix2/m/n/12 ù$ \T1/stix2/m/n/12 21 de-tec-t
ors $\LS1/stix2/m/n/12 ù$ \T1/stix2/m/n/12 8 OOD sets) training-method-by-scori
ng-method anal-y-
 []


Loose \hbox (badness 9) in paragraph at lines 275--276
\T1/stix2/m/n/12 sis of vari-ance the same year, a gen-uine method-olog-i-cal p
rece-dent this the-sis's RQ1
 []


Tight \hbox (badness 3) in paragraph at lines 275--276
\T1/stix2/m/n/12 and RQ2 must be read along-side rather than pre-sented as un-p
rece-dented in iso-la-tion.
 []


Loose \hbox (badness 50) in paragraph at lines 275--276
\T1/stix2/m/n/12 si-fier is a spe-cial case of an ev-i-den-tial clas-si-fier un
-der a par-tic-u-lar loss fam-ily ^^V a
 []


Loose \hbox (badness 1) in paragraph at lines 275--276
\T1/stix2/m/n/12 re-sult that pre-explains, rather than merely ob-serves, why t
his the-sis finds the train-
 []


Loose \hbox (badness 47) in paragraph at lines 275--276
\T1/stix2/m/n/12 ing ob-jec-tive con-tributes so lit-tle to OOD-detection vari-
ance rel-a-tive to the scor-ing
 []

[13]
Loose \hbox (badness 9) in paragraph at lines 280--281
\T1/stix2/m/n/12 Few-shot clas-si-fi-ca-tion is typ-i-cally for-malised as \T1/
stix2/m/it/12 episodic $\LS1/stix2/m/it/12 N$\T1/stix2/m/n/12 -way $\LS1/stix2/
m/it/12 K$\T1/stix2/m/n/12 -shot learn-ing: at
 []


Loose \hbox (badness 17) in paragraph at lines 280--281
\T1/stix2/m/n/12 both train-ing and test time, the model is pre-sented with a s
up-port set of $\LS1/stix2/m/it/12 K$ \T1/stix2/m/n/12 la-belled
 []


Loose \hbox (badness 1) in paragraph at lines 280--281
\T1/stix2/m/n/12 ex-am-ples for each of $\LS1/stix2/m/it/12 N$ \T1/stix2/m/n/12
 classes and must clas-sify a dis-joint query set drawn from the
 []


Tight \hbox (badness 14) in paragraph at lines 280--281
\T1/stix2/m/n/12 same $\LS1/stix2/m/it/12 N$ \T1/stix2/m/n/12 classes, with a f
resh set of $\LS1/stix2/m/it/12 N$ \T1/stix2/m/n/12 classes sam-pled for ev-ery
 episode. Vinyals, Blun-
 []


Loose \hbox (badness 24) in paragraph at lines 280--281
\T1/stix2/m/n/12 dell, Lil-l-i-crap, \T1/stix2/m/it/12 et al. \T1/stix2/m/n/12 
[[]56[]] in-tro-duce this pro-to-col and the Mini-Im-a-geNet bench-mark
 []


Loose \hbox (badness 7) in paragraph at lines 280--281
\T1/stix2/m/n/12 used in this the-sis (via the frozen 64/16/20 split of Ravi an
d Larochelle [[]45[]]). Snell,
 []


Loose \hbox (badness 41) in paragraph at lines 280--281
\T1/stix2/m/n/12 Swer-sky, and Zemel [[]53[]] pro-pose Pro-to-typ-i-cal Net-wor
ks, which clas-sify a query by
 []


Loose \hbox (badness 31) in paragraph at lines 280--281
\T1/stix2/m/n/12 nearest-centroid sim-i-lar-ity to each class's \T1/stix2/m/it/
12 pro-to-type \T1/stix2/m/n/12 ^^V the mean em-bed-ding of that
 []


Loose \hbox (badness 2) in paragraph at lines 280--281
\T1/stix2/m/n/12 class's sup-port ex-am-ples ^^V com-puted with no train-able p
a-ram-e-ters be-yond the em-
 []


Loose \hbox (badness 1) in paragraph at lines 280--281
\T1/stix2/m/n/12 bed-ding func-tion it-self; this the-sis's own parameter-free 
pro-to-type head ([]sec-tion 4.3[][])
 []


Loose \hbox (badness 4) in paragraph at lines 280--281
\T1/stix2/m/n/12 si-fi-ca-tion head, once trained on one set of classes, can-no
t trans-fer to the dis-joint set
 []


Loose \hbox (badness 2) in paragraph at lines 280--281
\T1/stix2/m/n/12 of classes seen at test time, whereas a similarity-based head 
gen-er-alises to any set of
 []


Loose \hbox (badness 3) in paragraph at lines 280--281
\T1/stix2/m/n/12 classes by con-struc-tion. Finn, Abbeel, and Levine [[]11[]] p
ro-pose an al-ter-na-tive meta-
 []


Tight \hbox (badness 15) in paragraph at lines 280--281
\T1/stix2/m/n/12 episode; this line of work is in-cluded in this the-sis's lit-
er-a-ture map for com-par-i-son but
 []


Loose \hbox (badness 17) in paragraph at lines 280--281
\T1/stix2/m/n/12 than the frozen-backbone, adapter-only set-ting this the-sis s
tud-ies. Chen, Liu, Kira,
 []


Loose \hbox (badness 4) in paragraph at lines 280--281
\T1/stix2/m/n/12 ence point, and ad-di-tion-ally show ^^V a find-ing this the-s
is's own linear-probe re-sults
 []


Loose \hbox (badness 45) in paragraph at lines 280--281
\T1/stix2/m/n/12 low-shot regimes, un-der-cut-ting the as-sump-tion that more s
o-phis-ti-cated adap-ta-tion
 []


Loose \hbox (badness 23) in paragraph at lines 280--281
\T1/stix2/m/n/12 mech-a-nisms are al-ways worth their added com-plex-ity. Lee, 
Maji, Ravichan-dran, \T1/stix2/m/it/12 et
 []


Loose \hbox (badness 52) in paragraph at lines 280--281
\T1/stix2/m/it/12 al. \T1/stix2/m/n/12 [[]33[]] and Hu, Li, St¸h-mer, \T1/stix2
/m/it/12 et al. \T1/stix2/m/n/12 [[]24[]] pro-vide, re-spec-tively, a from-scra
tch and a
 []

[14]
Loose \hbox (badness 7) in paragraph at lines 285--286
\T1/stix2/m/n/12 This the-sis uses ResNet-18 [[]18[]] and MobileNetV3-Small [[]
22[]] as its two frozen back-
 []


Overfull \hbox (0.87143pt too wide) in paragraph at lines 285--286
\T1/stix2/m/n/12 bones, cho-sen specif-i-cally for their suit-abil-ity to con-s
trained de-ploy-ment tar-gets rather
 []


Loose \hbox (badness 25) in paragraph at lines 285--286
\T1/stix2/m/n/12 than for state-of-the-art ac-cu-racy. Som-van-shi, Is-lam, Chh
etri, \T1/stix2/m/it/12 et al. \T1/stix2/m/n/12 [[]54[]] sur-vey the
 []


Overfull \hbox (58.69113pt too wide) in paragraph at lines 285--286
\T1/stix2/m/n/12 TinyML-to-TinyDL land-scape and doc-u-ment why this choice mat
-ters con-cretely: microcontroller-
 []


Loose \hbox (badness 19) in paragraph at lines 285--286
\T1/stix2/m/n/12 class hard-ware of-fers as lit-tle as 32--512kB of SRAM and un
-der 1MB of flash, with
 []


Tight \hbox (badness 14) in paragraph at lines 285--286
\T1/stix2/m/n/12 block still costs on the or-der of 180ms on rep-re-sen-ta-tive
 hard-ware against 8--12ms for
 []


Tight \hbox (badness 7) in paragraph at lines 285--286
\T1/stix2/m/n/12 former sim-ply does not fit in this en-ve-lope un-der any quan
-ti-sa-tion scheme, whereas a
 []


Loose \hbox (badness 3) in paragraph at lines 285--286
\T1/stix2/m/n/12 re-sent the op-po-site end of the spec-trum, train-ing a rough
ly 7-billion-parameter self-
 []


Loose \hbox (badness 5) in paragraph at lines 285--286
\T1/stix2/m/n/12 supervised Vi-sion Trans-former that leads dense-prediction be
nch-marks with frozen
 []


Loose \hbox (badness 26) in paragraph at lines 285--286
\T1/stix2/m/n/12 fea-tures; this the-sis does not dis-pute that trans-form-ers 
are the strongest back-bones
 []


Loose \hbox (badness 41) in paragraph at lines 285--286
\T1/stix2/m/n/12 es-ti-ma-tion (rather than im-age clas-si-fi-ca-tion ^^V a sco
pe this the-sis is care-ful to pre-
 []


Loose \hbox (badness 37) in paragraph at lines 285--286
\T1/stix2/m/n/12 serve when cit-ing it), find that con-vo-lu-tional in-duc-tive
 bias al-lows CNNs to match
 []


Loose \hbox (badness 10) in paragraph at lines 285--286
\T1/stix2/m/n/12 Vision-Transformer ac-cu-racy specif-i-cally in low-data regim
es, even when the trans-
 []


Loose \hbox (badness 2) in paragraph at lines 290--291
\T1/stix2/m/n/12 Several in-di-vid-ual works sit close enough to this the-sis's
 de-sign to re-quire di-rect dif-
 []


Underfull \hbox (badness 136) in paragraph at lines 292--293
[]\T1/stix2/m/n/12 Li, Liu, and Bilen [[]34[]] (Task-Specific Adapters, TSA) is
 the clos-est prior work for
 []


Loose \hbox (badness 3) in paragraph at lines 292--293
\T1/stix2/m/n/12 this the-sis's adapter-placement pi-lot: it runs the same seri
al-versus-parallel adapter-
 []


Loose \hbox (badness 14) in paragraph at lines 292--293
\T1/stix2/m/n/12 placement com-par-i-son on a frozen ResNet-18, eval-u-ated ove
r 600 sam-pled episodic
 []


Loose \hbox (badness 29) in paragraph at lines 292--293
\T1/stix2/m/n/12 tasks with a parameter-free nearest-centroid head ^^V the same
 back-bone, the same
 []


Loose \hbox (badness 8) in paragraph at lines 292--293
\T1/stix2/m/n/12 episode count, the same place-ment ques-tion, and the same hea
d-design phi-los-o-phy
 []


Loose \hbox (badness 1) in paragraph at lines 292--293
\T1/stix2/m/n/12 as this the-sis ^^V and reaches the same con-clu-sion, that pa
r-al-lel (resid-ual) place-ment
 []


Loose \hbox (badness 11) in paragraph at lines 292--293
\T1/stix2/m/n/12 wins in al-most all cases. TSA's own adapters, at 1.57--13.27%
 of ResNet-18's pa-ram-
 []


Loose \hbox (badness 3) in paragraph at lines 292--293
\T1/stix2/m/n/12 e-ters, are far above this the-sis's 6,928--31,746-parameter r
ange, and TSA re-ports nei-
 []


Tight \hbox (badness 9) in paragraph at lines 292--293
\T1/stix2/m/n/12 com-par-i-son, and it is only par-tially con-sis-tent with TSA
's find-ing: it agrees on cal-i-bra-
 []


Loose \hbox (badness 18) in paragraph at lines 292--293
\T1/stix2/m/n/12 tion and far-OOD de-tec-tion but ties, rather than wins, on ac
-cu-racy ^^V a dis-tinc-tion
 []

[15]
Loose \hbox (badness 92) in paragraph at lines 294--295
[]\T1/stix2/m/n/12 Shysheya, Bron-skill, Pat-ac-chi-ola, \T1/stix2/m/it/12 et a
l. \T1/stix2/m/n/12 [[]51[]] (FiT) sim-i-larly uses frozen CNN back-
 []


Underfull \hbox (badness 125) in paragraph at lines 294--295
\T1/stix2/m/n/12 bones with FiLM-style adapters as small as 11,648 pa-ram-e-ter
s and a Prototypical-
 []


Loose \hbox (badness 78) in paragraph at lines 294--295
\T1/stix2/m/n/12 Networks head op-tion, but does not com-pare adapter place-men
t or type and eval-
 []


Underfull \hbox (badness 101) in paragraph at lines 294--295
\T1/stix2/m/n/12 u-ates on fixed down-stream bench-marks rather than disjoint-c
lass episodic test-ing.
 []


Tight \hbox (badness 13) in paragraph at lines 294--295
\T1/stix2/m/n/12 Zhang, Zhang, Fang, \T1/stix2/m/it/12 et al. \T1/stix2/m/n/12 
[[]63[]] (Tip-Adapter) and Gao, Geng, Zhang, \T1/stix2/m/it/12 et al. \T1/stix2
/m/n/12 [[]13[]] (CLIP-
 []


Loose \hbox (badness 5) in paragraph at lines 294--295
\T1/stix2/m/n/12 Adapter) share this the-sis's gen-eral recipe ^^V freeze a lar
ge pre-trained back-bone, at-
 []


Loose \hbox (badness 28) in paragraph at lines 294--295
\T1/stix2/m/n/12 tach a small adapter, clas-sify with few la-belled ex-am-ples 
^^V but both train and test
 []


Loose \hbox (badness 10) in paragraph at lines 294--295
\T1/stix2/m/n/12 on the \T1/stix2/m/it/12 same \T1/stix2/m/n/12 classes rather 
than a dis-joint held-out set, eval-u-ate one fixed test ac-cu-
 []


Tight \hbox (badness 3) in paragraph at lines 294--295
\T1/stix2/m/n/12 racy rather than an av-er-age over sam-pled episodes, and re-p
ort nei-ther cal-i-bra-tion nor
 []


Tight \hbox (badness 37) in paragraph at lines 296--297
[]\T1/stix2/m/n/12 Linghu, Bai, Lou, \T1/stix2/m/it/12 et al. \T1/stix2/m/n/12 
[[]36[]] (Bayesian Ev-i-den-tial Learn-ing, BEL) is the near-est ev-i-den-
 []


Loose \hbox (badness 13) in paragraph at lines 296--297
\T1/stix2/m/n/12 ResNet-12/Conv-4 back-bones and re-ports \T1/stix2/m/it/12 im-
proved \T1/stix2/m/n/12 cal-i-bra-tion rel-a-tive to a soft-max
 []


Loose \hbox (badness 14) in paragraph at lines 296--297
\T1/stix2/m/n/12 base-line (ECE 3.59% ver-sus 14.69% on Mini-Im-a-geNet 5-shot)
 ^^V the op-po-site di-rec-
 []


Loose \hbox (badness 3) in paragraph at lines 296--297
\T1/stix2/m/n/12 tion from this the-sis's own find-ing ([]sec-tion 5.3[][]). Th
e two re-sults are not in fact con-
 []


Tight \hbox (badness 5) in paragraph at lines 296--297
\T1/stix2/m/n/12 tra-dic-tory: BEL's back-bone is meta-trained end to end and i
ts ev-i-dence is fused across
 []


Loose \hbox (badness 14) in paragraph at lines 296--297
\T1/stix2/m/n/12 get is as small as two pa-ram-e-ters. Morales-¡lvarez, Christo
doulidis, Vakalopoulou,
 []


Loose \hbox (badness 2) in paragraph at lines 296--297
\T1/stix2/m/it/12 et al. \T1/stix2/m/n/12 [[]41[]] (BayesAdapter) pro-vides a s
ec-ond, in-de-pen-dent data point in the same di-
 []


Loose \hbox (badness 5) in paragraph at lines 296--297
\T1/stix2/m/n/12 i-bra-tion \T1/stix2/m/it/12 im-prov-ing \T1/stix2/m/n/12 with
 more ca-pac-ity or data than this the-sis's grid pro-vides. Read
 []


Loose \hbox (badness 30) in paragraph at lines 296--297
\T1/stix2/m/n/12 to-gether, these two pa-pers sharpen rather than con-tra-dict 
this the-sis's find-ing: cal-
 []


Loose \hbox (badness 17) in paragraph at lines 296--297
\T1/stix2/m/n/12 i-bra-tion ap-pears to im-prove with a Bayesian mech-a-nism on
ce the model has ei-ther
 []


Loose \hbox (badness 13) in paragraph at lines 296--297
\T1/stix2/m/n/12 a meta-trained back-bone or a larger adap-ta-tion bud-get than
 this the-sis stud-ies, and
 []


Loose \hbox (badness 2) in paragraph at lines 296--297
\T1/stix2/m/n/12 this the-sis's own neg-a-tive re-sult marks out where, at the 
very low end of that ca-pac-
 []


Loose \hbox (badness 1) in paragraph at lines 296--297
\T1/stix2/m/n/12 that mat-ters for edge de-ploy-ment, be-cause meta-training a 
back-bone is ex-actly what
 []


Tight \hbox (badness 60) in paragraph at lines 300--301
\T1/stix2/m/it/12 and \T1/stix2/m/n/12 cal-i-bra-tion \T1/stix2/m/it/12 and \T1
/stix2/m/n/12 OOD de-tec-tion \T1/stix2/m/it/12 and \T1/stix2/m/n/12 a trainabl
e-parameter bud-get \T1/stix2/m/it/12 and \T1/stix2/m/n/12 a gen-uinely
 []


Loose \hbox (badness 1) in paragraph at lines 300--301
\T1/stix2/m/n/12 episodic, disjoint-class few-shot pro-to-col \T1/stix2/m/it/12
 and \T1/stix2/m/n/12 an edge-deployable back-bone does not
 []


Loose \hbox (badness 78) in paragraph at lines 300--301
\T1/stix2/m/n/12 ex-ist. Sur-veys of the en-tire ViT-PEFT field [[]58[]] and of
 the en-tire TinyML/TinyDL
 []


Tight \hbox (badness 73) in paragraph at lines 300--301
\T1/stix2/m/n/12 field [[]54[]] in-de-pen-dently con-firm this: nei-ther dis-cu
sses cal-i-bra-tion, un-cer-tainty quan-
 []


Loose \hbox (badness 41) in paragraph at lines 300--301
\T1/stix2/m/n/12 tifi-ca-tion, or OOD de-tec-tion at all. []Ta-ble 2.1[][] make
s this con-crete against the three
 []


Underfull \hbox (badness 179) in paragraph at lines 300--301
\T1/stix2/m/n/12 clos-est in-di-vid-ual prior works dis-cussed above: each cov-
ers a frozen back-bone, a
 []


Loose \hbox (badness 5) in paragraph at lines 300--301
\T1/stix2/m/n/12 parameter-efficient adapter, cal-i-bra-tion, or OOD de-tec-tio
n ^^V never all four at once.
 []


Loose \hbox (badness 9) in paragraph at lines 300--301
\T1/stix2/m/n/12 This is the gap this the-sis's B-PEFT sys-tem and ex-per-i-men
-tal grid are built to close,
 []

[16]
Loose \hbox (badness 5) in paragraph at lines 315--315
[]\T1/stix2/b/n/12 Table 2.1: |\T1/stix2/m/n/12 The research gap: each of the t
hree closest prior works covers some, but
 []


Loose \hbox (badness 3) in paragraph at lines 315--315
\T1/stix2/m/n/12 never all, of the four properties this thesis studies jointly.
 Published comparisons in
 []


Loose \hbox (badness 11) in paragraph at lines 315--315
\T1/stix2/m/n/12 this space typically vary two design axes at once (e.g. traini
ng objective and scoring
 []

[17{/usr/share/texlive/texmf-dist/fonts/enc/dvips/stix2-type1/stix2-mathtt.enc}
]
Chapter 3.

Tight \hbox (badness 25) in paragraph at lines 325--326
\T1/stix2/m/n/12 This chap-ter fixes the em-pir-i-cal ground this the-sis stand
s on be-fore de-scrib-ing the sys-
 []


Tight \hbox (badness 7) in paragraph at lines 325--326
\T1/stix2/m/n/12 tem built on top of it: the datasets and their frozen splits, 
the two back-bone net-works,
 []


Loose \hbox (badness 1) in paragraph at lines 325--326
\T1/stix2/m/n/12 the episodic pro-to-col shared by ev-ery ex-per-i-ment, and th
e met-rics used to re-port ac-
 []


Loose \hbox (badness 7) in paragraph at lines 332--333
\T1/stix2/m/n/12 Two in-distribution (ID) datasets are used, each un-der a cano
n-i-cal, frozen 64/16/20
 []

LaTeX Font Info:    Trying to load font information for TS1+stix2 on input line
 335.
(/usr/share/texlive/texmf-dist/tex/latex/stix2-type1/ts1stix2.fd
File: ts1stix2.fd 2018/04/02 v2.0.0-latex stix2 TS1 font definitions
)
Loose \hbox (badness 79) in paragraph at lines 335--336
[]\T1/stix2/b/n/12 CIFAR-FS\T1/stix2/m/n/12 , the few-shot re-or-gan-i-sa-tion 
of CIFAR-100 [[]28[]] un-der the split of
 []


Tight \hbox (badness 1) in paragraph at lines 336--337
[]\T1/stix2/b/n/12 MiniImageNet\T1/stix2/m/n/12 , under the split of Ravi and L
arochelle [[]45[]]: 100 classes drawn
 []


Loose \hbox (badness 30) in paragraph at lines 339--340
[]\T1/stix2/m/n/12 Both splits are treated in this project as frozen artefacts 
and are never regenerated:
 []


Loose \hbox (badness 6) in paragraph at lines 339--340
\T1/stix2/m/n/12 doing so would silently change which classes are held out for 
testing and invalidate
 []


Loose \hbox (badness 47) in paragraph at lines 339--340
\T1/stix2/m/n/12 comparison with every previously reported result. The 20 test 
classes in each split
 []

[18

{/usr/share/texlive/texmf-dist/fonts/enc/dvips/stix2-type1/stix2-ts1.enc}]
Loose \hbox (badness 2) in paragraph at lines 346--347
[]\T1/stix2/b/n/12 SVHN \T1/stix2/m/n/12 [[]43[]] (far-OOD, both ID datasets) ^
^V cropped street-view house-number
 []


Loose \hbox (badness 12) in paragraph at lines 347--348
[]\T1/stix2/b/n/12 Synthetic Gaus-sian noise \T1/stix2/m/n/12 (far-OOD, both ID
 datasets) ^^V ran-dom noise im-
 []


Loose \hbox (badness 18) in paragraph at lines 348--349
[]\T1/stix2/b/n/12 CIFAR-100-heldout \T1/stix2/m/n/12 (near-OOD, CIFAR-FS only)
 ^^V classes from CIFAR-100
 []


Underfull \hbox (badness 175) in paragraph at lines 349--350
[]\T1/stix2/b/n/12 MiniImageNet-heldout \T1/stix2/m/n/12 (near-OOD, Mini-Im-a-g
eNet only) ^^V the anal-o-gous
 []


Overfull \hbox (7.49799pt too wide) in paragraph at lines 350--351
[]\T1/stix2/b/n/12 TinyImageNet \T1/stix2/m/n/12 [[]32[]] (near-OOD, both ID da
tasets) ^^V a broader pool of ImageNet-
 []


Loose \hbox (badness 6) in paragraph at lines 350--351
\T1/stix2/m/n/12 derived classes dis-joint from both ID splits, pro-vid-ing a n
ear-OOD test not in-
 []


Loose \hbox (badness 3) in paragraph at lines 350--351
\T1/stix2/m/n/12 ter-nal to ei-ther split. Ma-linin and Gales [[]38[]] mo-ti-va
te the spe-cific dif-fi-culty of
 []


Loose \hbox (badness 46) in paragraph at lines 350--351
\T1/stix2/m/n/12 near-OOD de-tec-tion this pool is de-signed to probe: near-OOD
 in-puts are, by
 []


Loose \hbox (badness 2) in paragraph at lines 350--351
\T1/stix2/m/n/12 con-struc-tion, harder to sep-a-rate from ID in-puts than far-
OOD in-puts, be-cause
 []


Loose \hbox (badness 2) in paragraph at lines 356--357
\T1/stix2/m/n/12 Two backbones are used throughout, both pretrained on ImageNet
 [[]9[]] and \T1/stix2/b/n/12 entirely
 []


Loose \hbox (badness 37) in paragraph at lines 359--360
[]\T1/stix2/b/n/12 ResNet-18 \T1/stix2/m/n/12 [[]18[]] ^^V a clas-sic resid-ual
 net-work, ap-prox-i-mately 11.7 mil-lion pa-
 []


Loose \hbox (badness 37) in paragraph at lines 360--361
[]\T1/stix2/b/n/12 MobileNetV3-Small \T1/stix2/m/n/12 [[]22[]] ^^V a depthwise-
separable-convolution net-work de-
 []


Loose \hbox (badness 86) in paragraph at lines 360--361
\T1/stix2/m/n/12 signed for mo-bile and edge in-fer-ence, ap-prox-i-mately 2.5 
mil-lion pa-ram-e-ters,
 []


Tight \hbox (badness 10) in paragraph at lines 360--361
\T1/stix2/m/n/12 used as the sec-ond back-bone (from Step 8 of the project on-w
ard) to test whether
 []


Loose \hbox (badness 66) in paragraph at lines 363--364
[]\T1/stix2/m/n/12 Both back-bones are cho-sen specif-i-cally for edge-deployme
nt rel-e-vance rather than
 []


Overfull \hbox (4.46419pt too wide) in paragraph at lines 363--364
\T1/stix2/m/n/12 peak ac-cu-racy ([]sec-tion 2.6[][]); freez-ing them means a c
on-fig-u-ra-tion's trainable-parameter
 []


Tight \hbox (badness 20) in paragraph at lines 363--364
\T1/stix2/m/n/12 count is, for ev-ery adapter type ex-cept Full-Fine-Tuning, es
-sen-tially the adapter's own
 []


Loose \hbox (badness 5) in paragraph at lines 363--364
\T1/stix2/m/n/12 size, since the parameter-free pro-to-type head ([]sec-tion 4.
3[][]) con-tributes no ad-di-tional
 []


Loose \hbox (badness 9) in paragraph at lines 363--364
\T1/stix2/m/n/12 train-able weights be-yond the two evidence-affine pa-ram-e-te
rs in the ev-i-den-tial head
 []


Loose \hbox (badness 1) in paragraph at lines 368--369
\T1/stix2/m/n/12 Every ex-per-i-ment in this the-sis fol-lows the same $\LS1/st
ix2/m/it/12 N$\T1/stix2/m/n/12 -way $\LS1/stix2/m/it/12 K$\T1/stix2/m/n/12 -sho
t episodic pro-to-col, il-
 []

<figures/F2_few_shot_episode_compact.png, id=884, 280.4076pt x 157.5486pt>
File: figures/F2_few_shot_episode_compact.png Graphic file (type png)
<use figures/F2_few_shot_episode_compact.png>
Package pdftex.def Info: figures/F2_few_shot_episode_compact.png  used on input
 line 372.
(pdftex.def)             Requested size: 298.75264pt x 167.85413pt.

Loose \hbox (badness 1) in paragraph at lines 373--373
[]\T1/stix2/b/n/12 Figure 3.1: |\T1/stix2/m/n/12 One 5-way, 5-shot episode: a s
upport grid of 5 labelled images per class,
 []


Loose \hbox (badness 5) in paragraph at lines 373--373
\T1/stix2/m/n/12 and a query block of 15 unlabelled images per class to be clas
sified. A fresh set of 5
 []


Tight \hbox (badness 2) in paragraph at lines 373--373
\T1/stix2/m/n/12 classes is sampled for every episode, and the 20 test classes 
are never used to train the
 []

[19]
Loose \hbox (badness 7) in paragraph at lines 378--379
[]\T1/stix2/b/n/12 Task for-mat. \T1/stix2/m/n/12 5-way $\LS1/stix2/m/n/12 ^1\L
S1/stix2/m/it/12 ; \LS1/stix2/m/n/12 5`$\T1/stix2/m/n/12 -shot clas-si-fi-ca-ti
on: each episode sam-ples 5 classes,
 []


Loose \hbox (badness 1) in paragraph at lines 378--379
\LS1/stix2/m/it/12 K \LS1/stix2/m/n/12 À ^1\LS1/stix2/m/it/12 ; \LS1/stix2/m/n/
12 5`$ \T1/stix2/m/n/12 sup-port im-ages per class, and 15 query im-ages per cl
ass to be clas-si-
 []

LaTeX Font Info:    Trying to load font information for T1+lmtt on input line 3
79.
(/usr/share/texmf/tex/latex/lm/t1lmtt.fd
File: t1lmtt.fd 2015/05/01 v1.6.1 Font defs for Latin Modern
)
Overfull \hbox (2.22842pt too wide) in paragraph at lines 379--380
\T1/stix2/m/n/12 in a version-controlled con-fig-u-ra-tion file (\T1/lmtt/m/n/1
2 configs/test_episodes.yaml\T1/stix2/m/n/12 , seeds
 []


Tight \hbox (badness 9) in paragraph at lines 379--380
\T1/stix2/m/n/12 0--599) that is never re-gen-er-ated, so that ev-ery re-ported
 test-time num-ber in this
 []


Overfull \hbox (94.24835pt too wide) in paragraph at lines 380--381
[]\T1/stix2/b/n/12 Validation episodes. \T1/stix2/m/n/12 A dis-joint set of epi
sodes, seeded sep-a-rately (\T1/lmtt/m/n/12 configs/val_episodes.yaml\T1/stix2/
m/n/12 ,
 []


Tight \hbox (badness 4) in paragraph at lines 380--381
\T1/stix2/m/n/12 seeds 10000--10099), is used for early stop-ping dur-ing meta-
training and for any
 []


Loose \hbox (badness 15) in paragraph at lines 380--381
\T1/stix2/m/n/12 hy-per-pa-ram-e-ter se-lec-tion ([]sec-tion 4.10[][]) ^^V the 
600 frozen test seeds are never
 []


Loose \hbox (badness 73) in paragraph at lines 381--382
\T1/stix2/m/n/12 dom seeds (42, 43, 44), and ac-cu-racy, cal-i-bra-tion, and OO
D num-bers are re-
 []


Underfull \hbox (badness 115) in paragraph at lines 381--382
\T1/stix2/m/n/12 as the stan-dard de-vi-a-tion of the per-seed means, the lat-t
er be-ing the cor-rect
 []


Tight \hbox (badness 1) in paragraph at lines 381--382
\T1/stix2/m/n/12 quan-tity for judg-ing whether two con-fig-u-ra-tions dif-fer 
by more than seed noise
 []


Loose \hbox (badness 1) in paragraph at lines 382--383
\T1/stix2/m/n/12 the 20 held-out test classes of the relevant split, which are 
disjoint from the 64
 []

[20{/usr/share/texmf/fonts/enc/dvips/lm/lm-ec.enc} <./figures/F2_few_shot_episo
de_compact.png>]
Tight \hbox (badness 1) in paragraph at lines 390--391
\T1/stix2/m/n/12 Top-1 ac-cu-racy and macro-averaged F1 score are com-puted per
 episode and av-er-aged
 []


Underfull \hbox (badness 127) in paragraph at lines 390--391
\T1/stix2/m/n/12 over the 600 test episodes. In a bal-anced 5-way episode the t
wo track each other
 []


Tight \hbox (badness 60) in paragraph at lines 390--391
\T1/stix2/m/n/12 closely; the gap be-tween them, which widens specif-i-cally at
 1-shot, mea-sures per-class
 []


Tight \hbox (badness 65) in paragraph at lines 390--391
\T1/stix2/m/n/12 im-bal-ance in the er-rors ^^V with only one sup-port im-age p
er class, a sin-gle badly-placed
 []


Loose \hbox (badness 4) in paragraph at lines 390--391
\T1/stix2/m/n/12 pro-to-type pro-duces a re-call col-lapse on that one class th
at macro-F1 pe-nalises more
 []


Tight \hbox (badness 6) in paragraph at lines 394--395
\T1/stix2/m/n/12 The Ex-pected Cal-i-bra-tion Er-ror (ECE) par-ti-tions pre-dic
-tions into $\LS1/stix2/m/it/12 M$ \T1/stix2/m/n/12 equal-width con-
 []


Tight \hbox (badness 33) in paragraph at lines 394--395
\T1/stix2/m/n/12 fi-dence bins $\LS1/stix2/m/it/12 B[]; \LS1/stix2/m/n/12 ß \LS
1/stix2/m/it/12 ; B[]$ \T1/stix2/m/n/12 and mea-sures the av-er-age, bin-size-w
eighted gap be-tween each
 []


Loose \hbox (badness 97) in paragraph at lines 398--400
\T1/stix2/m/n/12 Two vari-ants are re-ported: \T1/stix2/m/it/12 pooled \T1/stix
2/m/n/12 ECE, com-puted over all query pre-dic-tions from
 []


Underfull \hbox (badness 110) in paragraph at lines 398--400
\T1/stix2/m/n/12 sep-a-rately and then av-er-aged ^^V a harsher, small-sample-s
ensitive vari-ant, since a
 []


Loose \hbox (badness 6) in paragraph at lines 398--400
\T1/stix2/m/n/12 sin-gle episode con-tributes only 75 query pre-dic-tions to it
s own cal-i-bra-tion es-ti-mate.
 []


Tight \hbox (badness 83) in paragraph at lines 398--400
\T1/stix2/m/n/12 Temperature-scaled ECE is ad-di-tion-ally re-ported for softma
x-head con-fig-u-ra-tions, fol-
 []


Loose \hbox (badness 1) in paragraph at lines 398--400
\T1/stix2/m/n/12 tial head's Dirich-let ev-i-dence map-ping and is there-fore r
e-ported as not ap-pli-ca-ble in
 []


Tight \hbox (badness 35) in paragraph at lines 398--400
\T1/stix2/m/n/12 that case ([]sec-tion 4.4[][] de-scribes the ev-i-den-tial hea
d's own post-hoc re-cal-i-bra-tion mech-
 []


Tight \hbox (badness 45) in paragraph at lines 403--405
\T1/stix2/m/n/12 is reported alongside ECE as a proper scoring rule that is sen
sitive to the full predictive
 []


Loose \hbox (badness 10) in paragraph at lines 408--409
\T1/stix2/m/n/12 For a cho-sen un-cer-tainty score ([]sec-tion 4.8[][]), OOD-de
tection qual-ity is mea-sured by
 []


Tight \hbox (badness 6) in paragraph at lines 408--409
\T1/stix2/m/n/12 ples in-cor-rectly re-tained as in-distribution when the de-te
c-tion thresh-old is set to keep
 []

[21]
Loose \hbox (badness 37) in paragraph at lines 412--413
\T1/stix2/m/n/12 Trainable-parameter count (and, where rel-e-vant, its per-cent
-age of the frozen back-
 []


Loose \hbox (badness 11) in paragraph at lines 412--413
\T1/stix2/m/n/12 bone's to-tal pa-ram-e-ter count), in-fer-ence la-tency, and p
eak mem-ory are re-ported for
 []

[22]
Chapter 4.

Underfull \hbox (badness 115) in paragraph at lines 423--424
\T1/stix2/m/n/12 B-PEFT's ar-chi-tec-ture is a three-stage pipeline, il-lus-tra
ted in []Fig-ure 4.1[][]: a frozen,
 []


Loose \hbox (badness 70) in paragraph at lines 423--424
\T1/stix2/m/n/12 ImageNet-pretrained CNN back-bone ex-tracts im-age em-bed-ding
s; a small train-able
 []


Tight \hbox (badness 7) in paragraph at lines 423--424
\T1/stix2/m/n/12 adapter re-shapes those em-bed-dings for the cur-rent task, an
d is the \T1/stix2/m/it/12 only \T1/stix2/m/n/12 com-po-nent of
 []


Loose \hbox (badness 2) in paragraph at lines 423--424
\T1/stix2/m/n/12 Tuning base-line, []sec-tion 4.2[][]); and a parameter-free pr
o-to-type head clas-si-fies a query
 []


Loose \hbox (badness 11) in paragraph at lines 423--424
\T1/stix2/m/n/12 log-its that are then read in one of two ways ^^V as or-di-nar
y soft-max prob-a-bil-i-ties, or
 []


Loose \hbox (badness 14) in paragraph at lines 423--424
\T1/stix2/m/n/12 stage is de-scribed in the sec-tions that fol-low, in the or-d
er data flows through them,
 []


Tight \hbox (badness 1) in paragraph at lines 423--424
\T1/stix2/m/n/12 fol-lowed by how the pipeline is trained ([]sec-tion 4.6[][]),
 how its ev-i-den-tial head is re-cal-i-
 []


Tight \hbox (badness 24) in paragraph at lines 423--424
\T1/stix2/m/n/12 brated af-ter train-ing ([]sec-tion 4.4[][]), how OOD de-tec-t
ion is scored ([]sec-tion 4.8[][]), and how
 []

<figures/F4_architecture_pipeline.png, id=922, 598.3956pt x 200.9106pt>
File: figures/F4_architecture_pipeline.png Graphic file (type png)
<use figures/F4_architecture_pipeline.png>
Package pdftex.def Info: figures/F4_architecture_pipeline.png  used on input li
ne 427.
(pdftex.def)             Requested size: 426.79135pt x 143.29742pt.

Tight \hbox (badness 3) in paragraph at lines 428--428
[]\T1/stix2/b/n/12 Figure 4.1: |\T1/stix2/m/n/12 The B-PEFT pipeline. Sup-port 
and query im-ages pass through the frozen
 []


Loose \hbox (badness 5) in paragraph at lines 428--428
\T1/stix2/m/n/12 feed a parameter-free pro-to-type head, whose sim-i-lar-ity lo
g-its are read as ei-ther soft-
 []


Loose \hbox (badness 1) in paragraph at lines 428--428
\T1/stix2/m/n/12 max or ev-i-den-tial (Dirich-let) prob-a-bil-i-ties. Only the 
adapter (or-ange) and, in the ev-
 []


Loose \hbox (badness 2) in paragraph at lines 428--428
\T1/stix2/m/n/12 i-den-tial in-ter-pre-ta-tion, its two evidence-affine pa-ram-
e-ters are trained; the back-bone
 []

[23

]
Tight \hbox (badness 4) in paragraph at lines 435--436
\T1/stix2/m/n/12 Five adap-ta-tion mech-a-nisms are com-pared, cho-sen to span 
the space from zero train-
 []


Loose \hbox (badness 4) in paragraph at lines 437--438
 []\T1/stix2/b/n/12 Bottleneck adapter [[]21[]].[] \T1/stix2/m/n/12 A down-proj
ection to a bottleneck dimension $\LS1/stix2/m/it/12 r ~ d$\T1/stix2/m/n/12 , a

 []


Loose \hbox (badness 2) in paragraph at lines 441--443
\T1/stix2/m/n/12 Following the se-ri-al/-par-al-lel vo-cab-u-lary of He, Zhou, 
Ma, \T1/stix2/m/it/12 et al. \T1/stix2/m/n/12 [[]17[]], this the-sis tests
 []


Tight \hbox (badness 4) in paragraph at lines 441--443
\T1/stix2/m/n/12 both place-ments: \T1/stix2/m/it/12 se-rial\T1/stix2/m/n/12 , 
where the adapter out-put re-places or fol-lows the block's own
 []


Tight \hbox (badness 8) in paragraph at lines 441--443
\T1/stix2/m/it/12 put \T1/stix2/m/n/12 and its out-put is summed into the block
's out-put as an ad-di-tional resid-ual branch.
 []


Tight \hbox (badness 29) in paragraph at lines 441--443
\T1/stix2/m/n/12 Which place-ment to adopt as the stand-ing de-fault for the re
st of the grid was set-tled by
 []


Loose \hbox (badness 5) in paragraph at lines 441--443
\T1/stix2/m/n/12 both head in-ter-pre-ta-tions, on CIFAR-FS with ResNet-18 only
, at iden-ti-cal trainable-
 []


Overfull \hbox (4.66823pt too wide) in paragraph at lines 441--443
\T1/stix2/m/n/12 parameter counts since place-ment changes only where the adapt
er's out-put is summed,
 []


Loose \hbox (badness 38) in paragraph at lines 441--443
\T1/stix2/m/n/12 not its size): the two place-ments tie on ac-cu-racy (ev-i-den
-tial 0.915 ei-ther way; soft-
 []


Loose \hbox (badness 5) in paragraph at lines 441--443
\T1/stix2/m/n/12 max 0.913 ei-ther way), but par-al-lel is mean-ing-fully bet-t
er cal-i-brated for the soft-max
 []


Loose \hbox (badness 45) in paragraph at lines 441--443
\T1/stix2/m/n/12 head (ECE 0.063 ver-sus 0.081) and gives sub-stan-tially highe
r far-OOD AU-ROC for
 []


Loose \hbox (badness 1) in paragraph at lines 441--443
\T1/stix2/m/n/12 the strength of this pi-lot, the adapter is in-serted at the f
i-nal resid-ual block of each of
 []


Loose \hbox (badness 7) in paragraph at lines 441--443
\T1/stix2/m/n/12 the \T1/stix2/m/it/12 par-al-lel \T1/stix2/m/n/12 con-fig-u-ra
-tion through-out the main 120-run grid, which there-fore never
 []


Loose \hbox (badness 3) in paragraph at lines 441--443
\T1/stix2/m/n/12 re-tests place-ment at scale ^^V this pi-lot, not a larger in-
ter-nal study, is the place-ment
 []


Tight \hbox (badness 4) in paragraph at lines 441--443
\T1/stix2/m/it/12 et al. \T1/stix2/m/n/12 [[]6[]]'s lo-cal-ity caveat, this the
-sis's bot-tle-neck pro-jec-tions use $\LS1/stix2/m/n/12 1[]1$ \T1/stix2/m/n/12
 con-vo-lu-tions ap-
 []


Loose \hbox (badness 2) in paragraph at lines 441--443
\T1/stix2/m/n/12 plied per spa-tial lo-ca-tion rather than a fully-connected la
yer over a flat-tened fea-ture
 []

[24 <./figures/F4_architecture_pipeline.png>]
Tight \hbox (badness 50) in paragraph at lines 444--445
 []\T1/stix2/b/n/12 LoRA [[]23[]].[] \T1/stix2/m/n/12 A low-rank up-date to a s
in-gle $\LS1/stix2/m/n/12 1[]1$ \T1/stix2/m/n/12 con-vo-lu-tional ker-nel withi
n the back-
 []


Tight \hbox (badness 16) in paragraph at lines 448--450
\T1/stix2/m/it/12 al. \T1/stix2/m/n/12 [[]1[]] and Zhong, Tang, He, \T1/stix2/m
/it/12 et al. \T1/stix2/m/n/12 [[]66[]] rather than the fully-connected form Lo
RA was
 []


Tight \hbox (badness 79) in paragraph at lines 448--450
\T1/stix2/m/n/12 originally proposed for. Because the target convolution is $\L
S1/stix2/m/n/12 1[]1$\T1/stix2/m/n/12 , the update itself ^^V low-
 []


Loose \hbox (badness 5) in paragraph at lines 448--450
\T1/stix2/m/n/12 fall into the locality-loss failure mode Chen, Tao, Zhang, \T1
/stix2/m/it/12 et al. \T1/stix2/m/n/12 [[]6[]] describe for fully-
 []


Loose \hbox (badness 33) in paragraph at lines 448--450
\T1/stix2/m/n/12 connected-style adapters; this thesis treats the LoRA-versus-b
ottleneck comparison
 []


Loose \hbox (badness 31) in paragraph at lines 448--450
\T1/stix2/m/n/12 ([]section 5.5[][]) as a separate, corroborating data point ra
ther than an instance of that
 []

<figures/F5a_adapter_zooms.png, id=944, 468.3096pt x 172.0026pt>
File: figures/F5a_adapter_zooms.png Graphic file (type png)
<use figures/F5a_adapter_zooms.png>
Package pdftex.def Info: figures/F5a_adapter_zooms.png  used on input line 453.

(pdftex.def)             Requested size: 426.79135pt x 156.76143pt.

Loose \hbox (badness 25) in paragraph at lines 454--454
\T1/stix2/m/n/12 al-lel bot-tle-neck, a down-project/ReLU/up-project side branc
h added at ev-ery stage;
 []


Loose \hbox (badness 1) in paragraph at lines 458--459
 []\T1/stix2/b/n/12 BitFit [[]2[]].[] \T1/stix2/m/n/12 Only the bias terms of t
he back-bone's con-vo-lu-tional and nor-mal-i-sa-tion
 []


Underfull \hbox (badness 154) in paragraph at lines 458--459
\T1/stix2/m/n/12 lay-ers are un-frozen, leav-ing all weight ten-sors un-touched
 ^^V the most parameter-
 []


Tight \hbox (badness 1) in paragraph at lines 460--461
 []\T1/stix2/b/n/12 Full-Fine-Tuning (base-line).[] \T1/stix2/m/n/12 Ev-ery bac
k-bone pa-ram-e-ter is train-able, in-cluded as
 []


Underfull \hbox (badness 171) in paragraph at lines 460--461
\T1/stix2/m/n/12 the pro-posal's manda-tory non-PEFT ref-er-ence point and as t
he em-pir-i-cal demon-
 []


Underfull \hbox (badness 147) in paragraph at lines 460--461
\T1/stix2/m/n/12 stra-tion of \T1/stix2/m/it/12 why \T1/stix2/m/n/12 PEFT is ne
c-es-sary in this regime: with only 5--25 la-belled im-ages
 []


Loose \hbox (badness 36) in paragraph at lines 460--461
\T1/stix2/m/n/12 catas-trophic over-fit-ting, and []sec-tion 5.2[][] quan-ti-fi
es ex-actly how much ac-cu-racy and
 []

[25 <./figures/F5a_adapter_zooms.png>]
Tight \hbox (badness 56) in paragraph at lines 462--463
 []\T1/stix2/b/n/12 Linear-Probe (base-line).[] \T1/stix2/m/n/12 No back-bone p
a-ram-e-ter is trained at all; the frozen back-
 []


Loose \hbox (badness 34) in paragraph at lines 462--463
\T1/stix2/m/n/12 bone's own fea-tures are used di-rectly by the pro-to-type hea
d. Fol-low-ing Chen, Liu,
 []


Loose \hbox (badness 2) in paragraph at lines 462--463
\T1/stix2/m/n/12 in low-shot regimes, this con-fig-u-ra-tion is in-cluded speci
f-i-cally to test whether adap-
 []


Loose \hbox (badness 3) in paragraph at lines 467--468
\LS1/stix2/m/it/12 N$ \T1/stix2/m/n/12 classes in an episode, a class prototype
 $\LS1/stix2/m/it/12 c[]$ \T1/stix2/m/n/12 is computed as the mean embedding of

 []


Loose \hbox (badness 1) in paragraph at lines 471--473
\T1/stix2/m/n/12 is classified by its scaled cosine similarity to each prototyp
e, giving one raw logit per
 []


Loose \hbox (badness 19) in paragraph at lines 476--478
\T1/stix2/m/n/12 is through the embedding function $\LS1/stix2/m/it/12 f[]$\T1/
stix2/m/n/12 . This design choice is deliberate rather than
 []


Loose \hbox (badness 46) in paragraph at lines 476--478
\T1/stix2/m/n/12 incidental ^^V a trainable linear classification head, once fi
t to the 64 meta-training
 []


Tight \hbox (badness 9) in paragraph at lines 476--478
\T1/stix2/m/n/12 time, whereas a similarity-based head is defined for any set o
f classes by construction,
 []


Tight \hbox (badness 1) in paragraph at lines 476--478
\T1/stix2/m/it/12 same episode's \T1/stix2/m/n/12 support set. This is a delibe
rate, documented departure from the naive
 []


Tight \hbox (badness 4) in paragraph at lines 476--478
\T1/stix2/m/n/12 reading of the original research proposal, which had assumed a
 trainable linear head;
 []


Loose \hbox (badness 36) in paragraph at lines 476--478
\T1/stix2/m/n/12 the switch was made once the disjoint-class evaluation protoco
l ([]section 3.3[][]) made
 []


Loose \hbox (badness 2) in paragraph at lines 476--478
\T1/stix2/m/n/12 clear that a linear head trained on the 64 base classes cannot
 be evaluated on the 20
 []


Tight \hbox (badness 1) in paragraph at lines 476--478
\T1/stix2/m/n/12 held-out test classes without either retraining it per episode
 (defeating the purpose of
 []


Loose \hbox (badness 3) in paragraph at lines 476--478
\T1/stix2/m/n/12 a frozen adaptation budget) or accepting that its logits are m
eaningless for classes it
 []

[26{/usr/share/texlive/texmf-dist/fonts/enc/dvips/stix2-type1/stix2-mathscr.enc
}]
Loose \hbox (badness 2) in paragraph at lines 479--480
[]\T1/stix2/m/n/12 Every con-fig-u-ra-tion in this the-sis uses scaled co-sine 
sim-i-lar-ity rather than the neg-a-
 []


Tight \hbox (badness 1) in paragraph at lines 479--480
\T1/stix2/m/n/12 tive squared Eu-clidean dis-tance Snell, Swer-sky, and Zemel [
[]53[]] re-port as the stronger
 []


Loose \hbox (badness 20) in paragraph at lines 479--480
\T1/stix2/m/n/12 met-ric for Pro-to-typ-i-cal Net-works. This is a de-lib-er-at
e de-par-ture, made for two rea-
 []


Loose \hbox (badness 2) in paragraph at lines 479--480
\T1/stix2/m/n/12 sons rather than by de-fault: raw Euclidean-distance log-its f
rom a ResNet-18 em-bed-
 []


Tight \hbox (badness 4) in paragraph at lines 479--480
\T1/stix2/m/n/12 ding are large and neg-a-tive, which is pre-cisely what col-la
psed the ev-i-den-tial map-ping
 []


Tight \hbox (badness 20) in paragraph at lines 479--480
\T1/stix2/m/n/12 bounded in $\LS1/stix2/m/n/12 [*\LS1/stix2/m/it/12 ^^\; ^^\\LS
1/stix2/m/n/12 ]$ \T1/stix2/m/n/12 by con-struc-tion; and us-ing the same met-r
ic for both head in-ter-pre-
 []


Tight \hbox (badness 28) in paragraph at lines 479--480
\T1/stix2/m/n/12 so the ac-cu-racy cost of this choice rel-a-tive to the met-ri
c Snell, Swer-sky, and Zemel [[]53[]]
 []


Loose \hbox (badness 70) in paragraph at lines 484--485
\T1/stix2/m/n/12 tity com-puted iden-ti-cally re-gard-less of what hap-pens nex
t; \T1/stix2/m/it/12 head in-ter-pre-ta-tion \T1/stix2/m/n/12 is a
 []


Loose \hbox (badness 44) in paragraph at lines 488--489
\T1/stix2/m/n/12 The standard reading: $[] \LS1/stix2/m/n/12 = [].\LS1/stix2/m/
it/12 z\LS1/stix2/m/n/12 /[]$\T1/stix2/m/n/12 , with prediction confidence give
n by the
 []

<figures/F6a_head_two_readouts.png, id=974, 540.5796pt x 135.8676pt>
File: figures/F6a_head_two_readouts.png Graphic file (type png)
<use figures/F6a_head_two_readouts.png>
Package pdftex.def Info: figures/F6a_head_two_readouts.png  used on input line 
494.
(pdftex.def)             Requested size: 362.77525pt x 91.18007pt.

Underfull \hbox (badness 111) in paragraph at lines 495--495
[]\T1/stix2/b/n/12 Figure 4.3: |\T1/stix2/m/n/12 One set of raw sim-i-lar-ity l
og-its, read two ways: soft-max prob-a-bil-i-ties
 []


Loose \hbox (badness 11) in paragraph at lines 495--495
\T1/stix2/m/n/12 scored by MSP/en-ergy, or Dirich-let ev-i-dence scored by vacu
-ity. The two in-ter-pre-ta-
 []

[27]
Loose \hbox (badness 44) in paragraph at lines 499--500
\T1/stix2/m/n/12 negative \T1/stix2/m/it/12 ev-i-dence $\LS1/stix2/m/it/12 e[]$
 \T1/stix2/m/n/12 for each class, from which Dirich-let con-cen-tra-tion pa-ram
-e-ters
 []


Loose \hbox (badness 11) in paragraph at lines 499--500
\LS1/stix2/m/it/12 [] \LS1/stix2/m/n/12 = \LS1/stix2/m/it/12 e[] \LS1/stix2/m/
n/12 + 1$ \T1/stix2/m/n/12 are formed, giv-ing to-tal Dirich-let strength $\LS1
/stix2/m/it/12 S \LS1/stix2/m/n/12 = [][] \LS1/stix2/m/it/12 []$\T1/stix2/m/n/
12 , pre-dic-tive prob-
 []


Loose \hbox (badness 19) in paragraph at lines 499--500
\T1/stix2/m/n/12 a-bil-ity $[] \LS1/stix2/m/n/12 = \LS1/stix2/m/it/12 []\LS1/s
tix2/m/n/12 _\LS1/stix2/m/it/12 S$\T1/stix2/m/n/12 , and epis-temic un-cer-tain
ty (vacu-ity) $\LS1/stix2/m/it/12 u \LS1/stix2/m/n/12 = \LS1/stix2/m/it/12 K\LS
1/stix2/m/n/12 _\LS1/stix2/m/it/12 S$ \T1/stix2/m/n/12 for $\LS1/stix2/m/it/12 
K \LS1/stix2/m/n/12 = 5$ \T1/stix2/m/n/12 classes
 []


Loose \hbox (badness 17) in paragraph at lines 499--500
\T1/stix2/m/n/12 ^^V a net-work with lit-tle ev-i-dence for any class pro-duces
 small $\LS1/stix2/m/it/12 S$ \T1/stix2/m/n/12 and there-fore high
 []


Tight \hbox (badness 5) in paragraph at lines 499--500
\T1/stix2/m/n/12 vacu-ity, in-de-pen-dent of how that scant ev-i-dence hap-pens
 to be dis-tributed among the
 []


Tight \hbox (badness 1) in paragraph at lines 501--502
[]\T1/stix2/m/n/12 The map-ping from logit to ev-i-dence is the sin-gle most co
n-se-quen-tial im-ple-men-ta-tion
 []


Tight \hbox (badness 9) in paragraph at lines 501--502
\T1/stix2/m/n/12 de-tail in this the-sis, and it is worth ex-plain-ing why. The
 orig-i-nally pro-posed map-ping,
 []


Loose \hbox (badness 15) in paragraph at lines 501--502
\T1/stix2/m/n/12 to this the-sis's similarity-based log-its from []Equa-tion 4.
4[][], this map-ping fails silently:
 []


Tight \hbox (badness 9) in paragraph at lines 501--502
\T1/stix2/m/n/12 negative-squared-distance log-its from a ResNet-18 em-bed-ding
 space are large in mag-
 []


Loose \hbox (badness 62) in paragraph at lines 501--502
\T1/stix2/m/n/12 ni-tude and al-most al-ways neg-a-tive, so $[]\LS1/stix2/m/n/1
2 .\LS1/stix2/m/it/12 z[]\LS1/stix2/m/n/12 / = 0$ \T1/stix2/m/n/12 for es-sen-t
ially ev-ery class in
 []


Tight \hbox (badness 7) in paragraph at lines 501--502
\T1/stix2/m/n/12 all $\LS1/stix2/m/it/12 n$\T1/stix2/m/n/12 ) re-gard-less of t
he in-put, and pro-duc-ing dead gra-di-ents through-out train-ing. This
 []


Loose \hbox (badness 15) in paragraph at lines 501--502
\T1/stix2/m/n/12 is ex-actly the class of fail-ure the project's im-ple-men-ta-
tion guid-ance warns to watch
 []


Loose \hbox (badness 45) in paragraph at lines 501--502
\T1/stix2/m/n/12 for: a mech-a-nism drawn cor-rectly from its source pa-per, bu
t silently bro-ken by an
 []


Loose \hbox (badness 8) in paragraph at lines 501--502
\T1/stix2/m/n/12 as-sump-tion (small-magnitude, sign-mixed log-its) that does n
ot hold for this the-sis's
 []


Tight \hbox (badness 5) in paragraph at lines 501--502
\T1/stix2/m/n/12 spe-cific head de-sign. The cor-rected map-ping in-tro-duces a
 learned affine rescal-ing be-
 []


Tight \hbox (badness 92) in paragraph at lines 505--507
\T1/stix2/m/n/12 The two parameters $[]$ and $[]$ are the \T1/stix2/m/it/12 onl
y \T1/stix2/m/n/12 trainable parameters this mapping adds
 []


Tight \hbox (badness 78) in paragraph at lines 505--507
\T1/stix2/m/n/12 ^^V exactly two ^^V which is why an evidential-head configurat
ion's trainable-parameter
 []


Loose \hbox (badness 13) in paragraph at lines 505--507
\T1/stix2/m/n/12 count is always two more than the corresponding softmax-head c
onfiguration's (for
 []


Loose \hbox (badness 48) in paragraph at lines 505--507
\T1/stix2/m/n/12 example, 31,746 versus 31,744 for the ResNet-18 parallel-bottl
eneck adapter). This
 []


Tight \hbox (badness 1) in paragraph at lines 505--507
\T1/stix2/m/n/12 mapping ^^V []Equation 4.5[][] ^^V is implemented once and sha
red, by design, between the
 []


Loose \hbox (badness 15) in paragraph at lines 505--507
\T1/stix2/m/n/12 training loss and the evaluator's OOD scoring code, specifical
ly so that the two can
 []

[28 <./figures/F6a_head_two_readouts.png>]
Loose \hbox (badness 8) in paragraph at lines 520--520
[]\T1/stix2/b/n/12 Table 4.1: |\T1/stix2/m/n/12 The two head interpretations co
mpared. Both read the same underlying
 []


Loose \hbox (badness 45) in paragraph at lines 520--520
\T1/stix2/m/n/12 similarity logits ([]Equation 4.4[][]); they differ only in th
e transform applied afterward
 []


Tight \hbox (badness 3) in paragraph at lines 527--528
\T1/stix2/m/n/12 Following Sen-soy, Ka-plan, and Kan-demir [[]48[]], the ev-i-d
en-tial head is trained with the
 []


Loose \hbox (badness 1) in paragraph at lines 527--528
\T1/stix2/m/n/12 Type-II maximum-likelihood ev-i-den-tial loss ^^V the ex-pecte
d sum-of-squares er-ror of
 []


Loose \hbox (badness 7) in paragraph at lines 527--528
\T1/stix2/m/n/12 correctly-classified ex-am-ples only. Gao, Chen, Xi-ang, \T1/s
tix2/m/it/12 et al. \T1/stix2/m/n/12 [[]12[]] doc-u-ment the stan-
 []


Loose \hbox (badness 37) in paragraph at lines 527--528
\T1/stix2/m/n/12 dard de-sign ra-tio-nale for this KL term: with-out it, the ev
-i-den-tial loss alone has no
 []


Tight \hbox (badness 13) in paragraph at lines 527--528
\T1/stix2/m/n/12 classes, since spread-ing ev-i-dence across all classes pro-po
r-tion-ally does not change the
 []


Tight \hbox (badness 27) in paragraph at lines 527--528
\T1/stix2/m/n/12 dis-crim-i-nate be-tween classes at all, the KL term's weight 
is an-nealed in from zero over
 []


Loose \hbox (badness 1) in paragraph at lines 527--528
\T1/stix2/m/n/12 abled the KL term en-tirely and used cross-entropy di-rectly o
n the soft-plus ev-i-dence)
 []


Tight \hbox (badness 3) in paragraph at lines 527--528
\T1/stix2/m/n/12 showed to be nec-es-sary em-pir-i-cally, not merely as a the-o
-ret-i-cal nicety: cor-rect-ing this
 []


Tight \hbox (badness 17) in paragraph at lines 527--528
\T1/stix2/m/n/12 sys-tem's ECE by close to an or-der of mag-ni-tude in an early
 single-episode pi-lot, be-fore
 []


Loose \hbox (badness 44) in paragraph at lines 532--533
\T1/stix2/m/n/12 The adapter (and, in the ev-i-den-tial con-fig-u-ra-tion, the 
two evidence-affine pa-ram-e-
 []


Tight \hbox (badness 2) in paragraph at lines 532--533
\T1/stix2/m/n/12 ters) is meta-trained by sam-pling many episodes per epoch fro
m the 64 meta-training
 []


Tight \hbox (badness 63) in paragraph at lines 532--533
\T1/stix2/m/n/12 cur-rent adapter, of ev-ery sup-port and query im-age in the s
am-pled episode; (2) com-put-
 []


Tight \hbox (badness 94) in paragraph at lines 532--533
\T1/stix2/m/n/12 ing class pro-to-types from the sup-port em-bed-dings ([]Equa-
tion 4.3[][]); (3) com-put-ing query
 []


Loose \hbox (badness 3) in paragraph at lines 532--533
\T1/stix2/m/n/12 log-its by sim-i-lar-ity to each pro-to-type ([]Equa-tion 4.4[
][]); (4) com-put-ing the train-ing loss
 []


Tight \hbox (badness 3) in paragraph at lines 532--533
\T1/stix2/m/n/12 ap-pro-pri-ate to the con-fig-ured head in-ter-pre-ta-tion ([]
sec-tion 4.5[][] for ev-i-den-tial, stan-dard
 []


Loose \hbox (badness 3) in paragraph at lines 532--533
\T1/stix2/m/n/12 cross-entropy for soft-max); and (5) back-prop-a-gat-ing throu
gh the adapter only, since
 []


Loose \hbox (badness 1) in paragraph at lines 532--533
\T1/stix2/m/n/12 the back-bone is frozen and the pro-to-type head has no pa-ram
-e-ters of its own. This is
 []


Loose \hbox (badness 2) in paragraph at lines 532--533
\T1/stix2/m/n/12 re-peated for many sam-pled episodes per epoch, with per-for-m
ance on a fixed stream
 []


Loose \hbox (badness 43) in paragraph at lines 532--533
\T1/stix2/m/n/12 of val-i-da-tion episodes ([]sec-tion 3.3[][]) checked af-ter 
ev-ery epoch and train-ing stopped
 []


Tight \hbox (badness 3) in paragraph at lines 532--533
\T1/stix2/m/n/12 once val-i-da-tion ac-cu-racy plateaus. This \T1/stix2/m/it/12
 episodic \T1/stix2/m/n/12 meta-training pro-ce-dure, in-tro-duced
 []


Loose \hbox (badness 34) in paragraph at lines 532--533
\T1/stix2/m/n/12 to the project from Step 4 on-ward, re-placed an ear-lier, sim
-pler single-fixed-episode
 []


Tight \hbox (badness 1) in paragraph at lines 532--533
\T1/stix2/m/n/12 pro-ce-dure used in the project's first three de-vel-op-ment s
teps, in which 200 di-rect gra-
 []


Loose \hbox (badness 5) in paragraph at lines 532--533
\T1/stix2/m/n/12 not the source of any re-sult re-ported in []chap-ter 5[][], a
ll of which use the true episodic
 []

[29{/usr/share/texlive/texmf-dist/fonts/enc/dvips/stix2-type1/stix2-mathsf.enc}
]
Tight \hbox (badness 89) in paragraph at lines 537--538
\T1/stix2/m/n/12 The two evidence-affine pa-ram-e-ters of []Equa-tion 4.5[][] ^
^V $[]$ and $[]$ ^^V are \T1/stix2/m/it/12 not \T1/stix2/m/n/12 frozen:
 []


Overfull \hbox (1.76013pt too wide) in paragraph at lines 537--538
\T1/stix2/m/n/12 they are ini-tialised at $\LS1/stix2/m/n/12 .2\LS1/stix2/m/it/
12 ; \LS1/stix2/m/n/12 *6/$ \T1/stix2/m/n/12 and learned jointly with the adapt
er dur-ing meta-training,
 []


Tight \hbox (badness 17) in paragraph at lines 537--538
\T1/stix2/m/n/12 the same as any other train-able pa-ram-e-ter in that con-fig-
u-ra-tion. Across the ev-i-den-tial
 []


Loose \hbox (badness 8) in paragraph at lines 537--538
\T1/stix2/m/n/12 check-points in the main grid they move to a range of roughly 
$[] \LS1/stix2/m/n/12 À [1\LS1/stix2/m/it/12 :\LS1/stix2/m/n/12 5\LS1/stix2/m/i
t/12 ; \LS1/stix2/m/n/12 4\LS1/stix2/m/it/12 :\LS1/stix2/m/n/12 5]$ \T1/stix2/m
/n/12 and
 []


Loose \hbox (badness 10) in paragraph at lines 537--538
[] \LS1/stix2/m/n/12 À [*9\LS1/stix2/m/it/12 :\LS1/stix2/m/n/12 3\LS1/stix2/m/i
t/12 ; \LS1/stix2/m/n/12 *5\LS1/stix2/m/it/12 :\LS1/stix2/m/n/12 6]$ \T1/stix2/
m/n/12 ^^V i.e. ev-ery con-fig-u-ra-tion ends train-ing at its own point, not a
t
 []


Loose \hbox (badness 16) in paragraph at lines 537--538
\T1/stix2/m/n/12 the shared ini-tial value. RQ4 ([]sec-tion 5.6[][]) asks a dis
-tinct ques-tion: if these two pa-
 []


Loose \hbox (badness 3) in paragraph at lines 537--538
\T1/stix2/m/n/12 ram-e-ters are in-stead \T1/stix2/m/it/12 re-fit af-ter train-
ing\T1/stix2/m/n/12 , hold-ing the adapter it-self fixed, on that con-
 []


Loose \hbox (badness 21) in paragraph at lines 537--538
\T1/stix2/m/n/12 fig-u-ra-tion's own val-i-da-tion episodes, does the ev-i-den-
tial head's cal-i-bra-tion im-prove
 []


Loose \hbox (badness 17) in paragraph at lines 537--538
\T1/stix2/m/n/12 fur-ther be-yond wher-ever joint train-ing al-ready left it ^^
V and, since the affine trans-
 []


Loose \hbox (badness 4) in paragraph at lines 537--538
\T1/stix2/m/n/12 form is mono-tone in each \T1/stix2/m/it/12 in-di-vid-ual \T1/
stix2/m/n/12 logit but vacu-ity ($\LS1/stix2/m/it/12 u \LS1/stix2/m/n/12 = \LS1
/stix2/m/it/12 K\LS1/stix2/m/n/12 _\LS1/stix2/m/it/12 S$\T1/stix2/m/n/12 ) is a
 func-tion of \T1/stix2/m/it/12 all
 []


Loose \hbox (badness 7) in paragraph at lines 537--538
\LS1/stix2/m/it/12 K$ \T1/stix2/m/n/12 log-its jointly, does the head's OOD ran
k-ing sur-vive the re-fit? Un-like tem-per-a-ture
 []


Loose \hbox (badness 26) in paragraph at lines 537--538
\T1/stix2/m/n/12 scal-ing for a soft-max head, which is prov-ably rank-preservi
ng be-cause it is a sin-gle
 []


Loose \hbox (badness 4) in paragraph at lines 537--538
\T1/stix2/m/n/12 mono-tone trans-form of the ar-gu-ments to a rank-invariant $[
] []$, no such guar-an-
 []


Loose \hbox (badness 1) in paragraph at lines 537--538
\T1/stix2/m/n/12 tee holds here a pri-ori, so whether rank-ing is pre-served is
 treated in this the-sis as an
 []

[30]
Tight \hbox (badness 66) in paragraph at lines 542--543
\T1/stix2/m/n/12 Four uncertainty scores are computed and compared throughout t
his thesis, following
 []


Tight \hbox (badness 15) in paragraph at lines 542--543
\T1/stix2/m/n/12 Yang, Wang, Zou, \T1/stix2/m/it/12 et al. \T1/stix2/m/n/12 [[]
60[]]'s near/far taxonomy for the OOD pools they are evaluated
 []


Loose \hbox (badness 82) in paragraph at lines 545--546
[]\T1/stix2/b/n/12 Vacuity \T1/stix2/m/n/12 ($\LS1/stix2/m/it/12 u \LS1/stix2/m
/n/12 = \LS1/stix2/m/it/12 K\LS1/stix2/m/n/12 _\LS1/stix2/m/it/12 S$\T1/stix2/m
/n/12 , evidential head only) ^^V this thesis's primary evidential
 []


Loose \hbox (badness 10) in paragraph at lines 546--547
[]\T1/stix2/b/n/12 Maximum softmax probability (MSP) \T1/stix2/m/n/12 [[]19[]] 
^^V the softmax head's standard
 []


Loose \hbox (badness 4) in paragraph at lines 547--548
[]\T1/stix2/b/n/12 Temperature-scaled MSP (TS-MSP) \T1/stix2/m/n/12 ^^V MSP com
puted after fitting a single
 []


Tight \hbox (badness 6) in paragraph at lines 547--548
\T1/stix2/m/n/12 scalar temperature on the validation split, following Guo, Ple
iss, Sun, \T1/stix2/m/it/12 et al. \T1/stix2/m/n/12 [[]15[]]. 
 []


Overfull \hbox (59.50597pt too wide) in paragraph at lines 548--549
[]\T1/stix2/b/n/12 Energy \T1/stix2/m/n/12 [[]37[]] ^^V a training-free score c
om-puted di-rectly from the raw log-its, $\LS1/stix2/m/n/12 * [] [][] [].\LS1/s
tix2/m/it/12 z[]\LS1/stix2/m/n/12 /$\T1/stix2/m/n/12 ,
 []


Tight \hbox (badness 10) in paragraph at lines 551--552
[]\T1/stix2/m/n/12 Because the base ex-per-i-men-tal grid scores evidential-hea
d runs with vacu-ity only and
 []


Loose \hbox (badness 26) in paragraph at lines 551--552
\T1/stix2/m/n/12 par-i-son in the grid varies the train-ing ob-jec-tive (ev-i-d
en-tial ver-sus soft-max) and the
 []


Tight \hbox (badness 5) in paragraph at lines 551--552
\T1/stix2/m/n/12 scor-ing rule \T1/stix2/m/it/12 to-gether\T1/stix2/m/n/12 ; RQ
2 ([]sec-tion 5.4[][]) is de-signed specif-i-cally to break this con-found
 []


Loose \hbox (badness 5) in paragraph at lines 558--559
\T1/stix2/m/n/12 anced $\LS1/stix2/m/n/12 2[]$ \T1/stix2/m/n/12 full fac-to-ria
l of 32 cells, plus 8 ad-di-tional base-line cells that are not part of
 []


Overfull \hbox (6.2434pt too wide) in paragraph at lines 564--565
[]\T1/stix2/b/n/12 Adapter $\LS1/stix2/m/n/12 À ^$\T1/stix2/m/n/12 Bottleneck-p
arallel, LoRA$\LS1/stix2/m/n/12 `$ \T1/stix2/m/n/12 (the bal-anced fac-to-rial;
 Full-Fine-Tuning
 []


Overfull \hbox (11.65009pt too wide) in paragraph at lines 564--565
\T1/stix2/m/n/12 and Linear-Probe ap-pear only as un-bal-anced base-line cells 
on CIFAR-FS $\LS1/stix2/m/n/12 ù$ \T1/stix2/m/n/12 ResNet-
 []

[31]
Tight \hbox (badness 2) in paragraph at lines 568--569
[]\T1/stix2/m/n/12 giving $\LS1/stix2/m/n/12 2 ù 2 ù 2 ù 2 ù 2 = 32$ \T1/stix2/
m/n/12 balanced cells plus $\LS1/stix2/m/n/12 2$ \T1/stix2/m/n/12 (baseline ada
pters) $\LS1/stix2/m/n/12 ù2$ \T1/stix2/m/n/12 (heads) $\LS1/stix2/m/n/12 = 4$\
T1/stix2/m/n/12 ...
 []


Loose \hbox (badness 73) in paragraph at lines 568--569
\T1/stix2/m/n/12 and, because both Full-Fine-Tuning and Linear-Probe are additi
onally run at both
 []


Tight \hbox (badness 13) in paragraph at lines 568--569
\T1/stix2/m/n/12 shot counts, $\LS1/stix2/m/n/12 8$ \T1/stix2/m/n/12 baseline c
ells in total, for $\LS1/stix2/m/n/12 40$ \T1/stix2/m/n/12 unique configuration
s. Each configuration
 []


Loose \hbox (badness 20) in paragraph at lines 568--569
\T1/stix2/m/n/12 is meta-trained under 3 seeds (42, 43, 44), giving $\LS1/stix2
/m/n/12 40 ù 3 = 120$ \T1/stix2/m/n/12 completed runs, all
 []


Tight \hbox (badness 32) in paragraph at lines 568--569
\T1/stix2/m/n/12 evaluated over the identical frozen 600-episode test stream ([
]section 3.3[][]) under a single
 []


Loose \hbox (badness 1) in paragraph at lines 568--569
\T1/stix2/m/n/12 hyperparameter recipe fixed once in advance and never re-tuned
 per cell ^^V the grid
 []


Loose \hbox (badness 28) in paragraph at lines 568--569
\T1/stix2/m/n/12 therefore answers ``how do these design axes compare under one
 fixed recipe,'' not
 []


Tight \hbox (badness 1) in paragraph at lines 568--569
\T1/stix2/m/n/12 ``what is the best achievable number in each cell,'' a scope l
imitation this thesis states
 []

<figures/F7_experimental_design_flow.png, id=1026, 265.9536pt x 396.0396pt>
File: figures/F7_experimental_design_flow.png Graphic file (type png)
<use figures/F7_experimental_design_flow.png>
Package pdftex.def Info: figures/F7_experimental_design_flow.png  used on input
 line 572.
(pdftex.def)             Requested size: 256.07741pt x 381.35396pt.

Loose \hbox (badness 3) in paragraph at lines 573--573
[]\T1/stix2/b/n/12 Figure 4.4: |\T1/stix2/m/n/12 The full experimental design: 
the base grid (120 runs), re-scored with 4
 []


Loose \hbox (badness 12) in paragraph at lines 573--573
\T1/stix2/m/n/12 OOD scores and a post-hoc refit at no extra training cost, fol
lowed by the matched-
 []


Loose \hbox (badness 42) in paragraph at lines 573--573
\T1/stix2/m/n/12 budget experiment (48 runs) and the rank sweep (21 runs) ^^V 1
89 training runs in
 []

[32]
Tight \hbox (badness 3) in paragraph at lines 577--578
[]\T1/stix2/m/n/12 A structural fact about this grid makes RQ3 possible. The tr
ainable-parameter counts
 []


Loose \hbox (badness 20) in paragraph at lines 590--590
[]\T1/stix2/b/n/12 Table 4.2: |\T1/stix2/m/n/12 Trainable-parameter counts (sof
t-max head; the ev-i-den-tial head adds ex-
 []


Tight \hbox (badness 84) in paragraph at lines 594--595
\T1/stix2/m/n/12 reversal that falls out of the two backbones' channel widths r
ather than being designed
 []


Tight \hbox (badness 99) in paragraph at lines 594--595
\T1/stix2/m/n/12 in, and that partially deconfounds adapter \T1/stix2/m/it/12 a
rchitecture \T1/stix2/m/n/12 from adapter \T1/stix2/m/it/12 parameter budget\T1
/stix2/m/n/12 ,
 []


Loose \hbox (badness 3) in paragraph at lines 594--595
\T1/stix2/m/n/12 which is normally impossible in a PEFT study because the more 
accurate adapter is
 []


Loose \hbox (badness 43) in paragraph at lines 594--595
\T1/stix2/m/n/12 usually also the larger one everywhere. []section 5.5[][] show
s why this reversal, while
 []


Loose \hbox (badness 23) in paragraph at lines 594--595
\T1/stix2/m/n/12 informative, is not sufficient on its own to fully separate th
e two explanations, and
 []

[33 <./figures/F7_experimental_design_flow.png>]
Loose \hbox (badness 13) in paragraph at lines 599--600
\T1/stix2/m/n/12 Because the parameter-budget re-ver-sal in []Ta-ble 4.2[][] is
 welded to the choice of back-
 []


Tight \hbox (badness 3) in paragraph at lines 599--600
\T1/stix2/m/n/12 bone, a find-ing of the form ``the larger-budget adapter is be
t-ter cal-i-brated'' and a find-
 []


Loose \hbox (badness 14) in paragraph at lines 599--600
\T1/stix2/m/n/12 ing of the form ``some-thing about the back-bone de-ter-mines 
cal-i-bra-tion'' pre-dict the
 []


Loose \hbox (badness 15) in paragraph at lines 599--600
\T1/stix2/m/n/12 was de-signed and run: both adapter ar-chi-tec-tures are re-bu
ilt at the \T1/stix2/m/it/12 same \T1/stix2/m/n/12 trainable-
 []


Tight \hbox (badness 12) in paragraph at lines 599--600
\T1/stix2/m/n/12 backbone re-ver-sal), at two bud-get lev-els per back-bone, on
 Mini-Im-a-geNet 5-shot, with
 []


Overfull \hbox (9.17537pt too wide) in paragraph at lines 599--600
\T1/stix2/m/n/12 both head in-ter-pre-ta-tions trained sep-a-rately and 3 seeds
 each, for $\LS1/stix2/m/n/12 2 [] ù 2 [] ù
 []


Loose \hbox (badness 1) in paragraph at lines 599--600
\T1/stix2/m/n/12 the bud-get hy-poth-e-sis and the backbone-intrinsic hy-poth-e
-sis was fixed \T1/stix2/m/it/12 be-fore \T1/stix2/m/n/12 the 48
 []


Loose \hbox (badness 1) in paragraph at lines 599--600
\T1/stix2/m/n/12 runs were ex-e-cuted, so that the re-sult re-ported in []sec-t
ion 5.5[][] is a gen-uine test rather
 []


Loose \hbox (badness 33) in paragraph at lines 599--600
\T1/stix2/m/n/12 than a post-hoc ra-tio-nal-i-sa-tion of whichever pat-tern hap
-pened to ap-pear. Resid-ual
 []


Loose \hbox (badness 12) in paragraph at lines 599--600
\T1/stix2/m/n/12 parameter-count mis-match be-tween the matched pairs is kept u
n-der 3.10%, against
 []


Tight \hbox (badness 20) in paragraph at lines 599--600
\T1/stix2/m/n/12 55--158% mis-match in the orig-i-nal 16-pair com-par-i-son, ma
k-ing this ex-per-i-ment a sub-
 []


Tight \hbox (badness 1) in paragraph at lines 599--600
\T1/stix2/m/n/12 stan-tially tighter test of the bud-get hy-poth-e-sis than the
 base grid alone could pro-vide. 
 []


Underfull \hbox (badness 122) in paragraph at lines 604--605
\T1/stix2/m/n/12 The sys-tem is im-ple-mented as a configuration-driven code-ba
se: ev-ery ex-per-i-ment
 []


Underfull \hbox (badness 129) in paragraph at lines 604--605
\T1/stix2/m/n/12 is spec-i-fied by a YAML con-fig-u-ra-tion file that may \T1/l
mtt/m/n/12 extend \T1/stix2/m/n/12 a par-ent con-fig-u-ra-tion
 []


Loose \hbox (badness 35) in paragraph at lines 604--605
\T1/stix2/m/n/12 (re-cur-sively deep-merged, with the child's keys tak-ing prec
e-dence), so that each of
 []


Loose \hbox (badness 12) in paragraph at lines 604--605
\T1/stix2/m/n/12 from a shared base con-fig-u-ra-tion rather than re-peat-ing e
v-ery hy-per-pa-ram-e-ter. Two
 []


Tight \hbox (badness 2) in paragraph at lines 604--605
\T1/stix2/m/n/12 command-line en-try points, a train-ing script and an eval-u-a
-tion script, con-sume these
 []


Loose \hbox (badness 20) in paragraph at lines 604--605
\T1/stix2/m/n/12 ta-tion via a small fac-tory func-tion per com-po-nent, so tha
t adding a new adapter or
 []


Loose \hbox (badness 20) in paragraph at lines 604--605
\T1/stix2/m/n/12 head vari-ant re-quires adding one class and one branch in tha
t com-po-nent's fac-tory
 []


Loose \hbox (badness 60) in paragraph at lines 604--605
\T1/stix2/m/n/12 rather than mod-i-fy-ing any call-ing code. Ev-ery run seeds P
ython, NumPy, and Py-
 []


Tight \hbox (badness 11) in paragraph at lines 604--605
\T1/stix2/m/n/12 Torch's CPU and CUDA random-number gen-er-a-tors and forces de
-ter-min-is-tic cuDNN
 []


Tight \hbox (badness 1) in paragraph at lines 604--605
\T1/stix2/m/n/12 once and for-got-ten; two of the forty con-fig-u-ra-tions in t
his grid (Full-Fine-Tuning and
 []


Tight \hbox (badness 7) in paragraph at lines 604--605
\T1/stix2/m/n/12 Linear-Probe) ad-di-tion-ally have \T1/stix2/m/it/12 zero \T1/
stix2/m/n/12 across-seed vari-ance by con-struc-tion, since Full-
 []


Loose \hbox (badness 11) in paragraph at lines 604--605
\T1/stix2/m/n/12 Fine-Tuning starts from the same pre-trained weights re-gard-l
ess of seed and Linear-
 []


Loose \hbox (badness 35) in paragraph at lines 604--605
\T1/stix2/m/n/12 Probe has no train-able pa-ram-e-ters for a seed to per-turb a
t all ^^V a fact this the-sis's
 []


Loose \hbox (badness 78) in paragraph at lines 604--605
\T1/stix2/m/n/12 rather than treat-ing their 3 nom-i-nal seeds as 3 in-de-pen-d
ent ob-ser-va-tions. Ex-per-i-
 []


Loose \hbox (badness 6) in paragraph at lines 604--605
\T1/stix2/m/n/12 ment track-ing is han-dled uni-formly across on-line, of-fline
, and fully-disabled modes
 []


Tight \hbox (badness 25) in paragraph at lines 604--605
\T1/stix2/m/n/12 by a thin wrap-per, with log-ging dis-abled by de-fault so tha
t a run pro-duces no tracking-
 []


Loose \hbox (badness 1) in paragraph at lines 604--605
\T1/stix2/m/n/12 service side ef-fects un-less ex-plic-itly re-quested. All tra
in-ing in this the-sis was car-ried
 []


Tight \hbox (badness 9) in paragraph at lines 604--605
\T1/stix2/m/n/12 out on cloud GPU in-stances (Google Co-lab and Kag-gle, pre-do
m-i-nantly NVIDIA Tesla
 []


Loose \hbox (badness 48) in paragraph at lines 604--605
\T1/stix2/m/n/12 T4 hard-ware); no lo-cal GPU hard-ware was used, and the ef-fi
-ciency mea-sure-ments
 []


Loose \hbox (badness 25) in paragraph at lines 604--605
\T1/stix2/m/n/12 re-ported in []sec-tion 5.7[][] are ex-plic-itly qual-i-fied b
y which hard-ware pro-file they were
 []


Loose \hbox (badness 5) in paragraph at lines 604--605
\T1/stix2/m/n/12 mea-sured on, af-ter an ear-lier in-ter-nal er-ror in which se
v-eral plot-ting scripts silently
 []

[34] [35]
Chapter 5.

Loose \hbox (badness 78) in paragraph at lines 612--613
\T1/stix2/m/n/12 This chap-ter re-ports ev-ery re-sult the the-sis rests on. It
 opens with the parameter-
 []


Tight \hbox (badness 9) in paragraph at lines 612--613
\T1/stix2/m/n/12 efficiency com-par-i-son that mo-ti-vates parameter-efficient 
adap-ta-tion in the first place,
 []


Loose \hbox (badness 35) in paragraph at lines 612--613
\T1/stix2/m/n/12 then ad-dresses the four re-search ques-tions of []sec-tion 1.
3[][] in turn, each built on the
 []


Loose \hbox (badness 12) in paragraph at lines 612--613
\T1/stix2/m/n/12 120-run grid plus the ded-i-cated matched-budget follow-up ([]
sub-sec-tion 4.9.2[][]) where
 []


Tight \hbox (badness 18) in paragraph at lines 612--613
\T1/stix2/m/n/12 si-tion-ing against com-pa-ra-ble pub-lished work ([]sec-tion 
5.8[][]), and the study's lim-i-ta-tions
 []


Underfull \hbox (badness 116) in paragraph at lines 616--617
\T1/stix2/m/n/12 anced fac-to-rial plus 8 un-bal-anced base-line cells), each r
un un-der 3 seeds, for 120
 []


Loose \hbox (badness 11) in paragraph at lines 616--617
\T1/stix2/m/n/12 stream. The com-plete re-sult ta-bles ^^V ac-cu-racy, macro-F1
, and trainable-parameter
 []


Overfull \hbox (38.03741pt too wide) in paragraph at lines 616--617
\T1/stix2/m/n/12 count ([]Ta-ble A.1[][]); cal-i-bra-tion ([]Ta-ble A.2[][]); O
OD AU-ROC ([]Ta-ble A.3[][]); and OOD FPR@95%TPR
 []


Tight \hbox (badness 1) in paragraph at lines 616--617
\T1/stix2/m/n/12 ([]Ta-ble A.4[][]) ^^V are re-pro-duced in full in []Ap-pendix
 A[][]; this chap-ter presents the sub-sets
 []

[36

]
Loose \hbox (badness 53) in paragraph at lines 640--641
\T1/stix2/m/n/12 At 5-shot, the 31,744-parameter parallel-bottleneck adapter on
 ResNet-18 \T1/stix2/m/it/12 beats \T1/stix2/m/n/12 the
 []


Loose \hbox (badness 23) in paragraph at lines 640--641
\T1/stix2/m/n/12 11,176,512-parameter Full-Fine-Tuning base-line out-right (91.
44% ver-sus 90.47% ac-
 []


Loose \hbox (badness 7) in paragraph at lines 640--641
\T1/stix2/m/n/12 cu-racy, []Ta-ble A.1[][]) ^^V 352$\LS1/stix2/m/n/12 ù$ \T1/st
ix2/m/n/12 fewer train-able pa-ram-e-ters for higher ac-cu-racy ^^V di-rect
 []


Loose \hbox (badness 4) in paragraph at lines 640--641
\T1/stix2/m/n/12 em-pir-i-cal sup-port for this the-sis's cen-tral premise that
 full fine-tuning is not merely
 []


Loose \hbox (badness 75) in paragraph at lines 640--641
\T1/stix2/m/n/12 un-nec-es-sary but ac-tively coun-ter-pro-duc-tive in this dat
a regime. The Linear-Probe
 []


Loose \hbox (badness 1) in paragraph at lines 640--641
\T1/stix2/m/n/12 5-shot, con-firm-ing Chen, Liu, Kira, \T1/stix2/m/it/12 et al.
 \T1/stix2/m/n/12 [[]8[]]'s ob-ser-va-tion that a sim-ple base-line is a
 []

<figures/D2_parameter_efficiency_bars.png, id=1067, 330.7557pt x 92.0238pt>
File: figures/D2_parameter_efficiency_bars.png Graphic file (type png)
<use figures/D2_parameter_efficiency_bars.png>
Package pdftex.def Info: figures/D2_parameter_efficiency_bars.png  used on inpu
t line 644.
(pdftex.def)             Requested size: 341.43437pt x 94.99619pt.

Loose \hbox (badness 3) in paragraph at lines 645--645
[]\T1/stix2/b/n/12 Figure 5.1: |\T1/stix2/m/n/12 Full fine-tuning versus the pa
rallel-bottleneck adapter versus the linear
 []


Overfull \hbox (3.82573pt too wide) in paragraph at lines 649--649
[]\T1/stix2/b/n/17.28 RQ1: At-tri-bu-tion of Out-come Vari-ance Across De-
 []


Loose \hbox (badness 50) in paragraph at lines 652--653
\T1/stix2/m/n/12 Main-effect $\LS1/stix2/m/it/12 ^^Q[]$ \T1/stix2/m/n/12 (share
 of total variance explained) was computed over the balanced
 []

[37 <./figures/D2_parameter_efficiency_bars.png>]
Underfull \hbox (badness 594) in paragraph at lines 667--667
[]\T1/stix2/b/n/12 Table 5.2: |\T1/stix2/m/n/12 Per-seed $\LS1/stix2/m/it/12 ^^
Q[]$ \T1/stix2/m/n/12 vari-ance de-com-po-si-tion (96 ob-ser-va-tions) across t
he five
 []

<figures/F11_main_effects_heatmap.png, id=1073, 315.3381pt x 136.8312pt>
File: figures/F11_main_effects_heatmap.png Graphic file (type png)
<use figures/F11_main_effects_heatmap.png>
Package pdftex.def Info: figures/F11_main_effects_heatmap.png  used on input li
ne 673.
(pdftex.def)             Requested size: 362.77525pt x 157.42563pt.

Tight \hbox (badness 4) in paragraph at lines 674--674
[]\T1/stix2/b/n/12 Figure 5.2: |\T1/stix2/m/n/12 Main-effects heatmap: share of
 variance ($\LS1/stix2/m/it/12 ^^Q[]$\T1/stix2/m/n/12 , %) each design axis exp
lains
 []


Loose \hbox (badness 1) in paragraph at lines 674--674
\T1/stix2/m/n/12 for each outcome. Accuracy is dominated by shots; ECE by head;
 neither OOD pool
 []


Tight \hbox (badness 32) in paragraph at lines 678--679
[]\T1/stix2/m/n/12 Two re-sults stand out. First, \T1/stix2/b/n/12 head in-ter-
pre-ta-tion ex-plains roughly 83% of cal-i-bra-
 []


Loose \hbox (badness 20) in paragraph at lines 678--679
\T1/stix2/m/n/12 of con-cerns be-tween which de-sign choices gov-ern ac-cu-racy
 and which gov-ern cal-i-
 []


Loose \hbox (badness 9) in paragraph at lines 678--679
\T1/stix2/m/n/12 bra-tion. This was first com-puted on seed-\T1/stix2/m/it/12 a
veraged \T1/stix2/m/n/12 data (84.0%/0.2%, with resid-u-als
 []


Loose \hbox (badness 10) in paragraph at lines 678--679
\T1/stix2/m/n/12 scale study re-port-ing a gen-uine 10.6% per-observation resid
-ual for a sim-i-lar de-com-
 []


Loose \hbox (badness 36) in paragraph at lines 678--679
\T1/stix2/m/n/12 po-si-tion [[]29[]], that av-er-ag-ing seeds be-fore de-com-po
s-ing vari-ance me-chan-i-cally sup-
 []


Loose \hbox (badness 1) in paragraph at lines 678--679
\T1/stix2/m/n/12 presses the er-ror term and man-u-fac-tures an ar-ti-fi-cially
 clean split. Re-com-put-ing the
 []


Tight \hbox (badness 45) in paragraph at lines 678--679
\T1/stix2/m/n/12 full de-com-po-si-tion on all 96 raw per-seed ob-ser-va-tions,
 as re-ported in []Ta-ble 5.2[][], moves
 []


Loose \hbox (badness 66) in paragraph at lines 678--679
\T1/stix2/m/n/12 the resid-ual by only 0.3--3.6 per-cent-age points ^^V nowhere
 near enough to ex-plain
 []


Loose \hbox (badness 10) in paragraph at lines 678--679
\T1/stix2/m/n/12 the ac-cu-ra-cy/-cal-i-bra-tion split as an av-er-ag-ing arte-
fact. The claim holds on per-seed
 []


Loose \hbox (badness 20) in paragraph at lines 678--679
\T1/stix2/m/n/12 is \T1/stix2/m/it/12 pos-i-tive \T1/stix2/m/n/12 (Spear-man $\
LS1/stix2/m/it/12 ^^Z \LS1/stix2/m/n/12 = +0\LS1/stix2/m/it/12 :\LS1/stix2/m/n/
12 433$ \T1/stix2/m/n/12 for SVHN-far, $\LS1/stix2/m/n/12 +0\LS1/stix2/m/it/12 
:\LS1/stix2/m/n/12 477$ \T1/stix2/m/n/12 for TinyImageNet-near) ^^V
 []


Loose \hbox (badness 12) in paragraph at lines 678--679
\T1/stix2/m/n/12 worse-calibrated con-fig-u-ra-tions ap-pear, su-per-fi-cially,
 to de-tect OOD \T1/stix2/m/it/12 bet-ter\T1/stix2/m/n/12 . Strat-i-fy-
 []


Tight \hbox (badness 1) in paragraph at lines 678--679
\T1/stix2/m/n/12 ing by head in-ter-pre-ta-tion col-lapses this cor-re-la-tion 
to $\LS1/stix2/m/it/12 ^^Z \LS1/stix2/m/n/12 = +0\LS1/stix2/m/it/12 :\LS1/stix2
/m/n/12 150$\T1/stix2/m/n/12 /$\LS1/stix2/m/n/12 +0\LS1/stix2/m/it/12 :\LS1/sti
x2/m/n/12 195$ \T1/stix2/m/n/12 within the
 []


Loose \hbox (badness 45) in paragraph at lines 678--679
\T1/stix2/m/n/12 ev-i-den-tial head and $\LS1/stix2/m/n/12 +0\LS1/stix2/m/it/12
 :\LS1/stix2/m/n/12 263$\T1/stix2/m/n/12 /$\LS1/stix2/m/n/12 +0\LS1/stix2/m/it/
12 :\LS1/stix2/m/n/12 242$ \T1/stix2/m/n/12 within the soft-max head: the ap-pa
r-ent ten-sion
 []


Loose \hbox (badness 28) in paragraph at lines 678--679
\T1/stix2/m/n/12 is en-tirely a head ef-fect, and the de-fen-si-ble state-ment 
is that cal-i-bra-tion and OOD-
 []


Loose \hbox (badness 1) in paragraph at lines 678--679
\T1/stix2/m/n/12 detection qual-ity are \T1/stix2/m/it/12 or-thog-o-nal\T1/stix
2/m/n/12 , not that one trades against the other, once head in-
 []

[38 <./figures/F11_main_effects_heatmap.png>]
Tight \hbox (badness 98) in paragraph at lines 680--681
[]\T1/stix2/m/n/12 The con-crete ev-i-dence be-hind the 83% cal-i-bra-tion shar
e is a clean, de-ci-sive neg-a-tive re-
 []


Tight \hbox (badness 45) in paragraph at lines 680--681
\T1/stix2/m/n/12 sult and is worth stat-ing in full rather than only as a per-c
ent-age. Across all 20 matched
 []


Loose \hbox (badness 15) in paragraph at lines 680--681
\T1/stix2/m/n/12 evidential-versus-softmax com-par-isons in the bal-anced grid 
(hold-ing dataset, shots,
 []


Tight \hbox (badness 5) in paragraph at lines 680--681
\T1/stix2/m/n/12 re-sen-ta-tive sub-set from []Ta-ble A.2[][]. The gap does not
 nar-row with more sup-port ex-am-
 []


Loose \hbox (badness 1) in paragraph at lines 680--681
\T1/stix2/m/n/12 against a soft-max ECE of 0.0670 ^^V a widen-ing, not nar-row-
ing, of the gap rel-a-tive to
 []


Loose \hbox (badness 34) in paragraph at lines 680--681
\T1/stix2/m/n/12 1-shot. Ac-cu-racy does not com-pen-sate for this ei-ther: in 
only 7 of the 20 matched
 []


Loose \hbox (badness 4) in paragraph at lines 680--681
\T1/stix2/m/n/12 pairs is the ev-i-den-tial head's ac-cu-racy high enough to pl
au-si-bly off-set its cal-i-bra-tion
 []


Loose \hbox (badness 18) in paragraph at lines 680--681
\T1/stix2/m/n/12 cost, and even there the cal-i-bra-tion gap re-mains an or-der
 of mag-ni-tude larger than
 []


Overfull \hbox (7.88411pt too wide) in paragraph at lines 685--695
 [][] 
 []


Loose \hbox (badness 3) in paragraph at lines 695--695
[]\T1/stix2/b/n/12 Table 5.3: |\T1/stix2/m/n/12 Pooled ECE for the ResNet-18, B
ottleneck-parallel con-fig-u-ra-tion, ev-i-den-
 []


Tight \hbox (badness 3) in paragraph at lines 699--700
[]\T1/stix2/m/n/12 This neg-a-tive re-sult is not an iso-lated arte-fact of thi
s the-sis's spe-cific im-ple-men-ta-tion:
 []


Loose \hbox (badness 77) in paragraph at lines 699--700
\T1/stix2/m/n/12 Bengs, H¸ller-meier, and Waege-man [[]3[]] show the-o-ret-i-ca
lly that loss-minimisation-
 []


Underfull \hbox (badness 145) in paragraph at lines 699--700
\T1/stix2/m/n/12 based ev-i-den-tial ob-jec-tives of this kind can re-tain non-
vanishing epis-temic un-cer-
 []


Loose \hbox (badness 53) in paragraph at lines 699--700
\T1/stix2/m/n/12 tainty even in the infinite-data limit, and Hoa-rau [[]20[]] r
e-port an in-de-pen-dent 2026
 []


Loose \hbox (badness 50) in paragraph at lines 699--700
\T1/stix2/m/n/12 the-o-ret-i-cal anal-y-sis reach-ing a com-pat-i-ble con-clu-s
ion for second-order (ev-i-den-tial)
 []


Loose \hbox (badness 11) in paragraph at lines 699--700
\T1/stix2/m/n/12 clas-si-fiers trained with a reverse-KL ob-jec-tive. Read to-g
ether with this the-sis's own
 []


Loose \hbox (badness 51) in paragraph at lines 699--700
\T1/stix2/m/n/12 20/20 neg-a-tive re-sult, the em-pir-i-cal find-ing and the th
e-o-ret-i-cal lit-er-a-ture point the
 []


Loose \hbox (badness 3) in paragraph at lines 699--700
\T1/stix2/m/n/12 same way, and this the-sis presents the neg-a-tive re-sult as 
con-ver-gent ev-i-dence rather
 []


Loose \hbox (badness 37) in paragraph at lines 699--700
\T1/stix2/m/n/12 than as a failed ex-per-i-ment to be ex-plained away. At the s
ame time, as []sec-tion 5.4[][]
 []


Loose \hbox (badness 8) in paragraph at lines 699--700
\T1/stix2/m/n/12 shows next, the same ev-i-den-tial head that cal-i-brates wors
e is si-mul-ta-ne-ously a sub-
 []

[39]
Loose \hbox (badness 13) in paragraph at lines 701--702
[]\T1/stix2/m/n/12 The spe-cific an-a-lyt-i-cal method here ^^V a for-mal $\LS1
/stix2/m/it/12 ^^Q[]$ \T1/stix2/m/n/12 de-com-po-si-tion of ac-cu-racy, cal-i-
 []


Loose \hbox (badness 7) in paragraph at lines 701--702
\T1/stix2/m/n/12 bra-tion, and OOD AU-ROC in a PEFT/few-shot set-ting ^^V ap-pe
ars method-olog-i-cally
 []


Loose \hbox (badness 3) in paragraph at lines 701--702
\T1/stix2/m/n/12 novel: the largest ex-ist-ing cal-i-bra-tion bench-mark, at 11
7,702 ar-chi-tec-tures [[]55[]], was
 []


Loose \hbox (badness 14) in paragraph at lines 701--702
\T1/stix2/m/n/12 ver-i-fied di-rectly to run no com-pa-ra-ble vari-ance de-com-
po-si-tion, us-ing box plots and
 []


Underfull \hbox (badness 136) in paragraph at lines 701--702
\T1/stix2/m/n/12 Sun, \T1/stix2/m/it/12 et al. \T1/stix2/m/n/12 [[]15[]] and Mi
n-derer, Djo-longa, Romi-jn-ders, \T1/stix2/m/it/12 et al. \T1/stix2/m/n/12 [[]
40[]] ^^V and this the-sis
 []


Tight \hbox (badness 14) in paragraph at lines 701--702
\T1/stix2/m/n/12 presents it as rig-or-ous con-fir-ma-tion and pre-cise quan-ti
fi-ca-tion in a new set-ting, not as
 []


Overfull \hbox (16.06808pt too wide) in paragraph at lines 701--702
\T1/stix2/m/n/12 an in-de-pen-dent dis-cov-ery. The correlation-collapse-under-
stratification re-sult (ECE/AU-
 []


Tight \hbox (badness 7) in paragraph at lines 701--702
\T1/stix2/m/n/12 lit-er-a-ture re-viewed for this the-sis and is pre-sented as 
the sec-tion's gen-uinely new con-
 []


Tight \hbox (badness 3) in paragraph at lines 706--707
\T1/stix2/m/n/12 ear-lier read-ing of the grid. Vacu-ity beats the softmax-prob
ability scores (MSP and TS-
 []


Tight \hbox (badness 8) in paragraph at lines 706--707
\T1/stix2/m/n/12 MSP) in 37--38 of 40 matched cells across the full grid, by ma
r-gins of $\LS1/stix2/m/n/12 +0\LS1/stix2/m/it/12 :\LS1/stix2/m/n/12 045$ \T1/s
tix2/m/n/12 to $\LS1/stix2/m/n/12 +0\LS1/stix2/m/it/12 :\LS1/stix2/m/n/12 141$
 []


Loose \hbox (badness 94) in paragraph at lines 706--707
\T1/stix2/m/n/12 AU-ROC de-pend-ing on the OOD pool ^^V the stan-dard, well-est
ablished evidential-
 []


Loose \hbox (badness 72) in paragraph at lines 706--707
\T1/stix2/m/n/12 uncertainty re-sult. Against the training-free \T1/stix2/m/it/
12 en-ergy \T1/stix2/m/n/12 score, how-ever, the pic-ture re-
 []


Tight \hbox (badness 1) in paragraph at lines 706--707
\T1/stix2/m/n/12 verses: an ear-lier, single-configuration re-sult from mid-pro
ject de-vel-op-ment had sug-
 []


Loose \hbox (badness 45) in paragraph at lines 706--707
\T1/stix2/m/n/12 gested vacu-ity was roughly on par with en-ergy, but the full 
120-run grid over-turns
 []


Tight \hbox (badness 8) in paragraph at lines 706--707
\T1/stix2/m/n/12 this ^^V vacu-ity beats en-ergy in only 10 of 40 far-OOD and 1
4 of 40 near-OOD matched
 []


Loose \hbox (badness 14) in paragraph at lines 706--707
\T1/stix2/m/n/12 the-sis cor-rects the ear-lier single-configuration read-ing e
x-plic-itly rather than qui-etly
 []


Loose \hbox (badness 12) in paragraph at lines 706--707
\T1/stix2/m/n/12 dis-card-ing it: \T1/stix2/m/it/12 the de-fen-si-ble claim is 
nar-rower than ``ev-i-den-tial is on par with en-ergy''
 []


Tight \hbox (badness 27) in paragraph at lines 706--707
\T1/stix2/m/n/12 ^^V vacu-ity is a sub-stan-tially bet-ter OOD ranker than soft
max-probability-based scores,
 []


Tight \hbox (badness 40) in paragraph at lines 708--709
[]\T1/stix2/m/n/12 That cor-rec-tion, how-ever, leaves a con-found un-re-solved
: the base grid scores ev-ery ev-
 []


Loose \hbox (badness 18) in paragraph at lines 708--709
\T1/stix2/m/n/12 separated fea-tures for any score to work with.'' Com-put-ing 
all four scores on ev-ery
 []


Loose \hbox (badness 2) in paragraph at lines 708--709
\T1/stix2/m/n/12 one of the 120 grid check-points re-solves this di-rectly: a f
ull $\LS1/stix2/m/n/12 2 ù 4$ \T1/stix2/m/n/12 (ob-jec-tive $\LS1/stix2/m/n/12 
ù$ \T1/stix2/m/n/12 score)
 []


Loose \hbox (badness 22) in paragraph at lines 708--709
\T1/stix2/m/n/12 fac-to-rial ANOVA, fully crossed with no miss-ing cells, on $\
LS1/stix2/m/it/12 n \LS1/stix2/m/n/12 = 960$ \T1/stix2/m/n/12 com-par-isons per

 []

[40]
Loose \hbox (badness 13) in paragraph at lines 721--721
[]\T1/stix2/b/n/12 Table 5.4: |$\LS1/stix2/m/it/12 ^^Q[]$ \T1/stix2/m/n/12 deco
mposition of OOD-detection variance into training objective and
 []


Loose \hbox (badness 6) in paragraph at lines 721--721
\T1/stix2/m/n/12 scoring rule, on the full cross-applied $\LS1/stix2/m/n/12 2 ù
 4$ \T1/stix2/m/n/12 factorial (120/120 checkpoints, $\LS1/stix2/m/it/12 n \LS1
/stix2/m/n/12 = 960$
 []

<figures/F12_ood_score_vs_objective.png, id=1100, 388.5717pt x 150.8034pt>
File: figures/F12_ood_score_vs_objective.png Graphic file (type png)
<use figures/F12_ood_score_vs_objective.png>
Package pdftex.def Info: figures/F12_ood_score_vs_objective.png  used on input 
line 727.
(pdftex.def)             Requested size: 426.79135pt x 165.63803pt.

Tight \hbox (badness 5) in paragraph at lines 728--728
[]\T1/stix2/b/n/12 Figure 5.3: |\T1/stix2/m/n/12 OOD AUROC by scoring rule, spl
it by which objective trained the model,
 []


Tight \hbox (badness 53) in paragraph at lines 728--728
\T1/stix2/m/n/12 for far- and near-OOD pools. The same score gives nearly the s
ame AUROC regardless
 []


Tight \hbox (badness 22) in paragraph at lines 728--728
\T1/stix2/m/n/12 of which objective produced the logits it scores; the gap betw
een scores dwarfs the gap
 []


Underfull \hbox (badness 123) in paragraph at lines 732--733
[]\T1/stix2/m/n/12 that the scor-ing rule ac-counts for roughly two to three or
-ders of mag-ni-tude more
 []


Loose \hbox (badness 2) in paragraph at lines 732--733
\T1/stix2/m/n/12 OOD-detection vari-ance than the train-ing ob-jec-tive does. \
T1/stix2/b/n/12 This the-sis de-lib-er-ately
 []


Loose \hbox (badness 88) in paragraph at lines 732--733
\T1/stix2/b/n/12 re-ports the $\LS1/stix2/m/it/12 ^^Q[]$ \T1/stix2/b/n/12 share
s them-selves rather than their quo-tient. \T1/stix2/m/n/12 An ear-lier ver-
 []


Loose \hbox (badness 18) in paragraph at lines 732--733
\T1/stix2/m/n/12 sion of this anal-y-sis, com-puted on 99 of the 120 check-poin
ts be-fore the grid's three
 []


Tight \hbox (badness 1) in paragraph at lines 732--733
\T1/stix2/m/n/12 miss-ing cells were filled in, re-ported this as a ``163$\LS1/
stix2/m/n/12 ù$\T1/stix2/m/n/12 '' ra-tio; com-plet-ing the re-main-ing
 []


Loose \hbox (badness 17) in paragraph at lines 732--733
\T1/stix2/m/n/12 21 check-points left both shares es-sen-tially un-changed (far
-OOD score share moved
 []


Loose \hbox (badness 25) in paragraph at lines 732--733
\T1/stix2/m/n/12 from 43.68% to 42.69%, ob-jec-tive share from 0.267% to 0.170%
) but moved the \T1/stix2/m/it/12 quo-
 []


Underfull \hbox (badness 107) in paragraph at lines 732--733
\T1/stix2/m/it/12 tient \T1/stix2/m/n/12 from 163$\LS1/stix2/m/n/12 ù$ \T1/stix
2/m/n/12 to 250.5$\LS1/stix2/m/n/12 ù$ \T1/stix2/m/n/12 purely be-cause the ob-
jec-tive's already-tiny de-nom-i-na-tor
 []


Loose \hbox (badness 3) in paragraph at lines 732--733
\T1/stix2/m/n/12 shrank slightly fur-ther. A ra-tio com-puted against a near-ze
ro de-nom-i-na-tor is un-sta-
 []


Loose \hbox (badness 1) in paragraph at lines 732--733
\T1/stix2/m/n/12 ble by con-struc-tion and is not a num-ber this the-sis is wil
l-ing to stand be-hind; the $\LS1/stix2/m/it/12 ^^Q[]$
 []


Loose \hbox (badness 6) in paragraph at lines 732--733
\T1/stix2/m/n/12 shares in []Ta-ble 5.4[][] are the sta-ble, load-bearing quan-
tity, and ``two to three or-ders of
 []


Loose \hbox (badness 8) in paragraph at lines 732--733
\T1/stix2/m/n/12 ergy score achieves 0.9185 mean AU-ROC on evidential-trained l
og-its and 0.9342 on
 []


Loose \hbox (badness 18) in paragraph at lines 732--733
\T1/stix2/m/n/12 softmax-trained log-its (far-OOD) ^^V close per-for-mance from
 the \T1/stix2/m/it/12 same \T1/stix2/m/n/12 score re-gard-
 []


Loose \hbox (badness 6) in paragraph at lines 732--733
\T1/stix2/m/n/12 less of which ob-jec-tive pro-duced the log-its it is scor-ing
, while MSP re-mains close to
 []


Loose \hbox (badness 6) in paragraph at lines 732--733
\T1/stix2/m/n/12 0.80 un-der ei-ther ob-jec-tive (0.7993 evidential-trained, 0.
8014 softmax-trained). \T1/stix2/b/n/12 It is
 []

[41 <./figures/F12_ood_score_vs_objective.png>]
Tight \hbox (badness 78) in paragraph at lines 734--735
[]\T1/stix2/m/n/12 This pre-cise gap ^^V ob-jec-tive and scor-ing rule con-foun
ded in stan-dard eval-u-a-tion prac-
 []


Loose \hbox (badness 3) in paragraph at lines 734--735
\T1/stix2/m/n/12 tice ^^V is ex-plic-itly named as an open lim-i-ta-tion by Gen
Á, ÷zdemir, and Ak-ba≥ [[]14[]],
 []


Loose \hbox (badness 11) in paragraph at lines 734--735
\T1/stix2/m/n/12 losses, no ev-i-den-tial ob-jec-tive) and no frozen-backbone o
r few-shot set-ting, mak-ing
 []


Tight \hbox (badness 1) in paragraph at lines 734--735
\T1/stix2/m/n/12 this the-sis's cross-application onto Dirichlet-trained log-it
s a gen-uine ex-ten-sion rather
 []


Tight \hbox (badness 26) in paragraph at lines 734--735
\T1/stix2/m/n/12 Hayta, Laus, Mit-ter-maier, \T1/stix2/m/it/12 et al. \T1/stix2
/m/n/12 [[]16[]]'s the-o-ret-i-cal re-sult that soft-max is a spe-cial case of
 []


Loose \hbox (badness 48) in paragraph at lines 734--735
\T1/stix2/m/n/12 the train-ing ob-jec-tive con-tributes so lit-tle vari-ance he
re ^^V a re-sult this the-sis cites
 []


Tight \hbox (badness 4) in paragraph at lines 734--735
\T1/stix2/m/n/12 proac-tively rather than leav-ing for a reader to raise. What 
re-mains, af-ter both of these
 []


Tight \hbox (badness 54) in paragraph at lines 734--735
\T1/stix2/m/n/12 are ac-counted for, is the spe-cific em-pir-i-cal find-ing tha
t cross-applying the en-ergy score
 []


Tight \hbox (badness 40) in paragraph at lines 734--735
\T1/stix2/m/n/12 to Dirichlet-trained log-its pro-duces near-equivalence to sof
tmax-trained en-ergy scores
 []


Overfull \hbox (10.21933pt too wide) in paragraph at lines 736--736
[]\T1/stix2/b/n/17.28 RQ3: Adapter Ar-chi-tec-ture ver-sus Pa-ram-e-ter Bud-
 []


Tight \hbox (badness 43) in paragraph at lines 739--740
[]\T1/stix2/m/n/12 Table 5.2[][] found the adapter axis ex-plains only 0.63% of
 ECE vari-ance over-all ^^V a small
 []


Loose \hbox (badness 18) in paragraph at lines 739--740
\T1/stix2/m/it/12 to-tal \T1/stix2/m/n/12 con-tri-bu-tion. RQ3 asks a dif-fer-e
nt, more tar-geted ques-tion: \T1/stix2/m/it/12 con-di-tional on di-
 []


Tight \hbox (badness 5) in paragraph at lines 739--740
\T1/stix2/m/it/12 rectly com-par-ing two adapters\T1/stix2/m/n/12 , which prop-
erty of the adapter pre-dicts the win-ner? An
 []


Loose \hbox (badness 42) in paragraph at lines 739--740
\T1/stix2/m/n/12 axis can con-tribute lit-tle to-tal vari-ance while still ex-h
ibit-ing a highly con-sis-tent \T1/stix2/m/it/12 di-
 []


Loose \hbox (badness 9) in paragraph at lines 739--740
\T1/stix2/m/it/12 rec-tion \T1/stix2/m/n/12 once the com-par-i-son is made pair
-wise, and that is ex-actly the pat-tern found
 []


Tight \hbox (badness 2) in paragraph at lines 743--744
\T1/stix2/m/n/12 Sixteen matched bottleneck-versus-LoRA comparisons (2 datasets
 $\LS1/stix2/m/n/12 ù$ \T1/stix2/m/n/12 2 shot regimes $\LS1/stix2/m/n/12 ù$
 []


Tight \hbox (badness 24) in paragraph at lines 743--744
\T1/stix2/m/n/12 2 backbones $\LS1/stix2/m/n/12 ù$ \T1/stix2/m/n/12 2 head inte
rpretations, head interpretation held fixed within each pair)
 []

[42]
Loose \hbox (badness 12) in paragraph at lines 759--759
[]\T1/stix2/b/n/12 Table 5.5: |\T1/stix2/m/n/12 Summary of 16 matched bottlenec
k-versus-LoRA comparisons. Because
 []


Loose \hbox (badness 66) in paragraph at lines 759--759
\T1/stix2/m/n/12 the parameter-budget ordering reverses between backbones ([]Ta
ble 4.2[][]), the ``8/16''
 []

<figures/F13_matched_pairs_deltas.png, id=1118, 338.2236pt x 164.7756pt>
File: figures/F13_matched_pairs_deltas.png Graphic file (type png)
<use figures/F13_matched_pairs_deltas.png>
Package pdftex.def Info: figures/F13_matched_pairs_deltas.png  used on input li
ne 765.
(pdftex.def)             Requested size: 362.77525pt x 176.73807pt.

Loose \hbox (badness 97) in paragraph at lines 766--766
[]\T1/stix2/b/n/12 Figure 5.4: |\T1/stix2/m/n/12 The 16 matched pairs: which ad
apter wins on accuracy and ECE, by
 []


Loose \hbox (badness 3) in paragraph at lines 766--766
\T1/stix2/m/n/12 backbone. The accuracy winner is constant (bottleneck); the EC
E winner flips with
 []

<figures/F5b_parameter_bars.png, id=1119, 218.4963pt x 124.0635pt>
File: figures/F5b_parameter_bars.png Graphic file (type png)
<use figures/F5b_parameter_bars.png>
Package pdftex.def Info: figures/F5b_parameter_bars.png  used on input line 772
.
(pdftex.def)             Requested size: 298.75264pt x 169.6536pt.

Loose \hbox (badness 19) in paragraph at lines 773--773
[]\T1/stix2/b/n/12 Figure 5.5: |\T1/stix2/m/n/12 The trainable-parameter-count 
reversal behind []Table 4.2[][]: bottleneck is
 []

[43 <./figures/F13_matched_pairs_deltas.png>]
Underfull \hbox (badness 150) in paragraph at lines 777--778
\T1/stix2/m/n/12 come per-fectly con-sis-tent with ar-chi-tec-ture is \T1/stix2
/m/it/12 nec-es-sar-ily \T1/stix2/m/n/12 8/16 on bud-get and vice
 []


Tight \hbox (badness 3) in paragraph at lines 777--778
\T1/stix2/m/n/12 versa, so the real con-tent of []Ta-ble 5.5[][] is two di-rect
ly ob-served facts, not the arith-metic
 []


Loose \hbox (badness 43) in paragraph at lines 777--778
\T1/stix2/m/n/12 8/16 rows: (1) the ac-cu-racy win-ner does not change when the
 bud-get or-der-ing re-
 []


Tight \hbox (badness 14) in paragraph at lines 777--778
\T1/stix2/m/n/12 step with the bud-get or-der-ing ^^V LoRA is bet-ter cal-i-bra
ted in all 8 MobileNetV3-Small
 []


Tight \hbox (badness 32) in paragraph at lines 777--778
\T1/stix2/m/n/12 pairs (where LoRA is larger) and bot-tle-neck in all 8 ResNet-
18 pairs (where bot-tle-neck
 []


Tight \hbox (badness 77) in paragraph at lines 777--778
\T1/stix2/m/n/12 on CIFAR-FS: $\LS2/stix2ex/m/n/12 \LS1/stix2/m/n/12 ^^A[]\LS2
/stix2ex/m/n/12 $ \T1/stix2/m/n/12 ex-ceeds twice the pooled across-seed stan-
dard de-vi-a-tion in only
 []


Loose \hbox (badness 3) in paragraph at lines 779--780
[]\T1/stix2/m/n/12 On this ev-i-dence alone, ``cal-i-bra-tion fol-lows the larg
er pa-ram-e-ter bud-get'' (hy-poth-e-
 []


Loose \hbox (badness 7) in paragraph at lines 779--780
\T1/stix2/m/n/12 e-sis H3.2-alt) pre-dict the \T1/stix2/m/it/12 iden-ti-cal \T1
/stix2/m/n/12 16-pair pat-tern, be-cause the two ex-pla-na-tions are
 []


Tight \hbox (badness 14) in paragraph at lines 779--780
\T1/stix2/m/n/12 welded to-gether by the ac-ci-dent of []Ta-ble 4.2[][]. The bu
d-get hy-poth-e-sis is the more par-si-
 []


Tight \hbox (badness 1) in paragraph at lines 779--780
\T1/stix2/m/n/12 mo-nious read-ing of this data alone, but it is not \T1/stix2/
m/it/12 es-tab-lished \T1/stix2/m/n/12 by this data ^^V it is merely
 []


Tight \hbox (badness 2) in paragraph at lines 779--780
\T1/stix2/m/n/12 not con-tra-dicted by it ^^V which is pre-cisely why the match
ed-budget follow-up ex-per-
 []


Tight \hbox (badness 6) in paragraph at lines 784--785
[]\T1/stix2/m/n/12 Table 5.6[][] reports the 48-run matched-budget experiment's
 per-cell calibration results,
 []


Loose \hbox (badness 3) in paragraph at lines 799--799
[]\T1/stix2/b/n/12 Table 5.6: |\T1/stix2/m/n/12 Matched-budget calibration resu
lts (averaged over the two pre-registered
 []

[44 <./figures/F5b_parameter_bars.png>]
<figures/F14a_matched_budget_bars.png, id=1140, 301.6068pt x 148.6353pt>
File: figures/F14a_matched_budget_bars.png Graphic file (type png)
<use figures/F14a_matched_budget_bars.png>
Package pdftex.def Info: figures/F14a_matched_budget_bars.png  used on input li
ne 805.
(pdftex.def)             Requested size: 362.77525pt x 178.78557pt.

Underfull \hbox (badness 381) in paragraph at lines 806--806
[]\T1/stix2/b/n/12 Figure 5.6: |$\LS1/stix2/m/n/12 ^^A$\T1/stix2/m/n/12 ECE (Lo
RA $\LS1/stix2/m/n/12 *$ \T1/stix2/m/n/12 bot-tle-neck), un-matched ver-sus mat
ched bud-get, by
 []


Underfull \hbox (badness 659) in paragraph at lines 806--806
\T1/stix2/m/n/12 back-bone and head. The gap stays in-tact on ResNet-18 and rou
ghly halves on
 []


Tight \hbox (badness 1) in paragraph at lines 806--806
\T1/stix2/m/n/12 MobileNetV3-Small ^^V the back-bone de-ter-mines the sign, the
 bud-get only mod-u-lates
 []

<figures/F8a_budget_match_inset.png, id=1141, 218.2554pt x 118.041pt>
File: figures/F8a_budget_match_inset.png Graphic file (type png)
<use figures/F8a_budget_match_inset.png>
Package pdftex.def Info: figures/F8a_budget_match_inset.png  used on input line
 812.
(pdftex.def)             Requested size: 256.07741pt x 138.49825pt.

Loose \hbox (badness 43) in paragraph at lines 813--813
[]\T1/stix2/b/n/12 Figure 5.7: |\T1/stix2/m/n/12 Residual parameter-count misma
tch for each matched-budget pair, all
 []


Tight \hbox (badness 4) in paragraph at lines 813--813
\T1/stix2/m/n/12 under 3.1% ^^V the matched arms are close enough in size that 
the budget confound of
 []


Loose \hbox (badness 5) in paragraph at lines 817--818
\T1/stix2/m/n/12 backbone-by-head cells, and for the bud-get hy-poth-e-sis (H3.
2) in \T1/stix2/b/n/12 0 of 4\T1/stix2/m/n/12 . On ResNet-
 []


Loose \hbox (badness 4) in paragraph at lines 817--818
\T1/stix2/m/n/12 18, equal-is-ing the adapters' pa-ram-e-ter bud-gets leaves th
e cal-i-bra-tion gap \T1/stix2/m/it/12 fully in-tact
 []


Loose \hbox (badness 30) in paragraph at lines 817--818
\T1/stix2/m/n/12 ^^V if any-thing slightly larger than in the un-matched com-pa
r-i-son (col-lapse ra-tios of
 []


Underfull \hbox (badness 185) in paragraph at lines 817--818
\T1/stix2/m/n/12 1.01 and 0.92, i.e. the matched gap is as large as, or larger 
than, the orig-i-nal) ^^V
 []


Loose \hbox (badness 56) in paragraph at lines 817--818
\T1/stix2/m/n/12 which is the op-po-site of what should hap-pen if the bud-get 
dif-fer-ence were the ac-
 []


Tight \hbox (badness 37) in paragraph at lines 817--818
\T1/stix2/m/n/12 ther ^^V the hon-est read-ing is that \T1/stix2/b/n/12 bud-get
 mod-u-lates the mag-ni-tude of the cal-i-bra-
 []


Tight \hbox (badness 21) in paragraph at lines 817--818
\T1/stix2/m/n/12 ef-fect sizes are also wildly asym-met-ric and must not be pre
-sented as sym-met-ric halves
 []


Tight \hbox (badness 1) in paragraph at lines 817--818
\T1/stix2/m/n/12 of one phe-nomenon: ResNet-18's matched $\LS2/stix2ex/m/n/12 
\LS1/stix2/m/n/12 ^^A[]\LS2/stix2ex/m/n/12 $ \T1/stix2/m/n/12 is on the or-der
 of 0.10--0.12, while
 []

[45 <./figures/F14a_matched_budget_bars.png> <./figures/F8a_budget_match_inset.
png>]
Loose \hbox (badness 6) in paragraph at lines 819--820
\T1/stix2/m/n/12 i-ment and did not col-lapse: at matched bud-get, bot-tle-neck
 wins ac-cu-racy and near-
 []


Loose \hbox (badness 6) in paragraph at lines 819--820
\T1/stix2/m/n/12 than about 40% rel-a-tive to the un-matched com-par-i-son. \T1
/stix2/b/n/12 RQ3's an-swer, re-stated to
 []


Underfull \hbox (badness 101) in paragraph at lines 819--820
\T1/stix2/b/n/12 what the matched-budget ex-per-i-ment ac-tu-ally sup-ports: \T
1/stix2/m/n/12 ac-cu-racy and near-
 []


Loose \hbox (badness 98) in paragraph at lines 819--820
\T1/stix2/m/n/12 OOD rank-ing fol-low adapter \T1/stix2/m/it/12 ar-chi-tec-ture
\T1/stix2/m/n/12 , in-vari-ant to which arm holds the larger
 []


Loose \hbox (badness 75) in paragraph at lines 819--820
\T1/stix2/m/n/12 pa-ram-e-ter bud-get; cal-i-bra-tion fol-lows \T1/stix2/m/it/1
2 nei-ther \T1/stix2/m/n/12 ar-chi-tec-ture nor bud-get cleanly ^^V it
 []


Tight \hbox (badness 9) in paragraph at lines 819--820
\T1/stix2/m/n/12 fol-lows the \T1/stix2/m/it/12 back-bone\T1/stix2/m/n/12 , by 
a mech-a-nism this two-backbone de-sign can-not iden-tify ([]sec-
 []


Loose \hbox (badness 7) in paragraph at lines 819--820
\T1/stix2/m/n/12 tion 5.9[][]). \T1/stix2/b/n/12 The ear-lier read-ing, ``cal-i
-bra-tion fol-lows the larger pa-ram-e-ter bud-
 []


Loose \hbox (badness 44) in paragraph at lines 819--820
\T1/stix2/b/n/12 get,'' is su-per-seded by this re-sult and must not be pre-sen
ted as this the-sis's
 []


Tight \hbox (badness 38) in paragraph at lines 821--822
[]\T1/stix2/m/n/12 This find-ing ap-pears to be gen-uinely novel: the stan-dard
 con-ven-tion in the NLP-PEFT
 []


Loose \hbox (badness 1) in paragraph at lines 821--822
\T1/stix2/m/n/12 er-ately ex-ploit a re-versed bud-get or-der-ing the way the b
ase grid's struc-tural ac-ci-dent
 []


Loose \hbox (badness 4) in paragraph at lines 821--822
\T1/stix2/m/n/12 per-mits, and no com-pa-ra-ble architecture-versus-budget dis-
so-ci-a-tion, ad-ju-di-cated by
 []


Loose \hbox (badness 5) in paragraph at lines 821--822
\T1/stix2/m/n/12 a matched-budget de-sign, was found in ei-ther the vi-sion or 
NLP PEFT lit-er-a-ture re-
 []


Loose \hbox (badness 9) in paragraph at lines 821--822
\T1/stix2/m/n/12 viewed for this the-sis. A same-family-named pa-per, Pandey, P
yakurel, and Yu [[]44[]],
 []


Tight \hbox (badness 5) in paragraph at lines 821--822
\T1/stix2/m/n/12 was checked specif-i-cally be-cause of its sim-i-lar name and 
con-firmed to study a ma-te-ri-
 []


Loose \hbox (badness 1) in paragraph at lines 821--822
\T1/stix2/m/n/12 ci-a-tion) and is cited here as an ex-plicit dif-fer-en-ti-a-t
ion rather than left for a reader to
 []


Overfull \hbox (0.94823pt too wide) in paragraph at lines 826--827
\T1/stix2/m/n/12 An ear-lier four-point curve across het-ero-ge-neous adapter t
ypes (Linear-Probe $\LS1/stix2sf/m/n/12 ô$ \T1/stix2/m/n/12 LoRA
 []


Loose \hbox (badness 8) in paragraph at lines 826--827
\LS1/stix2sf/m/n/12 ô$ \T1/stix2/m/n/12 Bot-tle-neck $\LS1/stix2sf/m/n/12 ô$ \T
1/stix2/m/n/12 Full-Fine-Tuning on CIFAR-FS/ResNet-18) ap-peared to show ECE
 []


Loose \hbox (badness 3) in paragraph at lines 826--827
\T1/stix2/m/n/12 i-bra-tion op-ti-mum dis-tinct from the ac-cu-racy op-ti-mum. 
This com-par-i-son con-founds
 []


Loose \hbox (badness 2) in paragraph at lines 826--827
\T1/stix2/m/n/12 pa-ram-e-ter bud-get with adapter \T1/stix2/m/it/12 type \T1/s
tix2/m/n/12 and with \T1/stix2/m/it/12 which \T1/stix2/m/n/12 weights are train
-able at all, so a
 []


Tight \hbox (badness 1) in paragraph at lines 826--827
\T1/stix2/m/n/12 con-trolled rank sweep was run in-stead ^^V bot-tle-neck ar-ch
i-tec-ture, back-bone, dataset,
 []


Overfull \hbox (52.87912pt too wide) in paragraph at lines 826--827
\T1/stix2/m/n/12 and shot count all held fixed, only the bot-tle-neck's in-ter-
nal rank var-ied across $\LS1/stix2/m/n/12 ^1\LS1/stix2/m/it/12 ; \LS1/stix2/m/
n/12 2\LS1/stix2/m/it/12 ; \LS1/stix2/m/n/12 4\LS1/stix2/m/it/12 ; \LS1/stix2/m
/n/12 8\LS1/stix2/m/it/12 ; \LS1/stix2/m/n/12 16\LS1/stix2/m/it/12 ; \LS1/stix2
/m/n/12 32\LS1/stix2/m/it/12 ; \LS1/stix2/m/n/12 64`$
 []


Loose \hbox (badness 2) in paragraph at lines 826--827
\T1/stix2/m/n/12 at 3 seeds each (21 runs). The in-te-rior op-ti-mum did \T1/st
ix2/b/n/12 not \T1/stix2/m/n/12 sur-vive this con-trolled test:
 []


Loose \hbox (badness 60) in paragraph at lines 826--827
\T1/stix2/m/n/12 ev-i-den-tial ECE is low-est at the small-est rank tested (ran
k 1, ECE 0.291) and drifts
 []


Tight \hbox (badness 3) in paragraph at lines 826--827
\T1/stix2/m/n/12 nois-ily up-ward through rank 64 (ECE 0.309); the soft-max cur
ve moves in the \T1/stix2/m/it/12 op-po-site
 []


Loose \hbox (badness 26) in paragraph at lines 826--827
\T1/stix2/m/n/12 di-rec-tion, from 0.093 at rank 1 down to 0.081 at rank 64. Th
e ac-cu-ra-cy/-cal-i-bra-tion
 []


Loose \hbox (badness 1) in paragraph at lines 826--827
\T1/stix2/m/n/12 bud-get mis-match sur-vives (the best-ECE rank and the best-ac
curacy rank dif-fer) but
 []


Tight \hbox (badness 11) in paragraph at lines 826--827
\T1/stix2/m/n/12 and ^^V given that 3 seeds across 7 ranks is plau-si-bly un-de
r-pow-ered to rule out a sub-tle
 []


Loose \hbox (badness 2) in paragraph at lines 826--827
\T1/stix2/m/n/12 U-shape en-tirely ^^V this the-sis states the find-ing as \T1/
stix2/m/it/12 ``no in-te-rior op-ti-mum ob-served in
 []


Tight \hbox (badness 28) in paragraph at lines 826--827
\T1/stix2/m/it/12 ists.'' \T1/stix2/m/n/12 One par-tial con-tra-dic-tion from t
he lit-er-a-ture re-quires an ex-plicit re-sponse: M¸h-
 []


Tight \hbox (badness 9) in paragraph at lines 826--827
\T1/stix2/m/n/12 pendix fig-ures, re-ports cal-i-bra-tion \T1/stix2/m/it/12 de-
grad-ing \T1/stix2/m/n/12 at rank 32 for a Vision-Transformer, self-
 []


Tight \hbox (badness 1) in paragraph at lines 826--827
\T1/stix2/m/n/12 attention-based LoRA en-sem-ble on CIFAR-100 ^^V the same data
set fam-ily as CIFAR-
 []


Tight \hbox (badness 15) in paragraph at lines 826--827
\T1/stix2/m/n/12 where in the over-lap-ping range. Three fac-tors plau-si-bly e
x-plain the dis-crep-ancy with-
 []


Loose \hbox (badness 1) in paragraph at lines 826--827
\T1/stix2/m/n/12 out dis-miss-ing it: LoRA-Ensemble adapts self-attention pro-j
ec-tions in a trans-former
 []


Tight \hbox (badness 22) in paragraph at lines 826--827
\T1/stix2/m/n/12 rather than $\LS1/stix2/m/n/12 1[]1$ \T1/stix2/m/n/12 con-vo-l
u-tions in a CNN; it uses a train-able lin-ear head over 100 classes
 []


Loose \hbox (badness 1) in paragraph at lines 826--827
\T1/stix2/m/n/12 rather than a parameter-free, similarity-bounded pro-to-type h
ead; and its tested rank
 []


Loose \hbox (badness 68) in paragraph at lines 826--827
\T1/stix2/m/n/12 range rep-re-sents a far larger frac-tion of the back-bone's o
wn ca-pac-ity than rank 64
 []


Loose \hbox (badness 5) in paragraph at lines 826--827
\T1/stix2/m/n/12 does here (ap-prox-i-mately 0.56% of the frozen ResNet-18's pa
-ram-e-ters). This find-ing
 []


Loose \hbox (badness 58) in paragraph at lines 826--827
\T1/stix2/m/n/12 is re-tained in the the-sis as a cor-rected neg-a-tive re-sult
, not deleted, be-cause it is it-
 []


Loose \hbox (badness 17) in paragraph at lines 826--827
\T1/stix2/m/n/12 pa-ram-e-ter count, is the more re-li-able causal lever for un
-der-stand-ing these sys-tems'
 []

[46]
Overfull \hbox (33.87569pt too wide) in paragraph at lines 828--828
[]\T1/stix2/b/n/17.28 RQ4: Post-Hoc Re-me-di-a-tion of the Cal-i-bra-tion Defic
it 
 []


Tight \hbox (badness 30) in paragraph at lines 831--832
\T1/stix2/m/n/12 Refitting only the two evidence-affine parameters ($[]$, $[]$ 
in []Equation 4.5[][]) on each
 []


Loose \hbox (badness 22) in paragraph at lines 831--832
\T1/stix2/m/n/12 configuration's own held-out validation episodes, holding the 
adapter itself fixed at
 []


Tight \hbox (badness 10) in paragraph at lines 831--832
\T1/stix2/m/n/12 its already-trained weights, improves pooled ECE in \T1/stix2/
b/n/12 60 of 60 evidential cells (100%)
 []


Tight \hbox (badness 11) in paragraph at lines 831--832
\T1/stix2/m/n/12 across the full grid, by a mean absolute reduction of \T1/stix
2/b/n/12 0.139 \T1/stix2/m/n/12 (mean ECE falls from 0.323
 []


Tight \hbox (badness 48) in paragraph at lines 831--832
\T1/stix2/m/n/12 to 0.185). Refit values cluster around $[] \LS1/stix2/m/n/12 À
 [7\LS1/stix2/m/it/12 ; \LS1/stix2/m/n/12 14]$\T1/stix2/m/n/12 , well beyond th
e range the jointly-
 []


Loose \hbox (badness 88) in paragraph at lines 831--832
\T1/stix2/m/n/12 trained affine reaches on its own ($[] \LS1/stix2/m/n/12 À [1\
LS1/stix2/m/it/12 :\LS1/stix2/m/n/12 5\LS1/stix2/m/it/12 ; \LS1/stix2/m/n/12 4\
LS1/stix2/m/it/12 :\LS1/stix2/m/n/12 5]$\T1/stix2/m/n/12 , []section 4.7[][]) ^
^V so the correct
 []


Tight \hbox (badness 8) in paragraph at lines 831--832
\T1/stix2/m/n/12 reading is that the operating point joint training converges t
o is far from the operating
 []

[47]
<figures/F15a_ece_before_after_dumbbell.png, id=1166, 252.2223pt x 112.7412pt>
File: figures/F15a_ece_before_after_dumbbell.png Graphic file (type png)
<use figures/F15a_ece_before_after_dumbbell.png>
Package pdftex.def Info: figures/F15a_ece_before_after_dumbbell.png  used on in
put line 835.
(pdftex.def)             Requested size: 320.0935pt x 143.07993pt.

Tight \hbox (badness 55) in paragraph at lines 840--841
[]\T1/stix2/b/n/12 The re-fit nar-rows the cal-i-bra-tion gap; it does not clos
e it. \T1/stix2/m/n/12 Even af-ter re-fit-ting, the
 []


Tight \hbox (badness 64) in paragraph at lines 840--841
\T1/stix2/m/n/12 ev-i-den-tial head re-mains worse-calibrated than the plain so
ft-max head in \T1/stix2/b/n/12 60 of 60 cells
 []


Loose \hbox (badness 19) in paragraph at lines 840--841
\T1/stix2/m/n/12 (mean 2.18$\LS1/stix2/m/n/12 ù$ \T1/stix2/m/n/12 worse, best c
ase 1.07$\LS1/stix2/m/n/12 ù$\T1/stix2/m/n/12 , worst case 5.8$\LS1/stix2/m/n/1
2 ù$\T1/stix2/m/n/12 ) and worse than temperature-
 []


Loose \hbox (badness 2) in paragraph at lines 840--841
\T1/stix2/m/n/12 scaled soft-max in \T1/stix2/b/n/12 60 of 60 cells \T1/stix2/m
/n/12 (mean 13.6$\LS1/stix2/m/n/12 ù$ \T1/stix2/m/n/12 worse). An ear-lier draf
t of this sec-tion
 []


Loose \hbox (badness 1) in paragraph at lines 842--843
[]\T1/stix2/m/n/12 Because vacu-ity ($\LS1/stix2/m/it/12 u \LS1/stix2/m/n/12 = 
\LS1/stix2/m/it/12 K\LS1/stix2/m/n/12 _\LS1/stix2/m/it/12 S$\T1/stix2/m/n/12 ) 
is a func-tion of \T1/stix2/m/it/12 all $\LS1/stix2/m/it/12 K$ \T1/stix2/m/n/12
 log-its jointly rather than a per-logit
 []


Tight \hbox (badness 90) in paragraph at lines 842--843
\T1/stix2/m/n/12 mono-tone trans-form, rank-ing preser-va-tion un-der this re-f
it is not a guar-an-teed an-a-lytic
 []


Loose \hbox (badness 7) in paragraph at lines 842--843
\T1/stix2/m/n/12 con-se-quence and was mea-sured di-rectly: OOD AU-ROC changes 
by no more than a
 []


Loose \hbox (badness 9) in paragraph at lines 842--843
\T1/stix2/m/n/12 small tol-er-ance in \T1/stix2/b/n/12 192 of 240 com-par-isons
 (80%)\T1/stix2/m/n/12 , with a mean AU-ROC change of
 []


Tight \hbox (badness 24) in paragraph at lines 842--843
\T1/stix2/m/n/12 shows a Spear-man rank cor-re-la-tion of only 0.866 be-tween t
he pre- and post-refit vacu-
 []


Tight \hbox (badness 34) in paragraph at lines 842--843
\T1/stix2/m/n/12 ity or-der-ings, con-firm-ing the affine trans-form is not au-
to-mat-i-cally rank-preserving for
 []


Tight \hbox (badness 16) in paragraph at lines 842--843
\T1/stix2/m/n/12 a sum-of-logits quan-tity like vacu-ity, ex-actly as the the-o
-ret-i-cal ar-gu-ment in []sec-tion 4.7[][]
 []


Loose \hbox (badness 4) in paragraph at lines 842--843
\T1/stix2/m/n/12 an-tic-i-pated ^^V but even that worst case re-mains a high, n
ot a col-lapsed, cor-re-la-tion.
 []


Loose \hbox (badness 53) in paragraph at lines 842--843
\T1/stix2/m/n/12 tol-er-ance; this the-sis states the hon-est ver-sion of the c
laim, \T1/stix2/m/it/12 ``the OOD rank-ing sur-
 []


Loose \hbox (badness 31) in paragraph at lines 842--843
\T1/stix2/m/it/12 vives in the large ma-jor-ity of cases, with a mea-sured mi-n
or-ity ex-cep-tion,'' \T1/stix2/m/n/12 rather than
 []

<figures/F15b_delta_auroc_strip.png, id=1169, 242.5863pt x 69.6201pt>
File: figures/F15b_delta_auroc_strip.png Graphic file (type png)
<use figures/F15b_delta_auroc_strip.png>
Package pdftex.def Info: figures/F15b_delta_auroc_strip.png  used on input line
 846.
(pdftex.def)             Requested size: 320.0935pt x 91.87224pt.

Loose \hbox (badness 84) in paragraph at lines 847--847
\T1/stix2/m/n/12 changes cluster near zero; the minority exception is visible a
s the scattered points
 []

[48 <./figures/F15a_ece_before_after_dumbbell.png>]
Loose \hbox (badness 5) in paragraph at lines 851--852
[]\T1/stix2/m/n/12 This is de-lib-er-ately the nar-row-est of the four re-searc
h ques-tions, and its scope must
 []


Loose \hbox (badness 73) in paragraph at lines 851--852
\T1/stix2/m/n/12 not be over-stated. Post-hoc cal-i-bra-tion it-self is a ma-tu
re field ^^V Dirich-let cal-i-bra-
 []


Loose \hbox (badness 1) in paragraph at lines 851--852
\T1/stix2/m/n/12 tion [[]30[]] (a differently-scoped use of the same word, []se
c-tion 2.3[][]) and invertible-logit
 []


Loose \hbox (badness 7) in paragraph at lines 851--852
\T1/stix2/m/n/12 post-hoc cal-i-bra-tion [[]65[]] both al-ready ex-ist for soft
max-style clas-si-fiers. The mag-ni-
 []


Loose \hbox (badness 9) in paragraph at lines 851--852
\T1/stix2/m/n/12 tude of the ECE im-prove-ment found here is also not, on its o
wn, re-mark-able: Guo,
 []


Loose \hbox (badness 32) in paragraph at lines 851--852
\T1/stix2/m/n/12 Pleiss, Sun, \T1/stix2/m/it/12 et al. \T1/stix2/m/n/12 [[]15[]
] re-port com-pa-ra-bly large or larger temperature-scaling drops,
 []


Loose \hbox (badness 3) in paragraph at lines 851--852
\T1/stix2/m/n/12 and Linghu, Bai, Lou, \T1/stix2/m/it/12 et al. \T1/stix2/m/n/1
2 [[]36[]] (BEL), a di-rectly anal-o-gous few-shot ev-i-den-tial sys-
 []


Tight \hbox (badness 28) in paragraph at lines 851--852
\T1/stix2/m/n/12 tem, re-ports drops of a sim-i-lar or-der. The claim this the-
sis makes is there-fore pre-cisely
 []


Tight \hbox (badness 7) in paragraph at lines 851--852
\T1/stix2/m/n/12 scoped: a two-parameter post-hoc re-cal-i-bra-tion specif-i-ca
lly for an \T1/stix2/m/it/12 ev-i-den-tial pro-to-type
 []


Loose \hbox (badness 42) in paragraph at lines 851--852
\T1/stix2/m/it/12 head \T1/stix2/m/n/12 in a frozen-backbone, few-shot regime, 
with OOD-ranking preser-va-tion \T1/stix2/m/it/12 mea-
 []


Tight \hbox (badness 2) in paragraph at lines 851--852
\T1/stix2/m/n/12 al-ge-braic form, and with the resid-ual gap to soft-max re-po
rted rather than left im-plicit
 []


Loose \hbox (badness 12) in paragraph at lines 851--852
\T1/stix2/m/n/12 ^^V a sys-tem-atic quan-tifi-ca-tion this the-sis's lit-er-a-t
ure re-view found no prece-dent for,
 []


Tight \hbox (badness 19) in paragraph at lines 856--857
\T1/stix2/m/n/12 Efficiency mea-sure-ments across the twelve grid con-fig-u-ra-
tions pro-filed, plus real (un-
 []


Loose \hbox (badness 12) in paragraph at lines 856--857
\T1/stix2/m/n/12 trained) ref-er-ence mea-sure-ments for ViT-B/16 and DeiT-Tiny
, show that \T1/stix2/b/n/12 back-bone
 []


Overfull \hbox (0.62654pt too wide) in paragraph at lines 856--857
\T1/stix2/b/n/12 choice\T1/stix2/m/n/12 , not adapter choice, is what drives in
-fer-ence la-tency: ResNet-18 is 5.12$\LS1/stix2/m/n/12 ù$ \T1/stix2/m/n/12 slo
wer
 []


Loose \hbox (badness 6) in paragraph at lines 856--857
\T1/stix2/m/n/12 than MobileNetV3-Small at matched adapter and head con-fig-u-r
a-tion, while switch-
 []


Tight \hbox (badness 25) in paragraph at lines 856--857
\T1/stix2/m/n/12 tween ev-i-den-tial and soft-max heads at matched back-bone an
d adapter is 1.29%, be-low
 []


Loose \hbox (badness 14) in paragraph at lines 856--857
\T1/stix2/m/n/12 this mea-sure-ment ses-sion's own 5.91% noise floor, and the u
ncertainty-scoring step
 []


Loose \hbox (badness 1) in paragraph at lines 856--857
\T1/stix2/m/n/12 it-self costs only 1.09% of a sin-gle im-age's back-bone forwa
rd-pass time for a 75-query
 []


Tight \hbox (badness 13) in paragraph at lines 856--857
\T1/stix2/m/n/12 episode ^^V di-rectly con-firm-ing, in this spe-cific sys-tem,
 Sen-soy, Ka-plan, and Kan-demir
 []


Loose \hbox (badness 8) in paragraph at lines 856--857
\T1/stix2/m/n/12 [[]48[]]'s claim that ev-i-den-tial un-cer-tainty is avail-abl
e at neg-li-gi-ble ex-tra in-fer-ence cost
 []


Tight \hbox (badness 1) in paragraph at lines 869--869
[]\T1/stix2/b/n/12 Table 5.7: |\T1/stix2/m/n/12 Measured effect of each design 
choice on inference latency. The backbone
 []


Tight \hbox (badness 28) in paragraph at lines 869--869
\T1/stix2/m/n/12 dominates; adapter choice matters far more for accuracy ([]sec
tion 5.5[][]) than for latency.| 
 []

[49 <./figures/F15b_delta_auroc_strip.png>]
<figures/D3_latency_effect_bars.png, id=1189, 281.1303pt x 98.769pt>
File: figures/D3_latency_effect_bars.png Graphic file (type png)
<use figures/D3_latency_effect_bars.png>
Package pdftex.def Info: figures/D3_latency_effect_bars.png  used on input line
 875.
(pdftex.def)             Requested size: 320.0935pt x 112.45915pt.

Loose \hbox (badness 9) in paragraph at lines 876--876
[]\T1/stix2/b/n/12 Figure 5.10: |\T1/stix2/m/n/12 Ef-fect on in-fer-ence la-ten
cy of back-bone, adapter type, and head in-ter-
 []


Tight \hbox (badness 32) in paragraph at lines 880--881
[]\T1/stix2/m/n/12 The rec-om-mended edge-deployment point iden-ti-fied by this
 anal-y-sis is MobileNetV3-
 []


Loose \hbox (badness 5) in paragraph at lines 880--881
\T1/stix2/m/n/12 Small with a parallel-bottleneck adapter and an ev-i-den-tial 
head: 11.86ms in-fer-ence
 []


Overfull \hbox (2.49858pt too wide) in paragraph at lines 880--881
\T1/stix2/m/n/12 la-tency at 6,930 train-able pa-ram-e-ters, com-bin-ing the sm
all-est back-bone, a near-Pareto-
 []


Loose \hbox (badness 48) in paragraph at lines 880--881
\T1/stix2/m/n/12 optimal adapter ([]sec-tion 5.2[][]), and an un-cer-tainty mec
h-a-nism that costs es-sen-tially
 []


Tight \hbox (badness 23) in paragraph at lines 885--886
\T1/stix2/m/n/12 Because this the-sis's ab-so-lute ac-cu-racy num-bers rest on 
a frozen ImageNet-pretrained
 []


Loose \hbox (badness 2) in paragraph at lines 885--886
\T1/stix2/m/n/12 back-bone while the stan-dard few-shot lit-er-a-ture trains it
s back-bone from scratch on
 []


Loose \hbox (badness 1) in paragraph at lines 885--886
\T1/stix2/m/n/12 the base classes, and be-cause Mini-Im-a-geNet's classes are t
hem-selves a sub-set of Im-
 []


Loose \hbox (badness 20) in paragraph at lines 885--886
\T1/stix2/m/n/12 a-geNet, the com-par-isons in this sec-tion are read as a con-
trolled study of \T1/stix2/m/it/12 pa-ram-e-ter
 []


Loose \hbox (badness 60) in paragraph at lines 885--886
\T1/stix2/m/it/12 ef-fi-ciency at fixed pro-to-col\T1/stix2/m/n/12 , not a clai
m of new state-of-the-art ac-cu-racy ([]sec-tion 5.9[][]
 []


Overfull \hbox (23.23041pt too wide) in paragraph at lines 890--904
 [][] 
 []


Underfull \hbox (badness 124) in paragraph at lines 904--904
[]\T1/stix2/b/n/12 Table 5.8: |\T1/stix2/m/n/12 Ac-cu-racy ver-sus trainable-pa
rameter bud-get on the same 5-way 5-shot
 []


Loose \hbox (badness 2) in paragraph at lines 904--904
\T1/stix2/m/n/12 episodic pro-to-col. No com-pet-ing method in this ta-ble re-p
orts macro-F1, cal-i-bra-tion,
 []

[50 <./figures/D3_latency_effect_bars.png>]
Overfull \hbox (0.64336pt too wide) in paragraph at lines 908--909
[]\T1/stix2/m/n/12 Three con-clu-sions fol-low from []Ta-ble 5.8[][], kept de-l
ib-er-ately sep-a-rate rather than blurred
 []


Tight \hbox (badness 1) in paragraph at lines 908--909
\T1/stix2/m/n/12 into one head-line num-ber. First, at 5-shot on CIFAR-FS the p
a-ram-e-ter sav-ing is close
 []


Tight \hbox (badness 1) in paragraph at lines 908--909
\T1/stix2/m/n/12 to free: this the-sis's 31,744-parameter ResNet-18 adapter is 
1.06 per-cent-age points be-
 []


Tight \hbox (badness 19) in paragraph at lines 908--909
\T1/stix2/m/n/12 hind a fully meta-trained DINO ViT-S while train-ing 662$\LS1/
stix2/m/n/12 ù$ \T1/stix2/m/n/12 fewer pa-ram-e-ters, and 0.76
 []


Loose \hbox (badness 26) in paragraph at lines 908--909
\T1/stix2/m/n/12 re-spec-tively, at 788$\LS1/stix2/m/n/12 ù$ \T1/stix2/m/n/12 f
ewer train-able pa-ram-e-ters ^^V in-di-cat-ing that the resid-ual gap
 []


Underfull \hbox (badness 110) in paragraph at lines 908--909
\T1/stix2/m/n/12 to the strongest pub-lished num-bers is a Vision-Transformer g
ap, not a parameter-
 []


Underfull \hbox (badness 131) in paragraph at lines 908--909
\T1/stix2/m/n/12 efficiency gap. Third, the trade is gen-uinely un-favourable a
t 1-shot and on Mini-
 []


Loose \hbox (badness 100) in paragraph at lines 908--909
\T1/stix2/m/n/12 Im-a-geNet with the smaller back-bone, by as much as 18 per-ce
nt-age points against
 []


Tight \hbox (badness 16) in paragraph at lines 908--909
\T1/stix2/m/n/12 Im-a-geNet, so a larger pre-trained rep-re-sen-ta-tion car-rie
s pro-por-tion-ally more of the an-
 []


Tight \hbox (badness 4) in paragraph at lines 910--911
[]\T1/stix2/m/n/12 On the de-ploy-ment side, this the-sis's sys-tem trains 6,92
8 to 31,744 pa-ram-e-ters against
 []


Loose \hbox (badness 24) in paragraph at lines 910--911
\T1/stix2/m/n/12 240,000 to 85,840,000 for stan-dard Vision-Transformer PEFT me
th-ods on the un-re-
 []


Loose \hbox (badness 18) in paragraph at lines 910--911
\T1/stix2/m/n/12 at in-fer-ence than a CLIP ViT-B/16 back-bone, which it-self c
an-not fit within the 32--
 []


Loose \hbox (badness 12) in paragraph at lines 910--911
\T1/stix2/m/n/12 ware [[]54[]] un-der any quan-ti-sa-tion scheme. This is the d
e-ploy-ment case this the-sis's
 []


Tight \hbox (badness 13) in paragraph at lines 910--911
\T1/stix2/m/n/12 choice of frozen, lightweight CNN back-bones is built to sup-p
ort, and it is not dis-puted
 []

[51]
Loose \hbox (badness 31) in paragraph at lines 915--916
\T1/stix2/m/n/12 Five limitations apply across every result in this chapter and
 are stated here rather
 []


Underfull \hbox (badness 168) in paragraph at lines 918--919
[]\T1/stix2/b/n/12 ImageNet-pretraining over-lap. \T1/stix2/m/n/12 Both back-bo
nes are ImageNet-pretrained,
 []


Loose \hbox (badness 63) in paragraph at lines 918--919
\T1/stix2/m/n/12 while the stan-dard CIFAR-FS/MiniImageNet pro-to-col as-sumes 
train-ing from
 []


Loose \hbox (badness 18) in paragraph at lines 918--919
\T1/stix2/m/n/12 scratch on the base classes; Mini-Im-a-geNet's ``novel'' test 
classes were, in fact,
 []


Tight \hbox (badness 25) in paragraph at lines 918--919
\T1/stix2/m/n/12 seen dur-ing Im-a-geNet pre-train-ing. This means the ab-so-lu
te ac-cu-ra-cies re-ported
 []


Loose \hbox (badness 36) in paragraph at lines 918--919
\T1/stix2/m/n/12 in []sec-tion 5.8[][] are not di-rectly com-pa-ra-ble to from-
scratch few-shot lit-er-a-ture.
 []


Loose \hbox (badness 11) in paragraph at lines 918--919
\T1/stix2/m/n/12 The re-search ques-tions of []sec-tion 1.3[][] con-cern \T1/st
ix2/m/it/12 rel-a-tive \T1/stix2/m/n/12 dif-fer-ences be-tween de-
 []


Loose \hbox (badness 51) in paragraph at lines 918--919
\T1/stix2/m/n/12 sign choices un-der a fixed back-bone, which mit-i-gates but d
oes not elim-i-nate
 []


Loose \hbox (badness 9) in paragraph at lines 919--920
[]\T1/stix2/b/n/12 One frozen hy-per-pa-ram-e-ter recipe. \T1/stix2/m/n/12 All 
40 grid con-fig-u-ra-tions share a sin-
 []


Loose \hbox (badness 6) in paragraph at lines 919--920
\T1/stix2/m/n/12 gle hy-per-pa-ram-e-ter recipe, tuned once rather than re-tune
d per cell. The grid
 []


Loose \hbox (badness 88) in paragraph at lines 920--921
[]\T1/stix2/b/n/12 Three train-ing seeds, and ef-fec-tively one for two base-li
nes. \T1/stix2/m/n/12 Full-Fine-
 []


Loose \hbox (badness 8) in paragraph at lines 920--921
\T1/stix2/m/n/12 Tuning and Linear-Probe have zero across-seed vari-ance by con
-struc-tion ([]sec-
 []


Tight \hbox (badness 6) in paragraph at lines 920--921
\T1/stix2/m/n/12 tion 4.10[][]), so any claim rest-ing on a small mar-gin over 
ei-ther base-line should be
 []


Loose \hbox (badness 4) in paragraph at lines 921--922
[]\T1/stix2/b/n/12 The mech-a-nism be-hind RQ3's backbone-intrinsic find-ing is
 not iden-ti-
 []


Loose \hbox (badness 32) in paragraph at lines 921--922
\T1/stix2/b/n/12 fied. \T1/stix2/m/n/12 ``Backbone-intrinsic'' ([]sec-tion 5.5[
][]) de-scribes where the matched-budget
 []


Overfull \hbox (2.42062pt too wide) in paragraph at lines 921--922
\T1/stix2/m/n/12 ev-i-dence points, not an ex-pla-na-tion of \T1/stix2/m/it/12 
why\T1/stix2/m/n/12 : depth, width, nor-mal-i-sa-tion scheme,
 []


Tight \hbox (badness 64) in paragraph at lines 921--922
\T1/stix2/m/n/12 the inverted-residual block struc-ture spe-cific to Mo-bileNet
V3, and feature-norm
 []


Overfull \hbox (5.47086pt too wide) in paragraph at lines 921--922
\T1/stix2/m/n/12 ture work ([]chap-ter 6[][]) rather than re-solved with a plau
sible-sounding but untested
 []


Loose \hbox (badness 2) in paragraph at lines 922--923
[]\T1/stix2/b/n/12 Novelty claims rest on a non-exhaustive lit-er-a-ture search
. \T1/stix2/m/n/12 The po-si-tion-
 []


Loose \hbox (badness 4) in paragraph at lines 922--923
\T1/stix2/m/n/12 dent is ev-i-dence of ab-sence only to the ex-tent the search 
was thor-ough, and is
 []

[52] [53]
Chapter 6.

Tight \hbox (badness 9) in paragraph at lines 933--934
\T1/stix2/m/n/12 This the-sis set out to an-swer four ques-tions about which de
-sign choices gov-ern which
 []


Loose \hbox (badness 2) in paragraph at lines 933--934
\T1/stix2/m/n/12 as-pects of re-li-a-bil-ity in a parameter-efficient, few-shot
 vi-sion sys-tem built on frozen,
 []


Tight \hbox (badness 6) in paragraph at lines 933--934
\T1/stix2/m/n/12 lightweight CNN back-bones: which de-sign choices most strongl
y ex-plain vari-a-tion in
 []


Overfull \hbox (21.45848pt too wide) in paragraph at lines 933--934
\T1/stix2/m/n/12 ac-cu-racy, cal-i-bra-tion, and out-of-distribution de-tec-tio
n (RQ1); whether out-of-distribution
 []


Loose \hbox (badness 61) in paragraph at lines 933--934
\T1/stix2/m/n/12 de-tec-tion is ex-plained more by the train-ing ob-jec-tive or
 by the scor-ing rule (RQ2);
 []


Tight \hbox (badness 60) in paragraph at lines 933--934
\T1/stix2/m/n/12 whether ac-cu-racy fol-lows adapter ar-chi-tec-ture and cal-i-
bra-tion fol-lows pa-ram-e-ter bud-
 []


Underfull \hbox (badness 140) in paragraph at lines 933--934
\T1/stix2/m/n/12 get (RQ3); and whether ev-i-den-tial cal-i-bra-tion can be re-
paired af-ter train-ing with-
 []


Underfull \hbox (badness 181) in paragraph at lines 933--934
\T1/stix2/m/n/12 out break-ing out-of-distribution de-tec-tion (RQ4). These fou
r ques-tions su-per-sede
 []


Loose \hbox (badness 87) in paragraph at lines 933--934
\T1/stix2/m/n/12 evidential-versus-softmax cal-i-bra-tion, Bayesian near-OOD de
-tec-tion, and a la-tency
 []


Underfull \hbox (badness 117) in paragraph at lines 933--934
\T1/stix2/m/n/12 Pareto fron-tier, []sec-tion 1.3[][]), three of which a lit-er
-a-ture au-dit found closely an-tic-i-
 []


Loose \hbox (badness 92) in paragraph at lines 933--934
\T1/stix2/m/n/12 pated by prior work; ev-ery ex-per-i-ment be-hind those orig-i
-nal ques-tions is re-tained
 []


Loose \hbox (badness 22) in paragraph at lines 933--934
\T1/stix2/m/n/12 as ev-i-dence for whichever of RQ1--RQ4 it now sup-ports. All 
four ques-tions are an-
 []


Tight \hbox (badness 15) in paragraph at lines 937--938
\T1/stix2/m/n/12 A sin-gle place-ment pi-lot ties on ac-cu-racy be-tween se-ria
l and par-al-lel bot-tle-neck in-ser-
 []


Overfull \hbox (1.01439pt too wide) in paragraph at lines 937--938
\T1/stix2/m/n/12 tion but favours par-al-lel on cal-i-bra-tion and far-OOD de-t
ec-tion, and a 31,744-parameter
 []


Overfull \hbox (22.81209pt too wide) in paragraph at lines 937--938
\T1/stix2/m/n/12 parallel-bottleneck adapter matches or beats full fine-tuning 
of an 11.18-million-parameter
 []


Underfull \hbox (badness 136) in paragraph at lines 937--938
\T1/stix2/m/n/12 back-bone at 0.28% of its pa-ram-e-ter cost. The ev-i-den-tial
 head is de-ci-sively worse-
 []


Tight \hbox (badness 66) in paragraph at lines 937--938
\T1/stix2/m/n/12 calibrated than soft-max across ev-ery tested con-fig-u-ra-tio
n ^^V a clean, re-pro-ducible neg-
 []


Tight \hbox (badness 39) in paragraph at lines 937--938
\T1/stix2/m/n/12 a-tive re-sult con-sis-tent with in-de-pen-dent the-o-ret-i-ca
l work ^^V while si-mul-ta-ne-ously be-
 []


Tight \hbox (badness 20) in paragraph at lines 937--938
\T1/stix2/m/n/12 a training-free en-ergy score gen-er-ally beats it. Sep-a-rat-
ing train-ing ob-jec-tive from scor-
 []


Loose \hbox (badness 6) in paragraph at lines 937--938
\T1/stix2/m/n/12 ing rule shows the scor-ing rule, not the ob-jec-tive, ac-coun
ts for roughly two to three
 []


Tight \hbox (badness 30) in paragraph at lines 937--938
\T1/stix2/m/n/12 far-OOD). Head in-ter-pre-ta-tion gov-erns roughly 83% of cal-
i-bra-tion vari-ance and un-der
 []


Loose \hbox (badness 3) in paragraph at lines 937--938
\T1/stix2/m/n/12 0.2% of ac-cu-racy vari-ance, while shot count gov-erns roughl
y three-quarters of ac-cu-
 []


Loose \hbox (badness 9) in paragraph at lines 937--938
\T1/stix2/m/n/12 racy vari-ance ^^V ac-cu-racy and cal-i-bra-tion are con-troll
ed by al-most en-tirely sep-a-rate
 []


Loose \hbox (badness 9) in paragraph at lines 937--938
\T1/stix2/m/n/12 de-sign axes. Within the adapter axis specif-i-cally, ac-cu-ra
cy and near-OOD de-tec-tion
 []


Loose \hbox (badness 86) in paragraph at lines 937--938
\T1/stix2/m/n/12 fol-low adapter \T1/stix2/m/it/12 ar-chi-tec-ture \T1/stix2/m/
n/12 re-gard-less of which adapter holds the larger pa-ram-e-ter
 []


Tight \hbox (badness 5) in paragraph at lines 937--938
\T1/stix2/m/n/12 bud-get, con-firmed at matched bud-get in 8 of 8 cells; cal-i-
bra-tion, how-ever, is gov-erned
 []


Loose \hbox (badness 13) in paragraph at lines 937--938
\T1/stix2/m/n/12 by the \T1/stix2/m/it/12 back-bone \T1/stix2/m/n/12 rather tha
n by ei-ther ar-chi-tec-ture or bud-get, a find-ing only a ded-i-
 []


Loose \hbox (badness 1) in paragraph at lines 937--938
\T1/stix2/m/n/12 cated matched-budget ex-per-i-ment ^^V not the base grid alone
 ^^V could es-tab-lish, and
 []


Tight \hbox (badness 4) in paragraph at lines 937--938
\T1/stix2/m/n/12 by a mech-a-nism this two-backbone de-sign leaves gen-uinely u
niden-ti-fied. Fi-nally, the
 []


Tight \hbox (badness 9) in paragraph at lines 937--938
\T1/stix2/m/n/12 ev-i-den-tial head's cal-i-bra-tion deficit can be mean-ing-fu
lly nar-rowed, at neg-li-gi-ble ad-di-
 []


Loose \hbox (badness 8) in paragraph at lines 937--938
\T1/stix2/m/n/12 ing ^^V though even af-ter re-fit-ting it re-mains worse-calib
rated than soft-max in ev-ery
 []


Tight \hbox (badness 11) in paragraph at lines 937--938
\T1/stix2/m/n/12 tested con-fig-u-ra-tion ^^V while its OOD rank-ing sur-vives 
that re-fit in the large ma-jor-ity,
 []

[54

]
Tight \hbox (badness 45) in paragraph at lines 952--952
[]\T1/stix2/b/n/12 Table 6.1: |\T1/stix2/m/n/12 What this thesis learned: no si
ngle design choice optimises every reliability
 []

<figures/F16_findings_graph.png, id=1247, 381.5856pt x 222.5916pt>
File: figures/F16_findings_graph.png Graphic file (type png)
<use figures/F16_findings_graph.png>
Package pdftex.def Info: figures/F16_findings_graph.png  used on input line 958
.
(pdftex.def)             Requested size: 362.77525pt x 211.63063pt.

Loose \hbox (badness 40) in paragraph at lines 959--959
\T1/stix2/m/n/12 were found, which were tested and not supported, and which are
 partial. Adapter
 []


Loose \hbox (badness 57) in paragraph at lines 959--959
\T1/stix2/m/n/12 budget alone does not reach calibration or OOD ranking; archit
ecture and scoring
 []

[55]
Loose \hbox (badness 16) in paragraph at lines 963--964
[]\T1/stix2/m/n/12 The main con-tri-bu-tion of this the-sis is not a uni-ver-sa
lly su-pe-rior model, but a con-
 []


Loose \hbox (badness 2) in paragraph at lines 963--964
\T1/stix2/m/n/12 trolled de-com-po-si-tion of which de-sign choices gov-ern whi
ch as-pects of re-li-a-bil-ity in
 []


Overfull \hbox (5.0546pt too wide) in paragraph at lines 967--968
\T1/stix2/m/n/12 Beyond the spe-cific find-ings above, this the-sis con-tribute
s a re-pro-ducible, config-driven
 []


Loose \hbox (badness 6) in paragraph at lines 967--968
\T1/stix2/m/n/12 B-PEFT im-ple-men-ta-tion; a bal-anced 120-run ex-per-i-men-ta
l grid per-mit-ting a for-mal
 []


Overfull \hbox (4.37926pt too wide) in paragraph at lines 967--968
\T1/stix2/m/n/12 vari-ance de-com-po-si-tion that single-axis PEFT stud-ies can
-not com-pute; a pre-registered
 []


Tight \hbox (badness 7) in paragraph at lines 967--968
\T1/stix2/m/n/12 adapters, for sep-a-rat-ing ar-chi-tec-ture from pa-ram-e-ter 
bud-get in any PEFT com-par-i-son
 []


Loose \hbox (badness 4) in paragraph at lines 967--968
\T1/stix2/m/n/12 where the two hap-pen to be con-founded; and an ex-plicit cor-
rec-tion record for three
 []


Tight \hbox (badness 6) in paragraph at lines 967--968
\T1/stix2/m/n/12 claims (an early evidential-versus-energy par-ity re-sult, an 
ap-par-ent interior-optimum
 []


Loose \hbox (badness 8) in paragraph at lines 967--968
\T1/stix2/m/n/12 cal-i-bra-tion curve, and a mis-scoped ex-ter-nal ci-ta-tion) 
that did not sur-vive more rig-
 []


Tight \hbox (badness 1) in paragraph at lines 967--968
\T1/stix2/m/n/12 or-ous later test-ing, re-ported along-side the ev-i-dence tha
t over-turned them rather than
 []


Loose \hbox (badness 40) in paragraph at lines 971--972
\T1/stix2/m/n/12 The five lim-i-ta-tions of []sec-tion 5.9[][] ^^V ImageNet-pre
training over-lap, a sin-gle frozen
 []


Tight \hbox (badness 1) in paragraph at lines 971--972
\T1/stix2/m/n/12 be-hind the backbone-intrinsic cal-i-bra-tion find-ing, and a 
nec-es-sar-ily in-com-plete lit-er-
 []


Tight \hbox (badness 3) in paragraph at lines 971--972
\T1/stix2/m/n/12 the most con-se-quen-tial for fu-ture work is the second-to-la
st, ad-dressed di-rectly in the
 []

[56 <./figures/F16_findings_graph.png>]
Underfull \hbox (badness 185) in paragraph at lines 975--976
\T1/stix2/m/n/12 Four di-rec-tions fol-low di-rectly from this the-sis's own fi
nd-ings rather than from a
 []


Underfull \hbox (badness 117) in paragraph at lines 975--976
\T1/stix2/m/n/12 generic wish list. First, and most di-rectly mo-ti-vated by []
sec-tion 5.9[][]'s fourth point,
 []


Loose \hbox (badness 18) in paragraph at lines 975--976
\T1/stix2/m/n/12 adding a third and fourth back-bone fam-ily ^^V vary-ing depth
, width, nor-mal-i-sa-tion,
 []


Tight \hbox (badness 99) in paragraph at lines 975--976
\T1/stix2/m/n/12 and block struc-ture in-de-pen-dently rather than jointly, as 
ResNet-18 and MobileNetV3-
 []


Tight \hbox (badness 28) in paragraph at lines 975--976
\T1/stix2/m/n/12 Small cur-rently do ^^V would let a fu-ture study sep-a-rate t
he spe-cific struc-tural prop-erty
 []


Loose \hbox (badness 2) in paragraph at lines 975--976
\T1/stix2/m/n/12 not ex-plain. Sec-ond, a Vision-Transformer arm (a ViT-Tiny or
 DeiT-Small back-bone
 []


Loose \hbox (badness 11) in paragraph at lines 975--976
\T1/stix2/m/n/12 un-der this the-sis's ex-act pro-to-col) would con-vert []sec-
tion 5.8[][]'s literature-based ac-cu-
 []


Tight \hbox (badness 97) in paragraph at lines 975--976
\T1/stix2/m/n/12 back-bone con-trol run would di-rectly quan-tify the pretraini
ng-overlap con-found rather
 []


Tight \hbox (badness 84) in paragraph at lines 975--976
\T1/stix2/m/n/12 than only bound-ing it qual-i-ta-tively. Fourth, the two ad-di
-tional in-distribution datasets
 []


Loose \hbox (badness 1) in paragraph at lines 975--976
\T1/stix2/m/n/12 named in the orig-i-nal pro-posal but not run in this the-sis'
s grid ^^V CUB-200-2011 for
 []


Loose \hbox (badness 1) in paragraph at lines 975--976
\T1/stix2/m/n/12 fine-grained clas-si-fi-ca-tion and a medical-imaging dataset 
such as ISIC ^^V would test
 []


Loose \hbox (badness 26) in paragraph at lines 975--976
\T1/stix2/m/n/12 gen-er-alise to do-mains where the vi-sual fea-tures dis-tin-g
uish-ing classes are far more
 []


Overfull \hbox (11.62828pt too wide) in paragraph at lines 979--980
\T1/stix2/m/n/12 This the-sis set out to ask whether a Bayesian un-cer-tainty m
ech-a-nism makes a parameter-
 []


Tight \hbox (badness 4) in paragraph at lines 979--980
\T1/stix2/m/n/12 efficiently adapted, lightweight CNN more re-li-able in the fe
w-shot regime, and found
 []


Tight \hbox (badness 10) in paragraph at lines 979--980
\T1/stix2/m/n/12 an an-swer more nu-anced than a sim-ple yes or no: the ev-i-de
n-tial head this the-sis stud-
 []


Loose \hbox (badness 80) in paragraph at lines 979--980
\T1/stix2/m/n/12 ies is a worse-calibrated, but more dis-crim-i-na-tive, al-ter
-na-tive to soft-max, and that
 []


Loose \hbox (badness 18) in paragraph at lines 979--980
\T1/stix2/m/n/12 ar-chi-tec-ture ver-sus pa-ram-e-ter bud-get, a fixed de-fault
 ver-sus a post-hoc re-fit ^^V that
 []


Loose \hbox (badness 10) in paragraph at lines 979--980
\T1/stix2/m/n/12 a sin-gle comparison-style re-search ques-tion can-not sep-a-r
ate, but a bal-anced ex-per-i-
 []


Loose \hbox (badness 15) in paragraph at lines 979--980
\T1/stix2/m/n/12 men-tal grid and a purpose-built ad-ju-di-cat-ing ex-per-i-men
t can. The fi-nal, de-fen-si-ble
 []


Tight \hbox (badness 2) in paragraph at lines 979--980
\T1/stix2/m/n/12 claims are nar-rower and more pre-cisely scoped than the the-s
is's orig-i-nal pro-posal an-
 []


Loose \hbox (badness 7) in paragraph at lines 979--980
\T1/stix2/m/n/12 tic-i-pated, and are re-ported here ex-actly as nar-row as the
 ev-i-dence sup-ports: not be-
 []

[57] [58]
Loose \hbox (badness 1) in paragraph at lines 983--983
[]\T1/stix2/m/n/12 S. Aleem, J. Di-etlmeier, E. Arazo, and S. Lit-tle, ``Con-vL
oRA and Ad-aBN based
 []


Overfull \hbox (14.09294pt too wide) in paragraph at lines 983--983
\T1/stix2/m/n/12 do-main adap-ta-tion via self-training,'' in \T1/stix2/m/it/12
 IEEE In-ter-na-tional Sym-po-sium on Biomed-
 []


Tight \hbox (badness 5) in paragraph at lines 983--983
[]\T1/stix2/m/n/12 E. Ben-Zaken, S. Rav-fo-gel, and Y. Gold-berg, ``Bit-Fit: Si
m-ple parameter-efficient
 []


Loose \hbox (badness 1) in paragraph at lines 983--983
\T1/stix2/m/n/12 fine-tuning for transformer-based masked language-models,'' in
 \T1/stix2/m/it/12 An-nual Meet-
 []


Loose \hbox (badness 6) in paragraph at lines 983--983
\T1/stix2/m/it/12 ing of the As-so-ci-a-tion for Com-pu-ta-tional Lin-guis-tics
 (ACL)\T1/stix2/m/n/12 , 2022. arXiv: []$\T1/lmtt/m/n/12 2106 .
 []


Overfull \hbox (0.52097pt too wide) in paragraph at lines 983--983
\T1/stix2/m/n/12 quan-tifi-ca-tion through loss min-imi-sa-tion,'' \T1/stix2/m/
it/12 Ad-vances in Neu-ral In-for-ma-tion Pro-
 []


Underfull \hbox (badness 174) in paragraph at lines 983--983
[]\T1/stix2/m/n/12 L. Bertinetto, J. F. Hen-riques, P. H. S. Torr, and A. Vedal
di, ``Meta-learning
 []


Loose \hbox (badness 34) in paragraph at lines 983--983
\T1/stix2/m/n/12 vi-sion trans-form-ers,'' in \T1/stix2/m/it/12 IEEE/CVF In-ter
-na-tional Con-fer-ence on Com-puter Vi-
 []


Tight \hbox (badness 17) in paragraph at lines 983--983
[]\T1/stix2/m/n/12 H. Chen, R. Tao, H. Zhang, \T1/stix2/m/it/12 et al.\T1/stix2
/m/n/12 , ``Conv-Adapter: Exploring parameter efficient
 []


Loose \hbox (badness 77) in paragraph at lines 983--983
[]\T1/stix2/m/n/12 S. Chen, C. Ge, Z. Tong, \T1/stix2/m/it/12 et al.\T1/stix2/m
/n/12 , ``AdaptFormer: Adapting vision transformers
 []


Loose \hbox (badness 12) in paragraph at lines 983--983
\T1/stix2/m/n/12 for scalable visual recognition,'' in \T1/stix2/m/it/12 Advanc
es in Neural Information Processing
 []


Loose \hbox (badness 7) in paragraph at lines 983--983
[]\T1/stix2/m/n/12 W.[]Y. Chen, Y.[]C. Liu, Z. Kira, Y.[]C. F. Wang, and J.[]B.
 Huang, ``A closer look
 []


Tight \hbox (badness 24) in paragraph at lines 983--983
\T1/stix2/m/n/12 scale hierarchical image database,'' in \T1/stix2/m/it/12 IEEE
 Conference on Computer Vision and
 []


Overfull \hbox (24.89282pt too wide) in paragraph at lines 983--983
\T1/stix2/m/n/12 rank al-lo-ca-tion for parameter-efficient fine-tuning,'' \T1/
stix2/m/it/12 arXiv preprint arXiv:2606.29184\T1/stix2/m/n/12 ,
 []

[59

]
Tight \hbox (badness 2) in paragraph at lines 983--983
[]\T1/stix2/m/n/12 C. Finn, P. Abbeel, and S. Levine, ``Model-agnostic meta-lea
rning for fast adap-
 []


Overfull \hbox (15.1489pt too wide) in paragraph at lines 983--983
\T1/stix2/m/n/12 ta-tion of deep net-works,'' in \T1/stix2/m/it/12 In-ter-na-ti
onal Con-fer-ence on Ma-chine Learn-ing (ICML)\T1/stix2/m/n/12 ,
 []


Loose \hbox (badness 2) in paragraph at lines 983--983
[]\T1/stix2/m/n/12 J. Gao, M. Chen, L. Xiang, and C. Xu, ``A comprehensive surv
ey on evidential
 []


Tight \hbox (badness 5) in paragraph at lines 983--983
[]\T1/stix2/m/n/12 P. Gao, S. Geng, R. Zhang, \T1/stix2/m/it/12 et al.\T1/stix2
/m/n/12 , ``CLIP-Adapter: Better vision-language models
 []


Loose \hbox (badness 2) in paragraph at lines 983--983
\T1/stix2/m/n/12 with feature adapters,'' \T1/stix2/m/it/12 International Journ
al of Computer Vision (IJCV)\T1/stix2/m/n/12 , 2025.
 []


Tight \hbox (badness 45) in paragraph at lines 983--983
[]\T1/stix2/m/n/12 F. GenÁ, O. ÷zdemir, and E. Ak-ba≥, ``A sys-tem-atic com-par
-i-son of train-ing ob-jec-
 []


Loose \hbox (badness 8) in paragraph at lines 983--983
\T1/stix2/m/n/12 tives for out-of-distribution de-tec-tion in im-age clas-si-fi
-ca-tion,'' in \T1/stix2/m/it/12 ECCV Work-
 []


Underfull \hbox (badness 161) in paragraph at lines 983--983
\T1/stix2/m/it/12 shop on Un-cer-tainty Quan-tifi-ca-tion for Com-puter Vi-sion
\T1/stix2/m/n/12 , 2026. arXiv: []$\T1/lmtt/m/n/12 2603 .
 []


Underfull \hbox (badness 102) in paragraph at lines 983--983
[]\T1/stix2/m/n/12 C. Guo, G. Pleiss, Y. Sun, and K. Q. Wein-berger, ``On cal-i
-bra-tion of mod-ern
 []


Underfull \hbox (badness 137) in paragraph at lines 983--983
\T1/stix2/m/n/12 neu-ral net-works,'' in \T1/stix2/m/it/12 In-ter-na-tional Con
-fer-ence on Ma-chine Learn-ing (ICML)\T1/stix2/m/n/12 ,
 []


Tight \hbox (badness 46) in paragraph at lines 983--983
[]\T1/stix2/m/n/12 B. Hayta, H. Laus, S. Mittermaier, and F. Krahmer, ``Plug-in
 losses for evidential
 []


Tight \hbox (badness 21) in paragraph at lines 983--983
\T1/stix2/m/n/12 deep learning: A simplified framework for uncertainty estimati
on that includes
 []


Loose \hbox (badness 43) in paragraph at lines 983--983
\T1/stix2/m/n/12 view of parameter-efficient transfer learning,'' in \T1/stix2/
m/it/12 International Conference on
 []


Tight \hbox (badness 1) in paragraph at lines 983--983
[]\T1/stix2/m/n/12 K. He, X. Zhang, S. Ren, and J. Sun, ``Deep resid-ual learn-
ing for im-age recog-ni-
 []


Loose \hbox (badness 4) in paragraph at lines 983--983
[]\T1/stix2/m/n/12 D. Hendrycks and K. Gimpel, ``A baseline for detecting miscl
assified and out-
 []


Loose \hbox (badness 60) in paragraph at lines 983--983
\T1/stix2/m/n/12 of-distribution examples in neural networks,'' in \T1/stix2/m/
it/12 International Conference on
 []


Loose \hbox (badness 44) in paragraph at lines 983--983
[]\T1/stix2/m/n/12 A. Hoarau, ``Can we trust our models? epistemic calibration 
in second-order
 []


Tight \hbox (badness 57) in paragraph at lines 983--983
[]\T1/stix2/m/n/12 N. Houlsby, A. Giurgiu, S. Jas-trz¶b-ski, \T1/stix2/m/it/12 
et al.\T1/stix2/m/n/12 , ``Parameter-efficient trans-fer learn-
 []


Overfull \hbox (12.00967pt too wide) in paragraph at lines 983--983
\T1/stix2/m/n/12 ing for NLP,'' in \T1/stix2/m/it/12 In-ter-na-tional Con-fer-e
nce on Ma-chine Learn-ing (ICML)\T1/stix2/m/n/12 , ser. PMLR,
 []


Overfull \hbox (2.45786pt too wide) in paragraph at lines 983--983
[]\T1/stix2/m/n/12 A. Howard, M. San-dler, G. Chu, \T1/stix2/m/it/12 et al.\T1/
stix2/m/n/12 , ``Search-ing for mo-bilenetv3,'' in \T1/stix2/m/it/12 IEEE/CVF
 []


Tight \hbox (badness 5) in paragraph at lines 983--983
\T1/stix2/m/it/12 In-ter-na-tional Con-fer-ence on Com-puter Vi-sion (ICCV)\T1/
stix2/m/n/12 , 2019. arXiv: []$\T1/lmtt/m/n/12 1905 . 02244$[]\T1/stix2/m/n/12 
. 
 []

[60]
Tight \hbox (badness 37) in paragraph at lines 983--983
[]\T1/stix2/m/n/12 E. J. Hu, Y. Shen, P. Wallis, \T1/stix2/m/it/12 et al.\T1/st
ix2/m/n/12 , ``LoRA: Low-rank adaptation of large language
 []


Tight \hbox (badness 5) in paragraph at lines 983--983
\T1/stix2/m/n/12 models,'' in \T1/stix2/m/it/12 International Conference on Lea
rning Representations (ICLR)\T1/stix2/m/n/12 , 2022.
 []


Loose \hbox (badness 3) in paragraph at lines 983--983
\T1/stix2/m/n/12 of sim-ple pipelines for few-shot learn-ing: Ex-ter-nal data a
nd fine-tuning make
 []


Loose \hbox (badness 2) in paragraph at lines 983--983
\T1/stix2/m/n/12 a dif-fer-ence,'' in \T1/stix2/m/it/12 IEEE/CVF Con-fer-ence o
n Com-puter Vi-sion and Pat-tern Recog-
 []


Tight \hbox (badness 1) in paragraph at lines 983--983
[]\T1/stix2/m/n/12 M. Jia, L. Tang, B.[]C. Chen, \T1/stix2/m/it/12 et al.\T1/st
ix2/m/n/12 , ``Vi-sual prompt tun-ing,'' in \T1/stix2/m/it/12 Eu-ro-pean Con-fe
r-
 []


Tight \hbox (badness 32) in paragraph at lines 983--983
[]\T1/stix2/m/n/12 S. Jie and Z.[]H. Deng, ``FacT: Factor-tuning for lightweigh
t adaptation on vision
 []


Loose \hbox (badness 2) in paragraph at lines 983--983
\T1/stix2/m/n/12 transformer,'' in \T1/stix2/m/it/12 AAAI Conference on Artific
ial Intelligence\T1/stix2/m/n/12 , 2023. arXiv: []$\T1/lmtt/m/n/12 2212 .
 []


Loose \hbox (badness 4) in paragraph at lines 983--983
[]\T1/stix2/m/n/12 A. Kaya, I. Bi-lik, and I. Stain-vas, ``A com-par-a-tive stu
dy of vi-sion trans-form-ers
 []


Loose \hbox (badness 14) in paragraph at lines 983--983
\T1/stix2/m/n/12 and CNNs for few-shot rigid trans-for-ma-tion and fun-da-men-t
al ma-trix es-ti-ma-
 []


Loose \hbox (badness 48) in paragraph at lines 983--983
\T1/stix2/m/n/12 tion,'' \T1/stix2/m/it/12 arXiv preprint arXiv:2510.04794\T1/s
tix2/m/n/12 , 2025, Stud-ies few-shot ge-o-met-ric es-ti-
 []


Tight \hbox (badness 17) in paragraph at lines 983--983
[]\T1/stix2/m/n/12 A. Krizhevsky, ``Learn-ing mul-ti-ple lay-ers of fea-tures f
rom tiny im-ages,'' Uni-ver-
 []


Overfull \hbox (18.26376pt too wide) in paragraph at lines 983--983
[]\T1/stix2/m/n/12 G. Krumpl, H. Aven-haus, and H. Pos-seg-ger, ``One model, ma
ny be-hav-iors: Training-
 []


Loose \hbox (badness 1) in paragraph at lines 983--983
\T1/stix2/m/n/12 induced ef-fects on out-of-distribution de-tec-tion,'' in \T1/
stix2/m/it/12 IEEE/CVF Win-ter Con-fer-
 []


Loose \hbox (badness 4) in paragraph at lines 983--983
[]\T1/stix2/m/n/12 M. Kull, M. PerellÛ-Nieto, M. K‰ngsepp, T. Silva Filho, H. S
ong, and P. Flach,
 []


Loose \hbox (badness 36) in paragraph at lines 983--983
\T1/stix2/m/n/12 ``Be-yond tem-per-a-ture scal-ing: Ob-tain-ing well-calibrated
 mul-ti-class prob-a-bil-i-
 []


Loose \hbox (badness 61) in paragraph at lines 983--983
\T1/stix2/m/n/12 ties with dirich-let cal-i-bra-tion,'' in \T1/stix2/m/it/12 Ad
-vances in Neu-ral In-for-ma-tion Pro-cess-ing
 []


Loose \hbox (badness 45) in paragraph at lines 983--983
[]\T1/stix2/m/n/12 B. Lak-sh-mi-narayanan, A. Pritzel, and C. Blun-dell, ``Sim-
ple and scal-able pre-
 []


Loose \hbox (badness 42) in paragraph at lines 983--983
\T1/stix2/m/n/12 dic-tive un-cer-tainty es-ti-ma-tion us-ing deep en-sem-bles,'
' in \T1/stix2/m/it/12 Ad-vances in Neu-ral
 []


Tight \hbox (badness 3) in paragraph at lines 983--983
[]\T1/stix2/m/n/12 Y. Le and X. Yang, ``Tiny im-a-genet vi-sual recog-ni-tion c
hal-lenge,'' Stan-ford Uni-
 []


Loose \hbox (badness 2) in paragraph at lines 983--983
[]\T1/stix2/m/n/12 K. Lee, S. Maji, A. Ravichan-dran, and S. Soatto, ``Meta-lea
rning with dif-fer-en-
 []


Loose \hbox (badness 1) in paragraph at lines 983--983
\T1/stix2/m/n/12 tiable con-vex op-ti-miza-tion,'' in \T1/stix2/m/it/12 IEEE/CV
F Con-fer-ence on Com-puter Vi-sion and
 []

[61]
Underfull \hbox (badness 190) in paragraph at lines 983--983
[]\T1/stix2/m/n/12 W.[]H. Li, X. Liu, and H. Bilen, ``Cross-domain few-shot lea
rn-ing with task-
 []


Underfull \hbox (badness 129) in paragraph at lines 983--983
\T1/stix2/m/n/12 specific adapters,'' in \T1/stix2/m/it/12 IEEE/CVF Con-fer-enc
e on Com-puter Vi-sion and Pat-tern
 []


Loose \hbox (badness 38) in paragraph at lines 983--983
[]\T1/stix2/m/n/12 D. Lian, D. Zhou, J. Feng, and X. Wang, ``Scaling & shifting
 your features: A
 []


Loose \hbox (badness 77) in paragraph at lines 983--983
\T1/stix2/m/n/12 new baseline for efficient model tuning,'' in \T1/stix2/m/it/1
2 Advances in Neural Information
 []


Tight \hbox (badness 1) in paragraph at lines 983--983
[]\T1/stix2/m/n/12 X. Linghu, Y. Bai, Y. Lou, \T1/stix2/m/it/12 et al.\T1/stix2
/m/n/12 , ``Bayesian ev-i-den-tial learn-ing for few-shot clas-
 []


Tight \hbox (badness 21) in paragraph at lines 983--983
\T1/stix2/m/n/12 tec-tion,'' in \T1/stix2/m/it/12 Ad-vances in Neu-ral In-for-m
a-tion Pro-cess-ing Sys-tems (NeurIPS)\T1/stix2/m/n/12 , 2020.
 []


Overfull \hbox (3.40474pt too wide) in paragraph at lines 983--983
[]\T1/stix2/m/n/12 A. Ma-linin and M. Gales, ``Pre-dic-tive un-cer-tainty es-ti
-ma-tion via prior net-works,''
 []


Loose \hbox (badness 18) in paragraph at lines 983--983
\T1/stix2/m/n/12 in \T1/stix2/m/it/12 Ad-vances in Neu-ral In-for-ma-tion Pro-c
ess-ing Sys-tems (NeurIPS)\T1/stix2/m/n/12 , 2018. arXiv:
 []


Tight \hbox (badness 18) in paragraph at lines 983--983
[]\T1/stix2/m/n/12 C. Mc-Na-mara, ``Re-think-ing vacu-ity for OOD de-tec-tion i
n ev-i-den-tial deep learn-
 []


Loose \hbox (badness 32) in paragraph at lines 983--983
[]\T1/stix2/m/n/12 M. Min-derer, J. Djo-longa, R. Romi-jn-ders, \T1/stix2/m/it/
12 et al.\T1/stix2/m/n/12 , ``Re-vis-it-ing the cal-i-bra-tion of
 []


Loose \hbox (badness 36) in paragraph at lines 983--983
\T1/stix2/m/n/12 mod-ern neu-ral net-works,'' in \T1/stix2/m/it/12 Ad-vances in
 Neu-ral In-for-ma-tion Pro-cess-ing Sys-
 []


Loose \hbox (badness 2) in paragraph at lines 983--983
[]\T1/stix2/m/n/12 P. Morales-¡lvarez, S. Christodoulidis, M. Vakalopoulou, P. 
Pi-antanida, and J.
 []


Tight \hbox (badness 37) in paragraph at lines 983--983
\T1/stix2/m/n/12 Dolz, ``BayesAdapter: En-hanced un-cer-tainty es-ti-ma-tion in
 CLIP few-shot adap-
 []


Loose \hbox (badness 7) in paragraph at lines 983--983
[]\T1/stix2/m/n/12 D. J. M¸hlematter, M. Halbheer, A. Becker, \T1/stix2/m/it/12
 et al.\T1/stix2/m/n/12 , ``LoRA-Ensemble: Efficient
 []


Loose \hbox (badness 77) in paragraph at lines 983--983
\T1/stix2/m/n/12 uncertainty modelling for self-attention networks,'' \T1/stix2
/m/it/12 Transactions on Machine
 []


Tight \hbox (badness 6) in paragraph at lines 983--983
[]\T1/stix2/m/n/12 Y. Netzer, T. Wang, A. Coates, A. Bissacco, B. Wu, and A. Y.
 Ng, ``Reading digits
 []


Loose \hbox (badness 27) in paragraph at lines 983--983
\T1/stix2/m/n/12 in natural images with unsupervised feature learning,'' in \T1
/stix2/m/it/12 NIPS Workshop on
 []


Tight \hbox (badness 17) in paragraph at lines 983--983
\T1/stix2/m/it/12 for-ma-tion Pro-cess-ing Sys-tems (NeurIPS)\T1/stix2/m/n/12 ,
 Meta-data not in-de-pen-dently machine-
 []


Loose \hbox (badness 91) in paragraph at lines 983--983
\T1/stix2/m/n/12 mech-a-nism (base-rate ad-just-ment plus ev-i-den-tial en-sem-
bling), and re-search
 []

[62]
Tight \hbox (badness 23) in paragraph at lines 983--983
[]\T1/stix2/m/n/12 C. Sam-plawski, A. D. Cobb, M. Acharya, R. Kaur, and S. Jha,
 ``Scal-able bayesian
 []


Loose \hbox (badness 63) in paragraph at lines 983--983
\T1/stix2/m/n/12 low-rank adap-ta-tion of large lan-guage mod-els via stochas-t
ic vari-a-tional sub-
 []


Loose \hbox (badness 31) in paragraph at lines 983--983
\T1/stix2/m/n/12 space in-fer-ence,'' in \T1/stix2/m/it/12 Con-fer-ence on Un-c
er-tainty in Ar-ti-fi-cial In-tel-li-gence (UAI)\T1/stix2/m/n/12 ,
 []


Tight \hbox (badness 2) in paragraph at lines 983--983
\T1/stix2/m/n/12 ta-tion gym: A bench-mark for the bayesian low-rank adap-ta-ti
on of multi-modal
 []


Loose \hbox (badness 37) in paragraph at lines 983--983
\T1/stix2/m/n/12 clas-si-fi-ca-tion un-cer-tainty,'' in \T1/stix2/m/it/12 Ad-va
nces in Neu-ral In-for-ma-tion Pro-cess-ing Sys-
 []


Loose \hbox (badness 57) in paragraph at lines 983--983
[]\T1/stix2/m/n/12 M. Shen, J. J. Ryu, S. Ghosh, \T1/stix2/m/it/12 et al.\T1/st
ix2/m/n/12 , ``Are un-cer-tainty quan-tifi-ca-tion ca-pa-bil-i-
 []


Loose \hbox (badness 5) in paragraph at lines 983--983
\T1/stix2/m/n/12 ties of ev-i-den-tial deep learn-ing a mi-rage?'' In \T1/stix2
/m/it/12 Ad-vances in Neu-ral In-for-ma-tion
 []


Loose \hbox (badness 2) in paragraph at lines 983--983
[]\T1/stix2/m/n/12 I. F. Shi-hab, S. Ak-ter, and A. Sharma, ``Cal-i-brated adap
-ta-tion: Bayesian Stiefel
 []


Overfull \hbox (66.85678pt too wide) in paragraph at lines 983--983
\T1/stix2/m/n/12 man-i-fold pri-ors for re-li-able parameter-efficient fine-tun
ing,'' \T1/stix2/m/it/12 arXiv preprint arXiv:2602.17809\T1/stix2/m/n/12 ,
 []


Loose \hbox (badness 2) in paragraph at lines 983--983
[]\T1/stix2/m/n/12 A. Shysheya, J. Bronskill, M. Patacchiola, S. Nowozin, and R
. E. Turner, ``FiT:
 []


Loose \hbox (badness 41) in paragraph at lines 983--983
\T1/stix2/m/n/12 Parameter efficient few-shot transfer learning for personalize
d and federated
 []


Loose \hbox (badness 7) in paragraph at lines 983--983
\T1/stix2/m/n/12 image classification,'' in \T1/stix2/m/it/12 International Con
ference on Learning Representations
 []


Overfull \hbox (9.94765pt too wide) in paragraph at lines 983--983
[]\T1/stix2/m/n/12 O. SimÈoni, H. V. Vo, M. Seitzer, \T1/stix2/m/it/12 et al.\T
1/stix2/m/n/12 , ``DI-NOv3,'' \T1/stix2/m/it/12 arXiv preprint arXiv:2508.10104
\T1/stix2/m/n/12 ,
 []


Tight \hbox (badness 12) in paragraph at lines 983--983
[]\T1/stix2/m/n/12 J. Snell, K. Swer-sky, and R. S. Zemel, ``Pro-to-typ-i-cal n
et-works for few-shot learn-
 []


Tight \hbox (badness 5) in paragraph at lines 983--983
\T1/stix2/m/n/12 ing,'' in \T1/stix2/m/it/12 Ad-vances in Neu-ral In-for-ma-tio
n Pro-cess-ing Sys-tems (NIPS)\T1/stix2/m/n/12 , 2017. arXiv:
 []


Underfull \hbox (badness 122) in paragraph at lines 983--983
[]\T1/stix2/m/n/12 S. Som-van-shi, M. M. Is-lam, G. Chhetri, \T1/stix2/m/it/12 
et al.\T1/stix2/m/n/12 , ``From tiny ma-chine learn-ing
 []


Loose \hbox (badness 4) in paragraph at lines 983--983
\T1/stix2/m/n/12 to tiny deep learn-ing: A sur-vey,'' \T1/stix2/m/it/12 ACM Com
-put-ing Sur-veys\T1/stix2/m/n/12 , 2025. arXiv: []$\T1/lmtt/m/n/12 2506 .
 []


Underfull \hbox (badness 145) in paragraph at lines 983--983
[]\T1/stix2/m/n/12 L. Tao, Y. Zhu, H. Guo, M. Dong, and C. Xu, ``A bench-mark s
tudy on cal-i-
 []


Tight \hbox (badness 6) in paragraph at lines 983--983
\T1/stix2/m/n/12 bra-tion,'' in \T1/stix2/m/it/12 In-ter-na-tional Con-fer-ence
 on Learn-ing Rep-re-sen-ta-tions (ICLR)\T1/stix2/m/n/12 , 2024.
 []

[63]
Tight \hbox (badness 17) in paragraph at lines 983--983
\T1/stix2/m/n/12 ing net-works for one shot learn-ing,'' in \T1/stix2/m/it/12 A
d-vances in Neu-ral In-for-ma-tion Pro-cess-
 []


Tight \hbox (badness 18) in paragraph at lines 983--983
\T1/stix2/m/n/12 adap-ta-tion by back-prop-a-ga-tion for large lan-guage mod-el
s,'' in \T1/stix2/m/it/12 Ad-vances in Neu-
 []


Tight \hbox (badness 10) in paragraph at lines 983--983
[]\T1/stix2/m/n/12 Y. Xin, J. Yang, S. Luo, \T1/stix2/m/it/12 et al.\T1/stix2/m
/n/12 , ``Parameter-efficient fine-tuning for pre-trained vi-
 []


Tight \hbox (badness 1) in paragraph at lines 983--983
\T1/stix2/m/n/12 sion mod-els: A sur-vey and bench-mark,'' \T1/stix2/m/it/12 ar
Xiv preprint arXiv:2402.02242\T1/stix2/m/n/12 , 2024. 
 []


Tight \hbox (badness 9) in paragraph at lines 983--983
\T1/stix2/m/n/12 ta-tion for large lan-guage mod-els,'' in \T1/stix2/m/it/12 In
-ter-na-tional Con-fer-ence on Learn-ing Rep-
 []


Loose \hbox (badness 15) in paragraph at lines 983--983
\T1/stix2/m/n/12 distribution detection,'' in \T1/stix2/m/it/12 Advances in Neu
ral Information Processing Systems
 []


Loose \hbox (badness 7) in paragraph at lines 983--983
\T1/stix2/m/n/12 for large language model uncertainty estimation,'' in \T1/stix
2/m/it/12 Conference on Empirical
 []


Loose \hbox (badness 26) in paragraph at lines 983--983
[]\T1/stix2/m/n/12 J. Zhang, J. Yang, P. Wang, \T1/stix2/m/it/12 et al.\T1/stix
2/m/n/12 , ``OpenOOD v1.5: En-hanced bench-mark for
 []


Overfull \hbox (8.16481pt too wide) in paragraph at lines 983--983
\T1/stix2/m/n/12 out-of-distribution de-tec-tion,'' \T1/stix2/m/it/12 Jour-nal 
of Data-centric Ma-chine Learn-ing Re-search
 []


Loose \hbox (badness 86) in paragraph at lines 983--983
[]\T1/stix2/m/n/12 R. Zhang, W. Zhang, R. Fang, \T1/stix2/m/it/12 et al.\T1/sti
x2/m/n/12 , ``Tip-Adapter: Training-free adaption of
 []


Loose \hbox (badness 6) in paragraph at lines 983--983
\T1/stix2/m/n/12 CLIP for few-shot classification,'' in \T1/stix2/m/it/12 Europ
ean Conference on Computer Vision
 []


Overfull \hbox (38.82689pt too wide) in paragraph at lines 983--983
[]\T1/stix2/m/n/12 Y. Zhang, K. Zhou, and Z. Liu, ``Neu-ral prompt search,'' \T
1/stix2/m/it/12 arXiv preprint arXiv:2206.04673\T1/stix2/m/n/12 ,
 []


Loose \hbox (badness 4) in paragraph at lines 983--983
[]\T1/stix2/m/n/12 L. Zhao, Q. Zhan, and L. Shen, ``Invertible logits transform
ation for accuracy-
 []


Loose \hbox (badness 12) in paragraph at lines 983--983
\T1/stix2/m/n/12 preserving post-hoc uncertainty calibration,'' \T1/stix2/m/it/
12 arXiv preprint arXiv:2608.10372\T1/stix2/m/n/12 ,
 []


Loose \hbox (badness 57) in paragraph at lines 983--983
[]\T1/stix2/m/n/12 Z. Zhong, Z. Tang, T. He, H. Fang, and C. Yuan, ``Convolutio
n meets LoRA:
 []


Loose \hbox (badness 28) in paragraph at lines 983--983
\T1/stix2/m/n/12 Parameter efficient finetuning for segment anything model,'' i
n \T1/stix2/m/it/12 International
 []


Tight \hbox (badness 27) in paragraph at lines 983--983
[]\T1/stix2/m/n/12 K. Zhou, J. Yang, C. C. Loy, and Z. Liu, ``Learning to promp
t for vision-language
 []


Loose \hbox (badness 12) in paragraph at lines 983--983
\T1/stix2/m/n/12 models,'' \T1/stix2/m/it/12 International Journal of Computer 
Vision (IJCV)\T1/stix2/m/n/12 , 2022. arXiv: []$\T1/lmtt/m/n/12 2109 .
 []

[64] [65] [66


]
Appendix A.

Loose \hbox (badness 62) in paragraph at lines 992--993
\T1/stix2/m/n/12 This appendix reproduces, in full, the four core result tables
 selectively referenced
 []


Tight \hbox (badness 43) in paragraph at lines 992--993
\T1/stix2/m/n/12 throughout []chapter 5[][]: accuracy, macro-F1 and trainable-p
arameter count ([]Table A.1[][]);
 []


Tight \hbox (badness 38) in paragraph at lines 992--993
\T1/stix2/m/n/12 calibration ([]Table A.2[][]); OOD-detection AUROC ([]Table A.
3[][]); and OOD FPR@95%TPR
 []


Loose \hbox (badness 2) in paragraph at lines 992--993
\T1/stix2/m/n/12 ([]Table A.4[][]). All four are computed over the identical fr
ozen 600-episode test stream
 []


Loose \hbox (badness 15) in paragraph at lines 997--997
[]\T1/stix2/b/n/12 Table A.1: |\T1/stix2/m/n/12 Ac-cu-racy, macro-F1, and train
-able pa-ram-e-ters for all 40 grid con-fig-u-ra-
 []


Overfull \hbox (42.07195pt too wide) in alignment at lines 996--1002
 [] [] [] [] [] [] [] 
 []


Overfull \hbox (42.07195pt too wide) in alignment at lines 1002--1007
 [] [] [] [] [] [] [] 
 []


Overfull \hbox (42.07195pt too wide) in alignment at lines 1007--1009
 [] [] [] [] [] [] [] 
 []


Overfull \hbox (42.07195pt too wide) in alignment at lines 1009--1011
 [] [] [] [] [] [] [] 
 []


Overfull \hbox (42.07195pt too wide) in alignment at lines 1011--1052
 [] [] [] [] [] [] [] 
 []

[67

] [68]
Tight \hbox (badness 12) in paragraph at lines 1058--1058
[]\T1/stix2/b/n/12 Table A.2: |\T1/stix2/m/n/12 Cal-i-bra-tion (pooled ECE, per
-episode ECE, Brier score) for all 40 grid con-
 []


Overfull \hbox (5.50113pt too wide) in alignment at lines 1057--1063
 [] [] [] [] [] [] 
 []


Overfull \hbox (5.50113pt too wide) in alignment at lines 1063--1068
 [] [] [] [] [] [] 
 []


Overfull \hbox (5.50113pt too wide) in alignment at lines 1068--1070
 [] [] [] [] [] [] 
 []


Overfull \hbox (5.50113pt too wide) in alignment at lines 1070--1072
 [] [] [] [] [] [] 
 []


Overfull \hbox (5.50113pt too wide) in alignment at lines 1072--1113
 [] [] [] [] [] [] 
 []

[69]
Loose \hbox (badness 2) in paragraph at lines 1119--1119
[]\T1/stix2/b/n/12 Table A.3: |\T1/stix2/m/n/12 OOD-detection AU-ROC by pool, p
ri-mary score per head (vacu-ity for ev-
 []


Loose \hbox (badness 3) in paragraph at lines 1119--1119
\T1/stix2/m/n/12 i-den-tial, MSP for soft-max). ``Near'' lists CIFAR-100-heldou
t for CIFAR-FS rows and
 []


Overfull \hbox (12.15723pt too wide) in alignment at lines 1118--1124
 [] [] [] [] [] [] [] [] 
 []


Overfull \hbox (12.15723pt too wide) in alignment at lines 1124--1129
 [] [] [] [] [] [] [] [] 
 []


Overfull \hbox (12.15723pt too wide) in alignment at lines 1129--1131
 [] [] [] [] [] [] [] [] 
 []


Overfull \hbox (12.15723pt too wide) in alignment at lines 1131--1133
 [] [] [] [] [] [] [] [] 
 []


Overfull \hbox (12.15723pt too wide) in alignment at lines 1133--1174
 [] [] [] [] [] [] [] [] 
 []

[70] [71] [72]
Loose \hbox (badness 64) in paragraph at lines 1180--1180
[]\T1/stix2/b/n/12 Table A.4: |\T1/stix2/m/n/12 OOD FPR@95%TPR by pool, primary
 score per head (lower is better).
 []


Loose \hbox (badness 29) in paragraph at lines 1180--1180
\T1/stix2/m/n/12 ``Near'' lists CIFAR-100-heldout for CIFAR-FS rows and MiniIma
geNet-heldout for
 []

[73] [74] [75]
Appendix B.

Tight \hbox (badness 2) in paragraph at lines 1244--1245
\T1/stix2/m/n/12 This ap-pendix doc-u-ments the con-ven-tions that make the re-
sults in []chap-ter 5[][] and []Ap-
 []


Loose \hbox (badness 98) in paragraph at lines 1248--1249
\T1/stix2/m/n/12 Every ex-per-i-ment is spec-i-fied by a YAML con-fig-u-ra-tion
 file. A con-fig-u-ra-tion may
 []


Loose \hbox (badness 96) in paragraph at lines 1248--1249
\T1/stix2/m/n/12 de-clare \T1/lmtt/m/n/12 extends: <path> \T1/stix2/m/n/12 (a s
in-gle path or a list of paths) to a par-ent con-fig-u-ra-
 []


Loose \hbox (badness 3) in paragraph at lines 1248--1249
\T1/stix2/m/n/12 tion, which is deep-merged re-cur-sively with the child's own 
keys tak-ing prece-dence
 []


Loose \hbox (badness 19) in paragraph at lines 1248--1249
\T1/stix2/m/n/12 over the par-ent's; a sin-gle base con-fig-u-ra-tion de-fines 
ev-ery de-fault, and each of the
 []


Loose \hbox (badness 57) in paragraph at lines 1248--1249
\T1/stix2/m/n/12 experiment-specific con-fig-u-ra-tions used to pro-duce []Ap-p
endix A[][] over-rides only the
 []


Loose \hbox (badness 5) in paragraph at lines 1248--1249
\T1/stix2/m/n/12 hand-ful of keys ^^V dataset, shot count, back-bone, adapter t
ype, head in-ter-pre-ta-tion,
 []


Underfull \hbox (badness 172) in paragraph at lines 1252--1253
\T1/stix2/m/n/12 Three arte-facts are treated as frozen and are never re-gen-er
-ated, be-cause do-ing so
 []


Loose \hbox (badness 20) in paragraph at lines 1252--1253
\T1/stix2/m/n/12 would silently change which episodes or classes are used for e
val-u-a-tion and in-val-i-
 []


Tight \hbox (badness 16) in paragraph at lines 1256--1257
\T1/stix2/m/n/12 pa-ram-e-ter or post-hoc-recalibration fit-ting ([]sec-tion 4.
7[][], []sec-tion 5.6[][]) ^^V never the
 []

[76

]
Tight \hbox (badness 78) in paragraph at lines 1262--1263
\T1/stix2/m/n/12 Every run seeds Python's, NumPy's, and Py-Torch's (CPU and CUD
A) random-number
 []


Loose \hbox (badness 29) in paragraph at lines 1262--1263
\T1/stix2/m/n/12 gen-er-a-tors and forces de-ter-min-is-tic cuDNN ker-nel se-le
c-tion be-fore any model con-
 []


Tight \hbox (badness 70) in paragraph at lines 1262--1263
\T1/stix2/m/n/12 to re-pro-duce a byte-identical re-sult file; this is checked 
as a stand-ing con-ven-tion for ev-
 []


Loose \hbox (badness 4) in paragraph at lines 1262--1263
\T1/stix2/m/n/12 ery con-fig-u-ra-tion change rather than ver-i-fied once. Two 
con-fig-u-ra-tions in the main
 []


Loose \hbox (badness 21) in paragraph at lines 1262--1263
\T1/stix2/m/n/12 grid ^^V Full-Fine-Tuning and Linear-Probe ^^V have no across-
seed vari-ance re-gard-
 []


Loose \hbox (badness 35) in paragraph at lines 1262--1263
\T1/stix2/m/n/12 less of this de-ter-min-ism ma-chin-ery, be-cause Full-Fine-Tu
ning starts from iden-ti-cal
 []


Loose \hbox (badness 8) in paragraph at lines 1262--1263
\T1/stix2/m/n/12 pre-trained weights re-gard-less of seed and Linear-Probe has 
no train-able pa-ram-e-ters
 []


Loose \hbox (badness 31) in paragraph at lines 1262--1263
\T1/stix2/m/n/12 for a seed to act on; this is ex-pected be-haviour, not a re-p
ro-ducibil-ity fail-ure, and is
 []


Loose \hbox (badness 43) in paragraph at lines 1266--1267
\T1/stix2/m/n/12 Weights & Bi-ases log-ging is sup-ported in on-line, of-fline,
 and fully-disabled modes,
 []


Tight \hbox (badness 6) in paragraph at lines 1266--1267
\T1/stix2/m/n/12 with log-ging dis-abled by de-fault so a run pro-duces no trac
king-service side ef-fects un-
 []


Tight \hbox (badness 65) in paragraph at lines 1266--1267
\T1/stix2/m/n/12 less ex-plic-itly re-quested. All train-ing and eval-u-a-tion 
re-ported in this the-sis was car-ried
 []


Tight \hbox (badness 9) in paragraph at lines 1266--1267
\T1/stix2/m/n/12 out on cloud GPU in-stances (Google Co-lab and Kag-gle, pre-do
m-i-nantly NVIDIA Tesla
 []


Tight \hbox (badness 10) in paragraph at lines 1266--1267
\T1/stix2/m/n/12 T4 hard-ware); the ef-fi-ciency and la-tency mea-sure-ments un
-der-ly-ing []sec-tion 5.7[][] are ex-
 []


Loose \hbox (badness 51) in paragraph at lines 1266--1267
\T1/stix2/m/n/12 an in-ter-nal cor-rec-tion in which sev-eral plot-ting scripts
 were found to have silently
 []

[77] (./main_strict.aux)
 ***********
LaTeX2e <2023-11-01> patch level 1
L3 programming layer <2024-01-22>
 ***********
Package rerunfilecheck Info: File `main_strict.out' has not changed.
(rerunfilecheck)             Checksum: B46AFFEF0F455B9352993726EAD5DFE1;13099.
Package logreq Info: Writing requests to 'main_strict.run.xml'.
\openout1 = `main_strict.run.xml'.

 ) 
Here is how much of TeX's memory you used:
 36488 strings out of 476182
 680006 string characters out of 5795595
 1982975 words of memory out of 5000000
 57658 multiletter control sequences out of 15000+600000
 717809 words of font info for 128 fonts, out of 8000000 for 9000
 14 hyphenation exceptions out of 8191
 84i,12n,93p,3358b,1487s stack positions out of 10000i,1000n,20000p,200000b,200000s
</usr/share/texlive/texmf-dist/fonts/type1/public/stix2-type1/STIX2Math.pfb><
/usr/share/texlive/texmf-dist/fonts/type1/public/stix2-type1/STIX2Text-Bold.pfb
></usr/share/texlive/texmf-dist/fonts/type1/public/stix2-type1/STIX2Text-Italic
.pfb></usr/share/texlive/texmf-dist/fonts/type1/public/stix2-type1/STIX2Text-Re
gular.pfb></usr/share/texmf/fonts/type1/public/lm/lmtt12.pfb>
Output written on main_strict.pdf (93 pages, 1598632 bytes).
PDF statistics:
 1541 PDF objects out of 1728 (max. 8388607)
 1368 compressed objects within 14 object streams
 302 named destinations out of 1000 (max. 500000)
 639 words of extra memory for PDF output out of 10000 (max. 10000000)

