This is pdfTeX, Version 3.141592653-2.6-1.40.25 (TeX Live 2023/Debian) (preloaded format=pdflatex 2026.9.14)  16 SEP 2026 19:03
entering extended mode
 restricted \write18 enabled.
 %&-line parsing enabled.
**main_diag.tex
(./main_diag.tex
LaTeX2e <2023-11-01> patch level 1
L3 programming layer <2024-01-22>
(./iutbscthesis.cls
Document Class: iutbscthesis 2024/05/31 LaTeX Class for writing BSc Thesis Repo
rt of Islamic University of Technology (IUT), written by MBH and MIA
(/usr/share/texlive/texmf-dist/tex/latex/base/report.cls
Document Class: report 2023/05/17 v1.4n Standard LaTeX document class
(/usr/share/texlive/texmf-dist/tex/latex/base/size12.clo
File: size12.clo 2023/05/17 v1.4n Standard LaTeX file (size option)
)
\c@part=\count187
\c@chapter=\count188
\c@section=\count189
\c@subsection=\count190
\c@subsubsection=\count191
\c@paragraph=\count192
\c@subparagraph=\count193
\c@figure=\count194
\c@table=\count195
\abovecaptionskip=\skip48
\belowcaptionskip=\skip49
\bibindent=\dimen140
)
(/usr/share/texlive/texmf-dist/tex/latex/geometry/geometry.sty
Package: geometry 2020/01/02 v5.9 Page Geometry

(/usr/share/texlive/texmf-dist/tex/latex/graphics/keyval.sty
Package: keyval 2022/05/29 v1.15 key=value parser (DPC)
\KV@toks@=\toks17
)
(/usr/share/texlive/texmf-dist/tex/generic/iftex/ifvtex.sty
Package: ifvtex 2019/10/25 v1.7 ifvtex legacy package. Use iftex instead.

(/usr/share/texlive/texmf-dist/tex/generic/iftex/iftex.sty
Package: iftex 2022/02/03 v1.0f TeX engine tests
))
\Gm@cnth=\count196
\Gm@cntv=\count197
\c@Gm@tempcnt=\count198
\Gm@bindingoffset=\dimen141
\Gm@wd@mp=\dimen142
\Gm@odd@mp=\dimen143
\Gm@even@mp=\dimen144
\Gm@layoutwidth=\dimen145
\Gm@layoutheight=\dimen146
\Gm@layouthoffset=\dimen147
\Gm@layoutvoffset=\dimen148
\Gm@dimlist=\toks18
)
(/usr/share/texmf/tex/latex/lm/lmodern.sty
Package: lmodern 2015/05/01 v1.6.1 Latin Modern Fonts
LaTeX Font Info:    Overwriting symbol font `operators' in version `normal'
(Font)                  OT1/cmr/m/n --> OT1/lmr/m/n on input line 22.
LaTeX Font Info:    Overwriting symbol font `letters' in version `normal'
(Font)                  OML/cmm/m/it --> OML/lmm/m/it on input line 23.
LaTeX Font Info:    Overwriting symbol font `symbols' in version `normal'
(Font)                  OMS/cmsy/m/n --> OMS/lmsy/m/n on input line 24.
LaTeX Font Info:    Overwriting symbol font `largesymbols' in version `normal'
(Font)                  OMX/cmex/m/n --> OMX/lmex/m/n on input line 25.
LaTeX Font Info:    Overwriting symbol font `operators' in version `bold'
(Font)                  OT1/cmr/bx/n --> OT1/lmr/bx/n on input line 26.
LaTeX Font Info:    Overwriting symbol font `letters' in version `bold'
(Font)                  OML/cmm/b/it --> OML/lmm/b/it on input line 27.
LaTeX Font Info:    Overwriting symbol font `symbols' in version `bold'
(Font)                  OMS/cmsy/b/n --> OMS/lmsy/b/n on input line 28.
LaTeX Font Info:    Overwriting symbol font `largesymbols' in version `bold'
(Font)                  OMX/cmex/m/n --> OMX/lmex/m/n on input line 29.
LaTeX Font Info:    Overwriting math alphabet `\mathbf' in version `normal'
(Font)                  OT1/cmr/bx/n --> OT1/lmr/bx/n on input line 31.
LaTeX Font Info:    Overwriting math alphabet `\mathsf' in version `normal'
(Font)                  OT1/cmss/m/n --> OT1/lmss/m/n on input line 32.
LaTeX Font Info:    Overwriting math alphabet `\mathit' in version `normal'
(Font)                  OT1/cmr/m/it --> OT1/lmr/m/it on input line 33.
LaTeX Font Info:    Overwriting math alphabet `\mathtt' in version `normal'
(Font)                  OT1/cmtt/m/n --> OT1/lmtt/m/n on input line 34.
LaTeX Font Info:    Overwriting math alphabet `\mathbf' in version `bold'
(Font)                  OT1/cmr/bx/n --> OT1/lmr/bx/n on input line 35.
LaTeX Font Info:    Overwriting math alphabet `\mathsf' in version `bold'
(Font)                  OT1/cmss/bx/n --> OT1/lmss/bx/n on input line 36.
LaTeX Font Info:    Overwriting math alphabet `\mathit' in version `bold'
(Font)                  OT1/cmr/bx/it --> OT1/lmr/bx/it on input line 37.
LaTeX Font Info:    Overwriting math alphabet `\mathtt' in version `bold'
(Font)                  OT1/cmtt/m/n --> OT1/lmtt/m/n on input line 38.
)
(/usr/share/texlive/texmf-dist/tex/latex/stix2-type1/stix2.sty
Package: stix2 2021/01/14 v2.0.2-latex STIX Two fonts support package

(/usr/share/texlive/texmf-dist/tex/latex/base/textcomp.sty
Package: textcomp 2020/02/02 v2.0n Standard LaTeX package
LaTeX Font Info:    Changing ? sub-encoding to TS1/0 on input line 78.
)
Now handling font encoding LS1 ...
... no UTF-8 mapping file for font encoding LS1
Now handling font encoding LS2 ...
... no UTF-8 mapping file for font encoding LS2
LaTeX Font Info:    Redeclaring symbol font `letters' on input line 78.
LaTeX Font Info:    Encoding `OML' has changed to `LS1' for symbol font
(Font)              `letters' in the math version `normal' on input line 78.
LaTeX Font Info:    Overwriting symbol font `letters' in version `normal'
(Font)                  OML/lmm/m/it --> LS1/stix2/m/it on input line 78.
LaTeX Font Info:    Encoding `OML' has changed to `LS1' for symbol font
(Font)              `letters' in the math version `bold' on input line 78.
LaTeX Font Info:    Overwriting symbol font `letters' in version `bold'
(Font)                  OML/lmm/b/it --> LS1/stix2/m/it on input line 78.
LaTeX Font Info:    Redeclaring symbol font `operators' on input line 79.
LaTeX Font Info:    Encoding `OT1' has changed to `LS1' for symbol font
(Font)              `operators' in the math version `normal' on input line 79.
LaTeX Font Info:    Overwriting symbol font `operators' in version `normal'
(Font)                  OT1/lmr/m/n --> LS1/stix2/m/n on input line 79.
LaTeX Font Info:    Encoding `OT1' has changed to `LS1' for symbol font
(Font)              `operators' in the math version `bold' on input line 79.
LaTeX Font Info:    Overwriting symbol font `operators' in version `bold'
(Font)                  OT1/lmr/bx/n --> LS1/stix2/m/n on input line 79.
\symbold-operators=\mathgroup4
LaTeX Font Info:    Redeclaring symbol font `symbols' on input line 81.
LaTeX Font Info:    Encoding `OMS' has changed to `LS1' for symbol font
(Font)              `symbols' in the math version `normal' on input line 81.
LaTeX Font Info:    Overwriting symbol font `symbols' in version `normal'
(Font)                  OMS/lmsy/m/n --> LS1/stix2scr/m/n on input line 81.
LaTeX Font Info:    Encoding `OMS' has changed to `LS1' for symbol font
(Font)              `symbols' in the math version `bold' on input line 81.
LaTeX Font Info:    Overwriting symbol font `symbols' in version `bold'
(Font)                  OMS/lmsy/b/n --> LS1/stix2scr/m/n on input line 81.
\symsymbols2=\mathgroup5
\symsymbols3=\mathgroup6
\symsymbols4=\mathgroup7
\symintegrals=\mathgroup8
LaTeX Font Info:    Redeclaring symbol font `largesymbols' on input line 86.
LaTeX Font Info:    Encoding `OMX' has changed to `LS2' for symbol font
(Font)              `largesymbols' in the math version `normal' on input line 8
6.
LaTeX Font Info:    Overwriting symbol font `largesymbols' in version `normal'
(Font)                  OMX/lmex/m/n --> LS2/stix2ex/m/n on input line 86.
LaTeX Font Info:    Encoding `OMX' has changed to `LS2' for symbol font
(Font)              `largesymbols' in the math version `bold' on input line 86.

LaTeX Font Info:    Overwriting symbol font `largesymbols' in version `bold'
(Font)                  OMX/lmex/m/n --> LS2/stix2ex/m/n on input line 86.
\symarrows1=\mathgroup9
\symarrows2=\mathgroup10
\symarrows3=\mathgroup11
LaTeX Font Info:    Overwriting symbol font `letters' in version `bold'
(Font)                  LS1/stix2/m/it --> LS1/stix2/b/it on input line 90.
LaTeX Font Info:    Overwriting symbol font `operators' in version `bold'
(Font)                  LS1/stix2/m/n --> LS1/stix2/b/n on input line 91.
LaTeX Font Info:    Overwriting symbol font `symbols' in version `bold'
(Font)                  LS1/stix2scr/m/n --> LS1/stix2scr/b/n on input line 92.

LaTeX Font Info:    Overwriting symbol font `symbols2' in version `bold'
(Font)                  LS1/stix2frak/m/n --> LS1/stix2frak/b/n on input line 9
3.
LaTeX Font Info:    Overwriting symbol font `symbols3' in version `bold'
(Font)                  LS1/stix2bb/m/n --> LS1/stix2bb/b/n on input line 94.
LaTeX Font Info:    Overwriting symbol font `symbols4' in version `bold'
(Font)                  LS1/stix2bb/m/it --> LS1/stix2bb/b/it on input line 95.

LaTeX Font Info:    Overwriting symbol font `integrals' in version `bold'
(Font)                  LS2/stix2cal/m/n --> LS2/stix2cal/b/n on input line 96.

LaTeX Font Info:    Overwriting symbol font `largesymbols' in version `bold'
(Font)                  LS2/stix2ex/m/n --> LS2/stix2ex/b/n on input line 97.
LaTeX Font Info:    Overwriting symbol font `arrows1' in version `bold'
(Font)                  LS1/stix2sf/m/n --> LS1/stix2sf/b/n on input line 98.
LaTeX Font Info:    Overwriting symbol font `arrows2' in version `bold'
(Font)                  LS1/stix2sf/m/it --> LS1/stix2sf/b/it on input line 99.

LaTeX Font Info:    Overwriting symbol font `arrows3' in version `bold'
(Font)                  LS2/stix2tt/m/n --> LS2/stix2tt/b/n on input line 100.
LaTeX Font Info:    Redeclaring math alphabet \mathit on input line 101.
LaTeX Font Info:    Redeclaring math alphabet \mathsf on input line 107.
LaTeX Font Info:    Redeclaring math alphabet \mathtt on input line 109.
LaTeX Font Info:    Redeclaring math alphabet \mathbf on input line 110.
LaTeX Font Info:    Redeclaring math symbol \hbar on input line 226.
LaTeX Font Info:    Redeclaring math accent \grave on input line 697.
LaTeX Font Info:    Redeclaring math accent \acute on input line 698.
LaTeX Font Info:    Redeclaring math accent \hat on input line 699.
LaTeX Font Info:    Redeclaring math accent \tilde on input line 700.
LaTeX Font Info:    Redeclaring math accent \bar on input line 701.
LaTeX Font Info:    Redeclaring math accent \breve on input line 702.
LaTeX Font Info:    Redeclaring math accent \dot on input line 703.
LaTeX Font Info:    Redeclaring math accent \ddot on input line 704.
LaTeX Font Info:    Redeclaring math accent \mathring on input line 706.
LaTeX Font Info:    Redeclaring math accent \check on input line 707.
LaTeX Font Info:    Redeclaring math accent \vec on input line 715.
LaTeX Font Info:    Redeclaring math accent \widehat on input line 727.
LaTeX Font Info:    Redeclaring math accent \widetilde on input line 728.
LaTeX Info: Redefining \vdots on input line 1517.
LaTeX Info: Redefining \cdots on input line 1521.
LaTeX Font Info:    Redeclaring math symbol \mathsterling on input line 1977.
LaTeX Info: Redefining \not on input line 2141.
)
(/usr/share/texlive/texmf-dist/tex/latex/parskip/parskip.sty
Package: parskip 2021-03-14 v2.0h non-zero parskip adjustments

(/usr/share/texlive/texmf-dist/tex/latex/kvoptions/kvoptions.sty
Package: kvoptions 2022-06-15 v3.15 Key value format for package options (HO)

(/usr/share/texlive/texmf-dist/tex/generic/ltxcmds/ltxcmds.sty
Package: ltxcmds 2023-12-04 v1.26 LaTeX kernel commands for general use (HO)
)
(/usr/share/texlive/texmf-dist/tex/latex/kvsetkeys/kvsetkeys.sty
Package: kvsetkeys 2022-10-05 v1.19 Key value parser (HO)
))
(/usr/share/texlive/texmf-dist/tex/latex/etoolbox/etoolbox.sty
Package: etoolbox 2020/10/05 v2.5k e-TeX tools for LaTeX (JAW)
\etb@tempcnta=\count199
))
(/usr/share/texlive/texmf-dist/tex/latex/setspace/setspace.sty
Package: setspace 2022/12/04 v6.7b set line spacing
)
(/usr/share/texlive/texmf-dist/tex/latex/floatrow/floatrow.sty
Package: floatrow 2008/08/02 v0.3b floatrow: float package extension

(/usr/share/texlive/texmf-dist/tex/latex/caption/caption3.sty
Package: caption3 2023/07/31 v2.4d caption3 kernel (AR)
\caption@tempdima=\dimen149
\captionmargin=\dimen150
\caption@leftmargin=\dimen151
\caption@rightmargin=\dimen152
\caption@width=\dimen153
\caption@indent=\dimen154
\caption@parindent=\dimen155
\caption@hangindent=\dimen156
Package caption Info: Standard document class detected.
)
\c@float@type=\count266
\float@exts=\toks19
\float@box=\box51
\@floatcapt=\box52
Package floatrow Info: Modified float package code loaded on input line 455.
Package floatrow Info: Modified rotfloat package code loaded on input line 473.

\FR@everyfloat=\toks20
\flrow@foot=\insert252
\FB@wd=\dimen157
\FBo@wd=\dimen158
\FBc@wd=\dimen159
\FBo@ht=\skip50
\FBc@ht=\skip51
\FBf@ht=\skip52
\FBo@max=\skip53
\FBc@max=\skip54
\FBf@max=\skip55
\c@FBl@b=\count267
\floatbox@depth=\count268
\c@FRobj=\count269
\c@FRsobj=\count270
\Xhsize=\skip56
\sXhsize=\skip57
\Zhsize=\skip58
\sZhsize=\skip59
\flrow@rowbox=\box53
\FR@Zunitlength=\dimen160
\c@FBcnt=\count271
\FPOScnt=\count272
\LTleft=\skip60
\LTright=\skip61
\LTleft=\skip62
\LTright=\skip63
\flrow@types=\toks21
)
(/usr/share/texlive/texmf-dist/tex/latex/graphics/graphicx.sty
Package: graphicx 2021/09/16 v1.2d Enhanced LaTeX Graphics (DPC,SPQR)

(/usr/share/texlive/texmf-dist/tex/latex/graphics/graphics.sty
Package: graphics 2022/03/10 v1.4e Standard LaTeX Graphics (DPC,SPQR)

(/usr/share/texlive/texmf-dist/tex/latex/graphics/trig.sty
Package: trig 2021/08/11 v1.11 sin cos tan (DPC)
)
(/usr/share/texlive/texmf-dist/tex/latex/graphics-cfg/graphics.cfg
File: graphics.cfg 2016/06/04 v1.11 sample graphics configuration
)
Package graphics Info: Driver file: pdftex.def on input line 107.

(/usr/share/texlive/texmf-dist/tex/latex/graphics-def/pdftex.def
File: pdftex.def 2022/09/22 v1.2b Graphics/color driver for pdftex
))
\Gin@req@height=\dimen161
\Gin@req@width=\dimen162
)
(/usr/share/texlive/texmf-dist/tex/latex/caption/caption.sty
Package: caption 2023/08/05 v3.6o Customizing captions (AR)
\c@caption@flags=\count273
\c@continuedfloat=\count274
Package caption Info: float package is loaded.
Package caption Info: floatrow package is loaded.
Package caption Info: floatrow package is loaded.
)
(/usr/share/texlive/texmf-dist/tex/latex/caption/subcaption.sty
Package: subcaption 2023/07/28 v1.6b Sub-captions (AR)
Package caption Info: New subtype `subfigure' on input line 238.
\c@subfigure=\count275
Package caption Info: New subtype `subtable' on input line 238.
\c@subtable=\count276
)
(/usr/share/texlive/texmf-dist/tex/latex/tools/array.sty
Package: array 2023/10/16 v2.5g Tabular extension package (FMi)
\col@sep=\dimen163
\ar@mcellbox=\box54
\extrarowheight=\dimen164
\NC@list=\toks22
\extratabsurround=\skip64
\backup@length=\skip65
\ar@cellbox=\box55
)
(/usr/share/texlive/texmf-dist/tex/latex/booktabs/booktabs.sty
Package: booktabs 2020/01/12 v1.61803398 Publication quality tables
\heavyrulewidth=\dimen165
\lightrulewidth=\dimen166
\cmidrulewidth=\dimen167
\belowrulesep=\dimen168
\belowbottomsep=\dimen169
\aboverulesep=\dimen170
\abovetopsep=\dimen171
\cmidrulesep=\dimen172
\cmidrulekern=\dimen173
\defaultaddspace=\dimen174
\@cmidla=\count277
\@cmidlb=\count278
\@aboverulesep=\dimen175
\@belowrulesep=\dimen176
\@thisruleclass=\count279
\@lastruleclass=\count280
\@thisrulewidth=\dimen177
)
(/usr/share/texlive/texmf-dist/tex/latex/amsmath/amsmath.sty
Package: amsmath 2023/05/13 v2.17o AMS math features
\@mathmargin=\skip66

For additional information on amsmath, use the `?' option.
(/usr/share/texlive/texmf-dist/tex/latex/amsmath/amstext.sty
Package: amstext 2021/08/26 v2.01 AMS text

(/usr/share/texlive/texmf-dist/tex/latex/amsmath/amsgen.sty
File: amsgen.sty 1999/11/30 v2.0 generic functions
\@emptytoks=\toks23
\ex@=\dimen178
))
(/usr/share/texlive/texmf-dist/tex/latex/amsmath/amsbsy.sty
Package: amsbsy 1999/11/29 v1.2d Bold Symbols
\pmbraise@=\dimen179
)
(/usr/share/texlive/texmf-dist/tex/latex/amsmath/amsopn.sty
Package: amsopn 2022/04/08 v2.04 operator names
)
\inf@bad=\count281
LaTeX Info: Redefining \frac on input line 234.
\uproot@=\count282
\leftroot@=\count283
LaTeX Info: Redefining \overline on input line 399.
LaTeX Info: Redefining \colon on input line 410.
\classnum@=\count284
\DOTSCASE@=\count285
LaTeX Info: Redefining \ldots on input line 496.
LaTeX Info: Redefining \dots on input line 499.
\Mathstrutbox@=\box56
\strutbox@=\box57
LaTeX Info: Redefining \big on input line 722.
LaTeX Info: Redefining \Big on input line 723.
LaTeX Info: Redefining \bigg on input line 724.
LaTeX Info: Redefining \Bigg on input line 725.
\big@size=\dimen180
LaTeX Font Info:    Redeclaring font encoding OML on input line 743.
LaTeX Font Info:    Redeclaring font encoding OMS on input line 744.
\macc@depth=\count286
LaTeX Info: Redefining \bmod on input line 905.
LaTeX Info: Redefining \pmod on input line 910.
LaTeX Info: Redefining \smash on input line 940.
\c@MaxMatrixCols=\count287
\dotsspace@=\muskip16
\c@parentequation=\count288
\dspbrk@lvl=\count289
\tag@help=\toks24
\row@=\count290
\column@=\count291
\maxfields@=\count292
\andhelp@=\toks25
\eqnshift@=\dimen181
\alignsep@=\dimen182
\tagshift@=\dimen183
\tagwidth@=\dimen184
\totwidth@=\dimen185
\lineht@=\dimen186
\@envbody=\toks26
\multlinegap=\skip67
\multlinetaggap=\skip68
\mathdisplay@stack=\toks27
LaTeX Info: Redefining \[ on input line 2953.
LaTeX Info: Redefining \] on input line 2954.
)
(/usr/share/texlive/texmf-dist/tex/latex/l3packages/xfrac/xfrac.sty
(/usr/share/texlive/texmf-dist/tex/latex/l3kernel/expl3.sty
Package: expl3 2024-01-22 L3 programming layer (loader) 

(/usr/share/texlive/texmf-dist/tex/latex/l3backend/l3backend-pdftex.def
File: l3backend-pdftex.def 2024-01-04 L3 backend support: PDF output (pdfTeX)
\l__color_backend_stack_int=\count293
\l__pdf_internal_box=\box58
))
(/usr/share/texlive/texmf-dist/tex/latex/l3packages/l3keys2e/l3keys2e.sty
Package: l3keys2e 2023-10-10 LaTeX2e option processing using LaTeX3 keys
)
(/usr/share/texlive/texmf-dist/tex/latex/l3packages/xparse/xparse.sty
Package: xparse 2023-10-10 L3 Experimental document command parser
)
(/usr/share/texlive/texmf-dist/tex/latex/l3packages/xtemplate/xtemplate.sty
Package: xtemplate 2023-10-10 L3 Experimental prototype document functions
\l__xtemplate_tmp_dim=\dimen187
\l__xtemplate_tmp_int=\count294
\l__xtemplate_tmp_muskip=\muskip17
\l__xtemplate_tmp_skip=\skip69
)
Package: xfrac 2023-10-10 L3 Experimental split-level fractions
\l__xfrac_slash_box=\box59
\l__xfrac_tmp_box=\box60
\l__xfrac_denominator_bot_sep_dim=\dimen188
\l__xfrac_numerator_bot_sep_dim=\dimen189
\l__xfrac_numerator_top_sep_dim=\dimen190
\l__xfrac_slash_left_sep_dim=\dimen191
\l__xfrac_slash_right_sep_dim=\dimen192
\l__xfrac_slash_left_muskip=\muskip18
\l__xfrac_slash_right_muskip=\muskip19

Package xtemplate Info: Declaring object type 'xfrac' taking 3 argument(s) on
(xtemplate)             line 80.

)
(/usr/share/texlive/texmf-dist/tex/latex/listings/listings.sty
\lst@mode=\count295
\lst@gtempboxa=\box61
\lst@token=\toks28
\lst@length=\count296
\lst@currlwidth=\dimen193
\lst@column=\count297
\lst@pos=\count298
\lst@lostspace=\dimen194
\lst@width=\dimen195
\lst@newlines=\count299
\lst@lineno=\count300
\lst@maxwidth=\dimen196

(/usr/share/texlive/texmf-dist/tex/latex/listings/lstmisc.sty
File: lstmisc.sty 2023/02/27 1.9 (Carsten Heinz)
\c@lstnumber=\count301
\lst@skipnumbers=\count302
\lst@framebox=\box62
)
(/usr/share/texlive/texmf-dist/tex/latex/listings/listings.cfg
File: listings.cfg 2023/02/27 1.9 listings configuration
))
Package: listings 2023/02/27 1.9 (Carsten Heinz)

(/usr/share/texlive/texmf-dist/tex/latex/upquote/upquote.sty
Package: upquote 2012/04/19 v1.3 upright-quote and grave-accent glyphs in verba
tim
)
(/usr/share/texlive/texmf-dist/tex/latex/hyperref/hyperref.sty
Package: hyperref 2024-01-20 v7.01h Hypertext links for LaTeX

(/usr/share/texlive/texmf-dist/tex/generic/kvdefinekeys/kvdefinekeys.sty
Package: kvdefinekeys 2019-12-19 v1.6 Define keys (HO)
)
(/usr/share/texlive/texmf-dist/tex/generic/pdfescape/pdfescape.sty
Package: pdfescape 2019/12/09 v1.15 Implements pdfTeX's escape features (HO)

(/usr/share/texlive/texmf-dist/tex/generic/pdftexcmds/pdftexcmds.sty
Package: pdftexcmds 2020-06-27 v0.33 Utility functions of pdfTeX for LuaTeX (HO
)

(/usr/share/texlive/texmf-dist/tex/generic/infwarerr/infwarerr.sty
Package: infwarerr 2019/12/03 v1.5 Providing info/warning/error messages (HO)
)
Package pdftexcmds Info: \pdf@primitive is available.
Package pdftexcmds Info: \pdf@ifprimitive is available.
Package pdftexcmds Info: \pdfdraftmode found.
))
(/usr/share/texlive/texmf-dist/tex/latex/hycolor/hycolor.sty
Package: hycolor 2020-01-27 v1.10 Color options for hyperref/bookmark (HO)
)
(/usr/share/texlive/texmf-dist/tex/latex/auxhook/auxhook.sty
Package: auxhook 2019-12-17 v1.6 Hooks for auxiliary files (HO)
)
(/usr/share/texlive/texmf-dist/tex/latex/hyperref/nameref.sty
Package: nameref 2023-11-26 v2.56 Cross-referencing by name of section

(/usr/share/texlive/texmf-dist/tex/latex/refcount/refcount.sty
Package: refcount 2019/12/15 v3.6 Data extraction from label references (HO)
)
(/usr/share/texlive/texmf-dist/tex/generic/gettitlestring/gettitlestring.sty
Package: gettitlestring 2019/12/15 v1.6 Cleanup title references (HO)
)
\c@section@level=\count303
)
\@linkdim=\dimen197
\Hy@linkcounter=\count304
\Hy@pagecounter=\count305

(/usr/share/texlive/texmf-dist/tex/latex/hyperref/pd1enc.def
File: pd1enc.def 2024-01-20 v7.01h Hyperref: PDFDocEncoding definition (HO)
Now handling font encoding PD1 ...
... no UTF-8 mapping file for font encoding PD1
)
(/usr/share/texlive/texmf-dist/tex/generic/intcalc/intcalc.sty
Package: intcalc 2019/12/15 v1.3 Expandable calculations with integers (HO)
)
\Hy@SavedSpaceFactor=\count306

(/usr/share/texlive/texmf-dist/tex/latex/hyperref/puenc.def
File: puenc.def 2024-01-20 v7.01h Hyperref: PDF Unicode definition (HO)
Now handling font encoding PU ...
... no UTF-8 mapping file for font encoding PU
)
Package hyperref Info: Hyper figures OFF on input line 4179.
Package hyperref Info: Link nesting OFF on input line 4184.
Package hyperref Info: Hyper index ON on input line 4187.
Package hyperref Info: Plain pages OFF on input line 4194.
Package hyperref Info: Backreferencing OFF on input line 4199.
Package hyperref Info: Implicit mode ON; LaTeX internals redefined.
Package hyperref Info: Bookmarks ON on input line 4446.
\c@Hy@tempcnt=\count307

(/usr/share/texlive/texmf-dist/tex/latex/url/url.sty
\Urlmuskip=\muskip20
Package: url 2013/09/16  ver 3.4  Verb mode for urls, etc.
)
LaTeX Info: Redefining \url on input line 4784.
\XeTeXLinkMargin=\dimen198

(/usr/share/texlive/texmf-dist/tex/generic/bitset/bitset.sty
Package: bitset 2019/12/09 v1.3 Handle bit-vector datatype (HO)

(/usr/share/texlive/texmf-dist/tex/generic/bigintcalc/bigintcalc.sty
Package: bigintcalc 2019/12/15 v1.5 Expandable calculations on big integers (HO
)
))
\Fld@menulength=\count308
\Field@Width=\dimen199
\Fld@charsize=\dimen256
Package hyperref Info: Hyper figures OFF on input line 6063.
Package hyperref Info: Link nesting OFF on input line 6068.
Package hyperref Info: Hyper index ON on input line 6071.
Package hyperref Info: backreferencing OFF on input line 6078.
Package hyperref Info: Link coloring OFF on input line 6083.
Package hyperref Info: Link coloring with OCG OFF on input line 6088.
Package hyperref Info: PDF/A mode OFF on input line 6093.

(/usr/share/texlive/texmf-dist/tex/latex/base/atbegshi-ltx.sty
Package: atbegshi-ltx 2021/01/10 v1.0c Emulation of the original atbegshi
package with kernel methods
)
\Hy@abspage=\count309
\c@Item=\count310
\c@Hfootnote=\count311
)
Package hyperref Info: Driver (autodetected): hpdftex.

(/usr/share/texlive/texmf-dist/tex/latex/hyperref/hpdftex.def
File: hpdftex.def 2024-01-20 v7.01h Hyperref driver for pdfTeX

(/usr/share/texlive/texmf-dist/tex/latex/base/atveryend-ltx.sty
Package: atveryend-ltx 2020/08/19 v1.0a Emulation of the original atveryend pac
kage
with kernel methods
)
\Fld@listcount=\count312
\c@bookmark@seq@number=\count313

(/usr/share/texlive/texmf-dist/tex/latex/rerunfilecheck/rerunfilecheck.sty
Package: rerunfilecheck 2022-07-10 v1.10 Rerun checks for auxiliary files (HO)

(/usr/share/texlive/texmf-dist/tex/generic/uniquecounter/uniquecounter.sty
Package: uniquecounter 2019/12/15 v1.4 Provide unlimited unique counter (HO)
)
Package uniquecounter Info: New unique counter `rerunfilecheck' on input line 2
85.
)
\Hy@SectionHShift=\skip70
)
(/usr/share/texlive/texmf-dist/tex/latex/biblatex/biblatex.sty
Package: biblatex 2023/03/05 v3.19 programmable bibliographies (PK/MW)

(/usr/share/texlive/texmf-dist/tex/latex/logreq/logreq.sty
Package: logreq 2010/08/04 v1.0 xml request logger
\lrq@indent=\count314

(/usr/share/texlive/texmf-dist/tex/latex/logreq/logreq.def
File: logreq.def 2010/08/04 v1.0 logreq spec v1.0
))
(/usr/share/texlive/texmf-dist/tex/latex/base/ifthen.sty
Package: ifthen 2022/04/13 v1.1d Standard LaTeX ifthen package (DPC)
)
\c@tabx@nest=\count315
\c@listtotal=\count316
\c@listcount=\count317
\c@liststart=\count318
\c@liststop=\count319
\c@citecount=\count320
\c@citetotal=\count321
\c@multicitecount=\count322
\c@multicitetotal=\count323
\c@instcount=\count324
\c@maxnames=\count325
\c@minnames=\count326
\c@maxitems=\count327
\c@minitems=\count328
\c@citecounter=\count329
\c@maxcitecounter=\count330
\c@savedcitecounter=\count331
\c@uniquelist=\count332
\c@uniquename=\count333
\c@refsection=\count334
\c@refsegment=\count335
\c@maxextratitle=\count336
\c@maxextratitleyear=\count337
\c@maxextraname=\count338
\c@maxextradate=\count339
\c@maxextraalpha=\count340
\c@abbrvpenalty=\count341
\c@highnamepenalty=\count342
\c@lownamepenalty=\count343
\c@maxparens=\count344
\c@parenlevel=\count345
\blx@tempcnta=\count346
\blx@tempcntb=\count347
\blx@tempcntc=\count348
\c@blx@maxsection=\count349
\blx@maxsegment@0=\count350
\blx@notetype=\count351
\blx@parenlevel@text=\count352
\blx@parenlevel@foot=\count353
\blx@sectionciteorder@0=\count354
\blx@sectionciteorderinternal@0=\count355
\blx@entrysetcounter=\count356
\blx@biblioinstance=\count357
\labelnumberwidth=\skip71
\labelalphawidth=\skip72
\biblabelsep=\skip73
\bibitemsep=\skip74
\bibnamesep=\skip75
\bibinitsep=\skip76
\bibparsep=\skip77
\bibhang=\skip78
\blx@bcfin=\read2
\blx@bcfout=\write3
\blx@langwohyphens=\language5
\c@mincomprange=\count358
\c@maxcomprange=\count359
\c@mincompwidth=\count360
Package biblatex Info: Trying to load biblatex default data model...
Package biblatex Info: ... file 'blx-dm.def' found.

(/usr/share/texlive/texmf-dist/tex/latex/biblatex/blx-dm.def
File: blx-dm.def 2023/03/05 v3.19 biblatex localization (PK/MW)
)
Package biblatex Info: Trying to load biblatex style data model...
Package biblatex Info: ... file 'ieee.dbx' not found.
Package biblatex Info: Trying to load biblatex custom data model...
Package biblatex Info: ... file 'biblatex-dm.cfg' not found.
\c@afterword=\count361
\c@savedafterword=\count362
\c@annotator=\count363
\c@savedannotator=\count364
\c@author=\count365
\c@savedauthor=\count366
\c@bookauthor=\count367
\c@savedbookauthor=\count368
\c@commentator=\count369
\c@savedcommentator=\count370
\c@editor=\count371
\c@savededitor=\count372
\c@editora=\count373
\c@savededitora=\count374
\c@editorb=\count375
\c@savededitorb=\count376
\c@editorc=\count377
\c@savededitorc=\count378
\c@foreword=\count379
\c@savedforeword=\count380
\c@holder=\count381
\c@savedholder=\count382
\c@introduction=\count383
\c@savedintroduction=\count384
\c@namea=\count385
\c@savednamea=\count386
\c@nameb=\count387
\c@savednameb=\count388
\c@namec=\count389
\c@savednamec=\count390
\c@translator=\count391
\c@savedtranslator=\count392
\c@shortauthor=\count393
\c@savedshortauthor=\count394
\c@shorteditor=\count395
\c@savedshorteditor=\count396
\c@labelname=\count397
\c@savedlabelname=\count398
\c@institution=\count399
\c@savedinstitution=\count400
\c@lista=\count401
\c@savedlista=\count402
\c@listb=\count403
\c@savedlistb=\count404
\c@listc=\count405
\c@savedlistc=\count406
\c@listd=\count407
\c@savedlistd=\count408
\c@liste=\count409
\c@savedliste=\count410
\c@listf=\count411
\c@savedlistf=\count412
\c@location=\count413
\c@savedlocation=\count414
\c@organization=\count415
\c@savedorganization=\count416
\c@origlocation=\count417
\c@savedoriglocation=\count418
\c@origpublisher=\count419
\c@savedorigpublisher=\count420
\c@publisher=\count421
\c@savedpublisher=\count422
\c@language=\count423
\c@savedlanguage=\count424
\c@origlanguage=\count425
\c@savedoriglanguage=\count426
\c@pageref=\count427
\c@savedpageref=\count428
\shorthandwidth=\skip79
\shortjournalwidth=\skip80
\shortserieswidth=\skip81
\shorttitlewidth=\skip82
\shortauthorwidth=\skip83
\shorteditorwidth=\skip84
\locallabelnumberwidth=\skip85
\locallabelalphawidth=\skip86
\localshorthandwidth=\skip87
\localshortjournalwidth=\skip88
\localshortserieswidth=\skip89
\localshorttitlewidth=\skip90
\localshortauthorwidth=\skip91
\localshorteditorwidth=\skip92
Package biblatex Info: Trying to load compatibility code...
Package biblatex Info: ... file 'blx-compat.def' found.

(/usr/share/texlive/texmf-dist/tex/latex/biblatex/blx-compat.def
File: blx-compat.def 2023/03/05 v3.19 biblatex compatibility (PK/MW)
)
Package biblatex Info: Trying to load generic definitions...
Package biblatex Info: ... file 'biblatex.def' found.

(/usr/share/texlive/texmf-dist/tex/latex/biblatex/biblatex.def
File: biblatex.def 2023/03/05 v3.19 biblatex compatibility (PK/MW)
\c@textcitecount=\count429
\c@textcitetotal=\count430
\c@textcitemaxnames=\count431
\c@biburlbigbreakpenalty=\count432
\c@biburlbreakpenalty=\count433
\c@biburlnumpenalty=\count434
\c@biburlucpenalty=\count435
\c@biburllcpenalty=\count436
\biburlbigskip=\muskip21
\biburlnumskip=\muskip22
\biburlucskip=\muskip23
\biburllcskip=\muskip24
\c@smartand=\count437
)
Package biblatex Info: Trying to load bibliography style 'ieee'...
Package biblatex Info: ... file 'ieee.bbx' found.

(/usr/share/texlive/texmf-dist/tex/latex/biblatex-ieee/ieee.bbx
File: ieee.bbx 2021/12/06 v1.3f biblatex bibliography style
Package biblatex Info: Trying to load bibliography style 'numeric-comp'...
Package biblatex Info: ... file 'numeric-comp.bbx' found.

(/usr/share/texlive/texmf-dist/tex/latex/biblatex/bbx/numeric-comp.bbx
File: numeric-comp.bbx 2023/03/05 v3.19 biblatex bibliography style (PK/MW)
Package biblatex Info: Trying to load bibliography style 'numeric'...
Package biblatex Info: ... file 'numeric.bbx' found.

(/usr/share/texlive/texmf-dist/tex/latex/biblatex/bbx/numeric.bbx
File: numeric.bbx 2023/03/05 v3.19 biblatex bibliography style (PK/MW)
Package biblatex Info: Trying to load bibliography style 'standard'...
Package biblatex Info: ... file 'standard.bbx' found.

(/usr/share/texlive/texmf-dist/tex/latex/biblatex/bbx/standard.bbx
File: standard.bbx 2023/03/05 v3.19 biblatex bibliography style (PK/MW)
\c@bbx:relatedcount=\count438
\c@bbx:relatedtotal=\count439
))))
Package biblatex Info: Trying to load citation style 'ieee'...
Package biblatex Info: ... file 'ieee.cbx' found.

(/usr/share/texlive/texmf-dist/tex/latex/biblatex-ieee/ieee.cbx
File: ieee.cbx 2021/12/06 v1.3f biblatex citation style
Package biblatex Info: Trying to load citation style 'numeric-comp'...
Package biblatex Info: ... file 'numeric-comp.cbx' found.

(/usr/share/texlive/texmf-dist/tex/latex/biblatex/cbx/numeric-comp.cbx
File: numeric-comp.cbx 2023/03/05 v3.19 biblatex citation style (PK/MW)
\c@cbx@tempcnta=\count440
\c@cbx@tempcntb=\count441
\c@cbx@tempcntc=\count442
\c@cbx@tempcntd=\count443
Package biblatex Info: Redefining '\cite'.
Package biblatex Info: Redefining '\parencite'.
Package biblatex Info: Redefining '\footcite'.
Package biblatex Info: Redefining '\footcitetext'.
Package biblatex Info: Redefining '\smartcite'.
Package biblatex Info: Redefining '\supercite'.
Package biblatex Info: Redefining '\textcite'.
Package biblatex Info: Redefining '\textcites'.
Package biblatex Info: Redefining '\cites'.
Package biblatex Info: Redefining '\parencites'.
Package biblatex Info: Redefining '\smartcites'.
)
Package biblatex Info: Redefining '\cite'.
Package biblatex Info: Redefining '\supercite'.
Package biblatex Info: Redefining '\cites'.
)
Package biblatex Info: Trying to load configuration file...
Package biblatex Info: ... file 'biblatex.cfg' found.

(/usr/share/texlive/texmf-dist/tex/latex/biblatex/biblatex.cfg
File: biblatex.cfg 
)
Package biblatex Info: Input encoding 'utf8' detected.
Package biblatex Info: Document encoding is UTF8 ....
Package biblatex Info: ... and expl3
(biblatex)             2024-01-22 L3 programming layer (loader) 
(biblatex)             is new enough (at least 2020/04/06),
(biblatex)             setting 'casechanger=expl3'.

(/usr/share/texlive/texmf-dist/tex/latex/biblatex/blx-case-expl3.sty
Package: blx-case-expl3 2023/03/05 v3.19 expl3 case changing code for biblatex
))
(./personnelhandler.sty
Package: personnelhandler 2023/06/21 v0.5 LaTeX package for multiple author (st
udent) management for IUT BSc Thesis Template

(/usr/share/texlive/texmf-dist/tex/latex/pgf/utilities/pgffor.sty
(/usr/share/texlive/texmf-dist/tex/latex/pgf/utilities/pgfrcs.sty
(/usr/share/texlive/texmf-dist/tex/generic/pgf/utilities/pgfutil-common.tex
\pgfutil@everybye=\toks29
\pgfutil@tempdima=\dimen257
\pgfutil@tempdimb=\dimen258
)
(/usr/share/texlive/texmf-dist/tex/generic/pgf/utilities/pgfutil-latex.def
\pgfutil@abb=\box63
)
(/usr/share/texlive/texmf-dist/tex/generic/pgf/utilities/pgfrcs.code.tex
(/usr/share/texlive/texmf-dist/tex/generic/pgf/pgf.revision.tex)
Package: pgfrcs 2023-01-15 v3.1.10 (3.1.10)
))
(/usr/share/texlive/texmf-dist/tex/latex/pgf/utilities/pgfkeys.sty
(/usr/share/texlive/texmf-dist/tex/generic/pgf/utilities/pgfkeys.code.tex
\pgfkeys@pathtoks=\toks30
\pgfkeys@temptoks=\toks31

(/usr/share/texlive/texmf-dist/tex/generic/pgf/utilities/pgfkeyslibraryfiltered
.code.tex
\pgfkeys@tmptoks=\toks32
))) (/usr/share/texlive/texmf-dist/tex/latex/pgf/math/pgfmath.sty
(/usr/share/texlive/texmf-dist/tex/generic/pgf/math/pgfmath.code.tex
(/usr/share/texlive/texmf-dist/tex/generic/pgf/math/pgfmathutil.code.tex
\pgf@x=\dimen259
\pgf@xa=\dimen260
\pgf@xb=\dimen261
\pgf@xc=\dimen262
\pgf@y=\dimen263
\pgf@ya=\dimen264
\pgf@yb=\dimen265
\pgf@yc=\dimen266
\c@pgf@counta=\count444
\c@pgf@countb=\count445
\c@pgf@countc=\count446
\c@pgf@countd=\count447
)
(/usr/share/texlive/texmf-dist/tex/generic/pgf/math/pgfmathparser.code.tex
\pgfmath@dimen=\dimen267
\pgfmath@count=\count448
\pgfmath@box=\box64
\pgfmath@toks=\toks33
\pgfmath@stack@operand=\toks34
\pgfmath@stack@operation=\toks35
)
(/usr/share/texlive/texmf-dist/tex/generic/pgf/math/pgfmathfunctions.code.tex)
(/usr/share/texlive/texmf-dist/tex/generic/pgf/math/pgfmathfunctions.basic.code
.tex)
(/usr/share/texlive/texmf-dist/tex/generic/pgf/math/pgfmathfunctions.trigonomet
ric.code.tex)
(/usr/share/texlive/texmf-dist/tex/generic/pgf/math/pgfmathfunctions.random.cod
e.tex)
(/usr/share/texlive/texmf-dist/tex/generic/pgf/math/pgfmathfunctions.comparison
.code.tex)
(/usr/share/texlive/texmf-dist/tex/generic/pgf/math/pgfmathfunctions.base.code.
tex)
(/usr/share/texlive/texmf-dist/tex/generic/pgf/math/pgfmathfunctions.round.code
.tex)
(/usr/share/texlive/texmf-dist/tex/generic/pgf/math/pgfmathfunctions.misc.code.
tex)
(/usr/share/texlive/texmf-dist/tex/generic/pgf/math/pgfmathfunctions.integerari
thmetics.code.tex)
(/usr/share/texlive/texmf-dist/tex/generic/pgf/math/pgfmathcalc.code.tex)
(/usr/share/texlive/texmf-dist/tex/generic/pgf/math/pgfmathfloat.code.tex
\c@pgfmathroundto@lastzeros=\count449
)))
(/usr/share/texlive/texmf-dist/tex/generic/pgf/utilities/pgffor.code.tex
Package: pgffor 2023-01-15 v3.1.10 (3.1.10)
\pgffor@iter=\dimen268
\pgffor@skip=\dimen269
\pgffor@stack=\toks36
\pgffor@toks=\toks37
))
(/usr/share/texlive/texmf-dist/tex/generic/xstring/xstring.sty
(/usr/share/texlive/texmf-dist/tex/generic/xstring/xstring.tex
\xs_counta=\count450
\xs_countb=\count451
)
Package: xstring 2023/08/22 v1.86 String manipulations (CT)
)
\c@authorcounter=\count452
\c@cosupervisorcounter=\count453
)
\c@savepage=\count454

(./frontmatter.sty
Package: frontmatter 2023/06/21 v0.1 LaTeX package to work with iutbscthesis cl
ass and provide commands for generating front matter texts
\authcolwidth=\skip93
))
(/usr/share/texlive/texmf-dist/tex/latex/appendix/appendix.sty
Package: appendix 2020/02/08 v1.2c extra appendix facilities
\c@@pps=\count455
\c@@ppsavesec=\count456
\c@@ppsaveapp=\count457
)
(/usr/share/texlive/texmf-dist/tex/latex/multirow/multirow.sty
Package: multirow 2021/03/15 v2.8 Span multiple rows of a table
\multirow@colwidth=\skip94
\multirow@cntb=\count458
\multirow@dima=\skip95
\bigstrutjot=\dimen270
)
(/usr/share/texlive/texmf-dist/tex/latex/tools/longtable.sty
Package: longtable 2023-11-01 v4.19 Multi-page Table package (DPC)
\LTleft=\skip96
\LTright=\skip97
\LTpre=\skip98
\LTpost=\skip99
\LTchunksize=\count459
\LTcapwidth=\dimen271
\LT@head=\box65
\LT@firsthead=\box66
\LT@foot=\box67
\LT@lastfoot=\box68
\LT@gbox=\box69
\LT@cols=\count460
\LT@rows=\count461
\c@LT@tables=\count462
\c@LT@chunks=\count463
\LT@p@ftn=\toks38
)
(/usr/share/texlive/texmf-dist/tex/latex/pgf/frontendlayer/tikz.sty
(/usr/share/texlive/texmf-dist/tex/latex/pgf/basiclayer/pgf.sty
Package: pgf 2023-01-15 v3.1.10 (3.1.10)

(/usr/share/texlive/texmf-dist/tex/latex/pgf/basiclayer/pgfcore.sty
(/usr/share/texlive/texmf-dist/tex/latex/pgf/systemlayer/pgfsys.sty
(/usr/share/texlive/texmf-dist/tex/generic/pgf/systemlayer/pgfsys.code.tex
Package: pgfsys 2023-01-15 v3.1.10 (3.1.10)
\pgf@x=\dimen272
\pgf@y=\dimen273
\pgf@xa=\dimen274
\pgf@ya=\dimen275
\pgf@xb=\dimen276
\pgf@yb=\dimen277
\pgf@xc=\dimen278
\pgf@yc=\dimen279
\pgf@xd=\dimen280
\pgf@yd=\dimen281
\w@pgf@writea=\write4
\r@pgf@reada=\read3
\c@pgf@counta=\count464
\c@pgf@countb=\count465
\c@pgf@countc=\count466
\c@pgf@countd=\count467
\t@pgf@toka=\toks39
\t@pgf@tokb=\toks40
\t@pgf@tokc=\toks41
\pgf@sys@id@count=\count468

(/usr/share/texlive/texmf-dist/tex/generic/pgf/systemlayer/pgf.cfg
File: pgf.cfg 2023-01-15 v3.1.10 (3.1.10)
)
Driver file for pgf: pgfsys-pdftex.def

(/usr/share/texlive/texmf-dist/tex/generic/pgf/systemlayer/pgfsys-pdftex.def
File: pgfsys-pdftex.def 2023-01-15 v3.1.10 (3.1.10)

(/usr/share/texlive/texmf-dist/tex/generic/pgf/systemlayer/pgfsys-common-pdf.de
f
File: pgfsys-common-pdf.def 2023-01-15 v3.1.10 (3.1.10)
)))
(/usr/share/texlive/texmf-dist/tex/generic/pgf/systemlayer/pgfsyssoftpath.code.
tex
File: pgfsyssoftpath.code.tex 2023-01-15 v3.1.10 (3.1.10)
\pgfsyssoftpath@smallbuffer@items=\count469
\pgfsyssoftpath@bigbuffer@items=\count470
)
(/usr/share/texlive/texmf-dist/tex/generic/pgf/systemlayer/pgfsysprotocol.code.
tex
File: pgfsysprotocol.code.tex 2023-01-15 v3.1.10 (3.1.10)
)) (/usr/share/texlive/texmf-dist/tex/latex/xcolor/xcolor.sty
Package: xcolor 2023/11/15 v3.01 LaTeX color extensions (UK)

(/usr/share/texlive/texmf-dist/tex/latex/graphics-cfg/color.cfg
File: color.cfg 2016/01/02 v1.6 sample color configuration
)
Package xcolor Info: Driver file: pdftex.def on input line 274.

(/usr/share/texlive/texmf-dist/tex/latex/graphics/mathcolor.ltx)
Package xcolor Info: Model `cmy' substituted by `cmy0' on input line 1350.
Package xcolor Info: Model `hsb' substituted by `rgb' on input line 1354.
Package xcolor Info: Model `RGB' extended on input line 1366.
Package xcolor Info: Model `HTML' substituted by `rgb' on input line 1368.
Package xcolor Info: Model `Hsb' substituted by `hsb' on input line 1369.
Package xcolor Info: Model `tHsb' substituted by `hsb' on input line 1370.
Package xcolor Info: Model `HSB' substituted by `hsb' on input line 1371.
Package xcolor Info: Model `Gray' substituted by `gray' on input line 1372.
Package xcolor Info: Model `wave' substituted by `hsb' on input line 1373.
)
(/usr/share/texlive/texmf-dist/tex/generic/pgf/basiclayer/pgfcore.code.tex
Package: pgfcore 2023-01-15 v3.1.10 (3.1.10)

(/usr/share/texlive/texmf-dist/tex/generic/pgf/math/pgfint.code.tex)
(/usr/share/texlive/texmf-dist/tex/generic/pgf/basiclayer/pgfcorepoints.code.te
x
File: pgfcorepoints.code.tex 2023-01-15 v3.1.10 (3.1.10)
\pgf@picminx=\dimen282
\pgf@picmaxx=\dimen283
\pgf@picminy=\dimen284
\pgf@picmaxy=\dimen285
\pgf@pathminx=\dimen286
\pgf@pathmaxx=\dimen287
\pgf@pathminy=\dimen288
\pgf@pathmaxy=\dimen289
\pgf@xx=\dimen290
\pgf@xy=\dimen291
\pgf@yx=\dimen292
\pgf@yy=\dimen293
\pgf@zx=\dimen294
\pgf@zy=\dimen295
)
(/usr/share/texlive/texmf-dist/tex/generic/pgf/basiclayer/pgfcorepathconstruct.
code.tex
File: pgfcorepathconstruct.code.tex 2023-01-15 v3.1.10 (3.1.10)
\pgf@path@lastx=\dimen296
\pgf@path@lasty=\dimen297
)
(/usr/share/texlive/texmf-dist/tex/generic/pgf/basiclayer/pgfcorepathusage.code
.tex
File: pgfcorepathusage.code.tex 2023-01-15 v3.1.10 (3.1.10)
\pgf@shorten@end@additional=\dimen298
\pgf@shorten@start@additional=\dimen299
)
(/usr/share/texlive/texmf-dist/tex/generic/pgf/basiclayer/pgfcorescopes.code.te
x
File: pgfcorescopes.code.tex 2023-01-15 v3.1.10 (3.1.10)
\pgfpic=\box70
\pgf@hbox=\box71
\pgf@layerbox@main=\box72
\pgf@picture@serial@count=\count471
)
(/usr/share/texlive/texmf-dist/tex/generic/pgf/basiclayer/pgfcoregraphicstate.c
ode.tex
File: pgfcoregraphicstate.code.tex 2023-01-15 v3.1.10 (3.1.10)
\pgflinewidth=\dimen300
)
(/usr/share/texlive/texmf-dist/tex/generic/pgf/basiclayer/pgfcoretransformation
s.code.tex
File: pgfcoretransformations.code.tex 2023-01-15 v3.1.10 (3.1.10)
\pgf@pt@x=\dimen301
\pgf@pt@y=\dimen302
\pgf@pt@temp=\dimen303
)
(/usr/share/texlive/texmf-dist/tex/generic/pgf/basiclayer/pgfcorequick.code.tex
File: pgfcorequick.code.tex 2023-01-15 v3.1.10 (3.1.10)
)
(/usr/share/texlive/texmf-dist/tex/generic/pgf/basiclayer/pgfcoreobjects.code.t
ex
File: pgfcoreobjects.code.tex 2023-01-15 v3.1.10 (3.1.10)
)
(/usr/share/texlive/texmf-dist/tex/generic/pgf/basiclayer/pgfcorepathprocessing
.code.tex
File: pgfcorepathprocessing.code.tex 2023-01-15 v3.1.10 (3.1.10)
)
(/usr/share/texlive/texmf-dist/tex/generic/pgf/basiclayer/pgfcorearrows.code.te
x
File: pgfcorearrows.code.tex 2023-01-15 v3.1.10 (3.1.10)
\pgfarrowsep=\dimen304
)
(/usr/share/texlive/texmf-dist/tex/generic/pgf/basiclayer/pgfcoreshade.code.tex
File: pgfcoreshade.code.tex 2023-01-15 v3.1.10 (3.1.10)
\pgf@max=\dimen305
\pgf@sys@shading@range@num=\count472
\pgf@shadingcount=\count473
)
(/usr/share/texlive/texmf-dist/tex/generic/pgf/basiclayer/pgfcoreimage.code.tex
File: pgfcoreimage.code.tex 2023-01-15 v3.1.10 (3.1.10)
)
(/usr/share/texlive/texmf-dist/tex/generic/pgf/basiclayer/pgfcoreexternal.code.
tex
File: pgfcoreexternal.code.tex 2023-01-15 v3.1.10 (3.1.10)
\pgfexternal@startupbox=\box73
)
(/usr/share/texlive/texmf-dist/tex/generic/pgf/basiclayer/pgfcorelayers.code.te
x
File: pgfcorelayers.code.tex 2023-01-15 v3.1.10 (3.1.10)
)
(/usr/share/texlive/texmf-dist/tex/generic/pgf/basiclayer/pgfcoretransparency.c
ode.tex
File: pgfcoretransparency.code.tex 2023-01-15 v3.1.10 (3.1.10)
)
(/usr/share/texlive/texmf-dist/tex/generic/pgf/basiclayer/pgfcorepatterns.code.
tex
File: pgfcorepatterns.code.tex 2023-01-15 v3.1.10 (3.1.10)
)
(/usr/share/texlive/texmf-dist/tex/generic/pgf/basiclayer/pgfcorerdf.code.tex
File: pgfcorerdf.code.tex 2023-01-15 v3.1.10 (3.1.10)
)))
(/usr/share/texlive/texmf-dist/tex/generic/pgf/modules/pgfmoduleshapes.code.tex
File: pgfmoduleshapes.code.tex 2023-01-15 v3.1.10 (3.1.10)
\pgfnodeparttextbox=\box74
) (/usr/share/texlive/texmf-dist/tex/generic/pgf/modules/pgfmoduleplot.code.tex
File: pgfmoduleplot.code.tex 2023-01-15 v3.1.10 (3.1.10)
)
(/usr/share/texlive/texmf-dist/tex/latex/pgf/compatibility/pgfcomp-version-0-65
.sty
Package: pgfcomp-version-0-65 2023-01-15 v3.1.10 (3.1.10)
\pgf@nodesepstart=\dimen306
\pgf@nodesepend=\dimen307
)
(/usr/share/texlive/texmf-dist/tex/latex/pgf/compatibility/pgfcomp-version-1-18
.sty
Package: pgfcomp-version-1-18 2023-01-15 v3.1.10 (3.1.10)
))
(/usr/share/texlive/texmf-dist/tex/generic/pgf/frontendlayer/tikz/tikz.code.tex
Package: tikz 2023-01-15 v3.1.10 (3.1.10)

(/usr/share/texlive/texmf-dist/tex/generic/pgf/libraries/pgflibraryplothandlers
.code.tex
File: pgflibraryplothandlers.code.tex 2023-01-15 v3.1.10 (3.1.10)
\pgf@plot@mark@count=\count474
\pgfplotmarksize=\dimen308
)
\tikz@lastx=\dimen309
\tikz@lasty=\dimen310
\tikz@lastxsaved=\dimen311
\tikz@lastysaved=\dimen312
\tikz@lastmovetox=\dimen313
\tikz@lastmovetoy=\dimen314
\tikzleveldistance=\dimen315
\tikzsiblingdistance=\dimen316
\tikz@figbox=\box75
\tikz@figbox@bg=\box76
\tikz@tempbox=\box77
\tikz@tempbox@bg=\box78
\tikztreelevel=\count475
\tikznumberofchildren=\count476
\tikznumberofcurrentchild=\count477
\tikz@fig@count=\count478

(/usr/share/texlive/texmf-dist/tex/generic/pgf/modules/pgfmodulematrix.code.tex
File: pgfmodulematrix.code.tex 2023-01-15 v3.1.10 (3.1.10)
\pgfmatrixcurrentrow=\count479
\pgfmatrixcurrentcolumn=\count480
\pgf@matrix@numberofcolumns=\count481
)
\tikz@expandcount=\count482

(/usr/share/texlive/texmf-dist/tex/generic/pgf/frontendlayer/tikz/libraries/tik
zlibrarytopaths.code.tex
File: tikzlibrarytopaths.code.tex 2023-01-15 v3.1.10 (3.1.10)
)))
(/usr/share/texlive/texmf-dist/tex/generic/pgf/libraries/pgflibraryarrows.meta.
code.tex
File: pgflibraryarrows.meta.code.tex 2023-01-15 v3.1.10 (3.1.10)
\pgfarrowinset=\dimen317
\pgfarrowlength=\dimen318
\pgfarrowwidth=\dimen319
\pgfarrowlinewidth=\dimen320
)
(/usr/share/texlive/texmf-dist/tex/generic/pgf/frontendlayer/tikz/libraries/tik
zlibrarypositioning.code.tex
File: tikzlibrarypositioning.code.tex 2023-01-15 v3.1.10 (3.1.10)
)
(/usr/share/texlive/texmf-dist/tex/generic/pgf/frontendlayer/tikz/libraries/tik
zlibraryfit.code.tex
File: tikzlibraryfit.code.tex 2023-01-15 v3.1.10 (3.1.10)
)
(/usr/share/texlive/texmf-dist/tex/generic/pgf/frontendlayer/tikz/libraries/tik
zlibrarybackgrounds.code.tex
File: tikzlibrarybackgrounds.code.tex 2023-01-15 v3.1.10 (3.1.10)
\pgf@layerbox@background=\box79
\pgf@layerboxsaved@background=\box80
)

! LaTeX Error: Missing \begin{document}.

See the LaTeX manual or LaTeX Companion for explanation.
Type  H <return>  for immediate help.
 ...                                              
                                                  
l.39 h
      fuzz=0.1pt
You're in trouble here.  Try typing  <return>  to proceed.
If that doesn't work, type  X <return>  to quit.

\@quotelevel=\count483
\@quotereset=\count484
LaTeX Font Info:    Trying to load font information for T1+stix2 on input line 
43.
(/usr/share/texlive/texmf-dist/tex/latex/stix2-type1/t1stix2.fd
File: t1stix2.fd 2018/04/02 v2.0.0-latex stix2 T1 font definitions
)
No file main_diag.aux.
\openout1 = `main_diag.aux'.

LaTeX Font Info:    Checking defaults for OML/cmm/m/it on input line 43.
LaTeX Font Info:    ... okay on input line 43.
LaTeX Font Info:    Checking defaults for OMS/cmsy/m/n on input line 43.
LaTeX Font Info:    ... okay on input line 43.
LaTeX Font Info:    Checking defaults for OT1/cmr/m/n on input line 43.
LaTeX Font Info:    ... okay on input line 43.
LaTeX Font Info:    Checking defaults for T1/cmr/m/n on input line 43.
LaTeX Font Info:    ... okay on input line 43.
LaTeX Font Info:    Checking defaults for TS1/cmr/m/n on input line 43.
LaTeX Font Info:    ... okay on input line 43.
LaTeX Font Info:    Checking defaults for OMX/cmex/m/n on input line 43.
LaTeX Font Info:    ... okay on input line 43.
LaTeX Font Info:    Checking defaults for U/cmr/m/n on input line 43.
LaTeX Font Info:    ... okay on input line 43.
LaTeX Font Info:    Checking defaults for LS1/stix2/m/n on input line 43.
LaTeX Font Info:    Trying to load font information for LS1+stix2 on input line
 43.
(/usr/share/texlive/texmf-dist/tex/latex/stix2-type1/ls1stix2.fd
File: ls1stix2.fd 2018/04/02 v2.0.0-latex stix2 LS1 font definitions
)
LaTeX Font Info:    ... okay on input line 43.
LaTeX Font Info:    Checking defaults for LS2/stix2/m/n on input line 43.
LaTeX Font Info:    Trying to load font information for LS2+stix2 on input line
 43.

(/usr/share/texlive/texmf-dist/tex/latex/stix2-type1/ls2stix2.fd
File: ls2stix2.fd 2018/04/02 v2.0.0-latex stix2 LS2 font definitions
)
LaTeX Font Info:    ... okay on input line 43.
LaTeX Font Info:    Checking defaults for PD1/pdf/m/n on input line 43.
LaTeX Font Info:    ... okay on input line 43.
LaTeX Font Info:    Checking defaults for PU/pdf/m/n on input line 43.
LaTeX Font Info:    ... okay on input line 43.

*geometry* driver: auto-detecting
*geometry* detected driver: pdftex
*geometry* verbose mode - [ preamble ] result:
* driver: pdftex
* paper: <default>
* layout: <same size as paper>
* layoutoffset:(h,v)=(0.0pt,0.0pt)
* modes: 
* h-part:(L,W,R)=(99.58464pt, 426.79135pt, 71.13188pt)
* v-part:(T,H,B)=(85.35826pt, 674.33032pt, 85.35826pt)
* \paperwidth=597.50787pt
* \paperheight=845.04684pt
* \textwidth=426.79135pt
* \textheight=674.33032pt
* \oddsidemargin=27.31465pt
* \evensidemargin=27.31465pt
* \topmargin=-23.91173pt
* \headheight=12.0pt
* \headsep=25.0pt
* \topskip=12.0pt
* \footskip=30.0pt
* \marginparwidth=35.0pt
* \marginparsep=10.0pt
* \columnsep=10.0pt
* \skip\footins=10.8pt plus 4.0pt minus 2.0pt
* \hoffset=0.0pt
* \voffset=0.0pt
* \mag=1000
* \@twocolumnfalse
* \@twosidefalse
* \@mparswitchfalse
* \@reversemarginfalse
* (1in=72.27pt=25.4mm, 1cm=28.453pt)

Package caption Info: Begin \AtBeginDocument code.
Package caption Info: hyperref package is loaded.
Package caption Info: listings package is loaded.
Package caption Info: longtable package is loaded.
(/usr/share/texlive/texmf-dist/tex/latex/caption/ltcaption.sty
Package: ltcaption 2021/01/08 v1.4c longtable captions (AR)
)
Package caption Info: Fixing longtable code of `floatrow' package.
Package caption Info: End \AtBeginDocument code.

(/usr/share/texlive/texmf-dist/tex/latex/floatrow/fr-longtable.sty
Package: fr-longtable 2007/11/28 v0.1b (beta) floatrow: additions for longtable

\flrow@LT@lasthead=\box81
\flrow@LT@prelastfoot=\box82
\c@FBLTpage=\count485
)
(/usr/share/texlive/texmf-dist/tex/context/base/mkii/supp-pdf.mkii
[Loading MPS to PDF converter (version 2006.09.02).]
\scratchcounter=\count486
\scratchdimen=\dimen321
\scratchbox=\box83
\nofMPsegments=\count487
\nofMParguments=\count488
\everyMPshowfont=\toks42
\MPscratchCnt=\count489
\MPscratchDim=\dimen322
\MPnumerator=\count490
\makeMPintoPDFobject=\count491
\everyMPtoPDFconversion=\toks43
) (/usr/share/texlive/texmf-dist/tex/latex/epstopdf-pkg/epstopdf-base.sty
Package: epstopdf-base 2020-01-24 v2.11 Base part for package epstopdf
Package epstopdf-base Info: Redefining graphics rule for `.eps' on input line 4
85.

(/usr/share/texlive/texmf-dist/tex/latex/latexconfig/epstopdf-sys.cfg
File: epstopdf-sys.cfg 2010/07/13 v1.3 Configuration of (r)epstopdf for TeX Liv
e
))
LaTeX Info: Command `\dddot' is already robust on input line 43.
LaTeX Info: Command `\ddddot' is already robust on input line 43.
\c@lstlisting=\count492
Package hyperref Info: Link coloring OFF on input line 43.
\@outlinefile=\write5
\openout5 = `main_diag.out'.

Package biblatex Info: Trying to load language 'english'...
Package biblatex Info: ... file 'english.lbx' found.

(/usr/share/texlive/texmf-dist/tex/latex/biblatex/lbx/english.lbx
File: english.lbx 2023/03/05 v3.19 biblatex localization (PK/MW)
)
Package biblatex Info: Input encoding 'utf8' detected.
Package biblatex Info: Automatic encoding selection.
(biblatex)             Assuming data encoding 'utf8'.
\openout3 = `main_diag.bcf'.

Package biblatex Info: Trying to load bibliographic data...
Package biblatex Info: ... file 'main_diag.bbl' not found.

No file main_diag.bbl.
Package biblatex Info: Reference section=0 on input line 43.
Package biblatex Info: Reference segment=0 on input line 43.
[1

{/var/lib/texmf/fonts/map/pdftex/updmap/pdftex.map}{/usr/share/texlive/texmf-di
st/fonts/enc/dvips/stix2-type1/stix2-t1.enc}] [1

]
LaTeX Font Info:    Trying to load font information for LS1+stix2scr on input l
ine 54.

(/usr/share/texlive/texmf-dist/tex/latex/stix2-type1/ls1stix2scr.fd
File: ls1stix2scr.fd 2018/04/02 v2.0.0-latex stix2 script LS1 font definitions
)
LaTeX Font Info:    Trying to load font information for LS2+stix2ex on input li
ne 54.

(/usr/share/texlive/texmf-dist/tex/latex/stix2-type1/ls2stix2ex.fd
File: ls2stix2ex.fd 2018/04/02 v2.0.0-latex stix2 extentions LS2 font definitio
ns
)
LaTeX Font Info:    Trying to load font information for LS1+stix2frak on input 
line 54.

(/usr/share/texlive/texmf-dist/tex/latex/stix2-type1/ls1stix2frak.fd
File: ls1stix2frak.fd 2018/04/02 v2.0.0-latex stix2 fraktur LS1 font definition
s
)
LaTeX Font Info:    Trying to load font information for LS1+stix2bb on input li
ne 54.

(/usr/share/texlive/texmf-dist/tex/latex/stix2-type1/ls1stix2bb.fd
File: ls1stix2bb.fd 2018/04/02 v2.0.0-latex stix2 blackboard LS1 font definitio
ns
)
LaTeX Font Info:    Trying to load font information for LS2+stix2cal on input l
ine 54.

(/usr/share/texlive/texmf-dist/tex/latex/stix2-type1/ls2stix2cal.fd
File: ls2stix2cal.fd 2018/04/02 v2.0.0-latex stix2 calligraphic LS2 font defini
tions
)
LaTeX Font Info:    Trying to load font information for LS1+stix2sf on input li
ne 54.

(/usr/share/texlive/texmf-dist/tex/latex/stix2-type1/ls1stix2sf.fd
File: ls1stix2sf.fd 2018/04/02 v2.0.0-latex stix2 sans-serif LS1 font definitio
ns
)
LaTeX Font Info:    Trying to load font information for LS2+stix2tt on input li
ne 54.

(/usr/share/texlive/texmf-dist/tex/latex/stix2-type1/ls2stix2tt.fd
File: ls2stix2tt.fd 2018/04/02 v2.0.0-latex stix2 typewriter LS2 font definitio
ns
)
Overfull \hbox (24.0pt too wide) in paragraph at lines 54--54
 [][] 
 []


Loose \hbox (badness 19) in paragraph at lines 54--54
\T1/stix2/m/n/12 This is to cer-tify that the work pre-sented in this the-sis i
s the out-come of the anal-y-
 []


Tight \hbox (badness 80) in paragraph at lines 54--54
\T1/stix2/b/n/12 Ahmed Sad-man Labib \T1/stix2/m/n/12 un-der the su-per-vi-sion
 of \T1/stix2/b/n/12 Shahriar Ivan\T1/stix2/m/n/12 , As-sis-tant Pro-fes-sor,
 []


Tight \hbox (badness 18) in paragraph at lines 54--54
\T1/stix2/m/n/12 De-part-ment of Com-puter Sci-ence and En-gi-neer-ing, Is-lami
c Uni-ver-sity of Tech-nol-ogy,
 []


Loose \hbox (badness 7) in paragraph at lines 54--54
\T1/stix2/m/n/12 Dhaka, Bangladesh. It is also de-clared that nei-ther this the
-sis nor any part of it has
 []


Loose \hbox (badness 2) in paragraph at lines 54--54
\T1/stix2/m/n/12 been sub-mit-ted any-where else for any de-gree or diploma. In
-for-ma-tion de-rived from
 []


Loose \hbox (badness 18) in paragraph at lines 54--54
\T1/stix2/m/n/12 the pub-lished and un-pub-lished work of oth-ers have been ac-
knowl-edged in the text
 []

[2

] [3

]
No file main_diag.toc.
\tf@toc=\write6
\openout6 = `main_diag.toc'.

[4


]
No file main_diag.lof.
\tf@lof=\write7
\openout7 = `main_diag.lof'.

[5

]
No file main_diag.lot.
\tf@lot=\write8
\openout8 = `main_diag.lot'.

[6

] [7

]
Loose \hbox (badness 5) in paragraph at lines 90--91
[]\T1/stix2/m/n/12 We are sin-cerely grate-ful to our su-per-vi-sor, \T1/stix2/
b/n/12 Shahriar Ivan\T1/stix2/m/n/12 , As-sis-tant Pro-fes-sor, De-
 []


Tight \hbox (badness 1) in paragraph at lines 90--91
\T1/stix2/m/n/12 i-cal feed-back that shaped this the-sis from an ini-tial one-
episode proof of con-cept into
 []


Tight \hbox (badness 7) in paragraph at lines 90--91
\T1/stix2/m/n/12 a full ex-per-i-men-tal study span-ning four-teen de-vel-op-me
nt steps. His will-ing-ness to let
 []


Loose \hbox (badness 4) in paragraph at lines 92--93
\T1/stix2/m/n/12 of Technology, for the environment, coursework, and computing 
support that made
 []


Loose \hbox (badness 6) in paragraph at lines 92--93
\T1/stix2/m/n/12 this research possible, and the faculty members whose courses 
in machine learning
 []


Tight \hbox (badness 31) in paragraph at lines 92--93
\T1/stix2/m/n/12 and probability directly underpin the Bayesian and evidential 
formulations used here. 
 []


Loose \hbox (badness 9) in paragraph at lines 94--95
[]\T1/stix2/m/n/12 This work re-lied heav-ily on freely avail-able cloud com-pu
te: Google Co-lab and Kag-
 []


Tight \hbox (badness 11) in paragraph at lines 94--95
\T1/stix2/m/n/12 gle's Tesla T4 GPU in-stances car-ried es-sen-tially all 120 g
rid runs, the 48-run matched-
 []


Loose \hbox (badness 6) in paragraph at lines 94--95
\T1/stix2/m/n/12 budget ex-per-i-ment, and the ef-fi-ciency bench-mark-ing re-p
orted in this the-sis, at zero
 []


Loose \hbox (badness 63) in paragraph at lines 94--95
\T1/stix2/m/n/12 cost to the de-part-ment. We are grate-ful to the main-tain-er
s of Py-Torch, Weights &
 []


Loose \hbox (badness 68) in paragraph at lines 94--95
\T1/stix2/m/n/12 Bi-ases, and the broader open-source sci-en-tific Python ecosy
s-tem, with-out which a
 []


Loose \hbox (badness 50) in paragraph at lines 96--97
[]\T1/stix2/m/n/12 Finally, we thank our families and friends for their patienc
e during the months in
 []


Loose \hbox (badness 14) in paragraph at lines 96--97
\T1/stix2/m/n/12 which a laptop screen full of ECE numbers seemed, to us, like 
the most interesting
 []

[8

]
Tight \hbox (badness 7) in paragraph at lines 101--102
[]\T1/stix2/m/n/12 Parameter-efficient fine-tuning (PEFT) lets a large pre-trai
ned net-work adapt to a new
 []


Loose \hbox (badness 38) in paragraph at lines 101--102
\T1/stix2/m/n/12 tar-gets Vi-sion Trans-form-ers eval-u-ated on data-rich bench
-marks, leav-ing open how
 []


Tight \hbox (badness 12) in paragraph at lines 101--102
\T1/stix2/m/n/12 ter for edge de-ploy-ment: se-vere data scarcity (few-shot lea
rn-ing) and the re-quire-ment
 []


Loose \hbox (badness 66) in paragraph at lines 101--102
\T1/stix2/m/n/12 that re-ported con-fi-dence be trust-wor-thy. This the-sis stu
d-ies B-PEFT, a frame-work
 []


Tight \hbox (badness 34) in paragraph at lines 101--102
\T1/stix2/m/n/12 full fine-tuning and lin-ear prob-ing as base-lines ^^V is in-
serted into an oth-er-wise frozen,
 []


Loose \hbox (badness 26) in paragraph at lines 101--102
\T1/stix2/m/n/12 ImageNet-pretrained back-bone, and clas-si-fi-ca-tion is per-f
ormed by a parameter-free
 []


Loose \hbox (badness 7) in paragraph at lines 101--102
\T1/stix2/m/n/12 pro-to-type head whose sim-i-lar-ity log-its are read ei-ther 
as or-di-nary soft-max prob-a-bil-
 []


Loose \hbox (badness 7) in paragraph at lines 101--102
\T1/stix2/m/n/12 i-ties or, fol-low-ing Ev-i-den-tial Deep Learn-ing, as ev-i-d
ence for a Dirich-let dis-tri-bu-tion
 []


Tight \hbox (badness 29) in paragraph at lines 101--102
\T1/stix2/m/n/12 neg-li-gi-ble ex-tra in-fer-ence cost. The sys-tem is eval-u-a
ted on 5-way $\LS1/stix2/m/it/12 k$\T1/stix2/m/n/12 -shot episodes from
 []


Tight \hbox (badness 87) in paragraph at lines 101--102
\T1/stix2/m/n/12 Gaus-sian noise, CIFAR-100-heldout, Tiny-Im-a-geNet), mea-sur-
ing ac-cu-racy, cal-i-bra-tion
 []


Underfull \hbox (badness 123) in paragraph at lines 101--102
\T1/stix2/m/n/12 FPR at 95% true-positive rate) over a bal-anced 120-run grid c
ross-ing dataset, shot
 []


Loose \hbox (badness 3) in paragraph at lines 101--102
\T1/stix2/m/n/12 count, back-bone, adapter, and head in-ter-pre-ta-tion. Four i
ni-tial, comparison-framed
 []


Loose \hbox (badness 97) in paragraph at lines 101--102
\T1/stix2/m/n/12 ev-i-den-tial head cal-i-brate bet-ter than soft-max un-der a 
tiny pa-ram-e-ter bud-get; does
 []


Loose \hbox (badness 27) in paragraph at lines 101--102
\T1/stix2/m/n/12 the ev-i-den-tial ob-jec-tive im-prove near-out-of-distributio
n de-tec-tion; and what is the
 []


Tight \hbox (badness 1) in paragraph at lines 101--102
\T1/stix2/m/n/12 latency-versus-uncertainty-quality trade-off ^^V were each an-
swered on the grid, but a
 []


Loose \hbox (badness 2) in paragraph at lines 101--102
\T1/stix2/m/n/12 lit-er-a-ture au-dit found three of the four sub-stan-tially a
n-tic-i-pated by prior work. This
 []


Tight \hbox (badness 76) in paragraph at lines 101--102
\T1/stix2/m/n/12 mo-ti-vated a sec-ond, attribution-framed set of ques-tions as
ked over the same data: how
 []


Loose \hbox (badness 66) in paragraph at lines 101--102
\T1/stix2/m/n/12 served un-cer-tainty ben-e-fit is pro-duced by the train-ing o
b-jec-tive or by the post-hoc
 []


Tight \hbox (badness 1) in paragraph at lines 101--102
\T1/stix2/m/n/12 scor-ing rule; whether adapter ar-chi-tec-ture or trainable-pa
rameter bud-get gov-erns ac-
 []


Loose \hbox (badness 20) in paragraph at lines 101--102
\T1/stix2/m/n/12 cu-racy and cal-i-bra-tion; and whether the ev-i-den-tial head
's cal-i-bra-tion deficit can be
 []


Underfull \hbox (badness 108) in paragraph at lines 101--102
\T1/stix2/m/n/12 re-me-di-ated af-ter train-ing with-out de-stroy-ing its rank-
ing qual-ity. A pre-registered,
 []


Loose \hbox (badness 51) in paragraph at lines 101--102
\T1/stix2/m/n/12 matched-parameter-budget follow-up ex-per-i-ment re-solves the
 hard-est of these: ac-
 []


Tight \hbox (badness 1) in paragraph at lines 101--102
\T1/stix2/m/n/12 cu-racy and near-out-of-distribution de-tec-tion track adapter
 ar-chi-tec-ture re-gard-less of
 []


Loose \hbox (badness 1) in paragraph at lines 101--102
\T1/stix2/m/n/12 which adapter holds the larger pa-ram-e-ter bud-get, while the
 cal-i-bra-tion gap be-tween
 []


Tight \hbox (badness 2) in paragraph at lines 101--102
\T1/stix2/m/n/12 adapters is in-trin-sic to the back-bone rather than to the bu
d-get. The ev-i-den-tial head is
 []


Tight \hbox (badness 48) in paragraph at lines 101--102
\T1/stix2/m/n/12 shown to be a sub-stan-tially bet-ter out-of-distribution rank
er than softmax-probability-
 []


Tight \hbox (badness 9) in paragraph at lines 101--102
\T1/stix2/m/n/12 based scores, though a training-free en-ergy score still ranks
 bet-ter than it in most con-
 []


Tight \hbox (badness 89) in paragraph at lines 101--102
\T1/stix2/m/n/12 fig-u-ra-tions, and its cal-i-bra-tion deficit can be re-duced
 by two or-ders of mag-ni-tude fewer
 []


Tight \hbox (badness 1) in paragraph at lines 101--102
\T1/stix2/m/n/12 ters on a held-out split ^^V while pre-serv-ing its rank-ing q
ual-ity in the large ma-jor-ity of
 []

[9

{/usr/share/texlive/texmf-dist/fonts/enc/dvips/stix2-type1/stix2-mathit.enc}] [
10]
Chapter 1.

LaTeX Warning: Reference `tab:opening-summary' on page 1 undefined on input lin
e 112.


LaTeX Warning: Reference `chapter:results' on page 1 undefined on input line 11
2.


LaTeX Warning: Reference `tab:conclusion-summary' on page 1 undefined on input 
line 112.


Tight \hbox (badness 25) in paragraph at lines 112--113
\T1/stix2/m/n/12 This the-sis is a con-trolled study of which de-sign choices g
ov-ern which as-pects of re-li-a-
 []


Tight \hbox (badness 1) in paragraph at lines 112--113
\T1/stix2/m/n/12 bil-ity in a parameter-efficient, few-shot vi-sion sys-tem. No
 sin-gle de-sign choice makes
 []


Tight \hbox (badness 29) in paragraph at lines 112--113
\T1/stix2/m/n/12 a few-shot model re-li-able on ev-ery axis at once; [] pre-vie
ws the head-line map-ping this
 []


Loose \hbox (badness 1) in paragraph at lines 112--113
\T1/stix2/m/n/12 the-sis es-tab-lishes, elab-o-rated and ev-i-denced fully in [
] and re-stated with sup-port-ing
 []


LaTeX Warning: Citation 'deng2009imagenet' on page 1 undefined on input line 13
3.


Overfull \hbox (85.88416pt too wide) in paragraph at lines 133--134
\T1/stix2/m/n/12 Deep con-vo-lu-tional net-works pre-trained on large im-age co
r-pora such as Im-a-geNet []
 []


Tight \hbox (badness 46) in paragraph at lines 133--134
\T1/stix2/m/n/12 learn fea-ture rep-re-sen-ta-tions that trans-fer well to new 
vi-sual tasks. The dom-i-nant way
 []


Loose \hbox (badness 9) in paragraph at lines 133--134
\T1/stix2/m/n/12 to reuse such a net-work is fine-tuning: con-tin-u-ing gra-di-
ent de-scent on all of its pa-
 []


Loose \hbox (badness 7) in paragraph at lines 133--134
\T1/stix2/m/n/12 with mil-lions of de-grees of free-dom and tens of im-ages to 
learn from will over-fit al-
 []


Loose \hbox (badness 38) in paragraph at lines 133--134
\T1/stix2/m/n/12 most by con-struc-tion. This is pre-cisely the regime of \T1/s
tix2/m/it/12 few-shot learn-ing\T1/stix2/m/n/12 : given only
 []


Loose \hbox (badness 20) in paragraph at lines 133--134
\LS1/stix2/m/it/12 k$ \T1/stix2/m/n/12 la-belled ex-am-ples per class (typ-i-ca
lly $\LS1/stix2/m/it/12 k \LS1/stix2/m/n/12 À ^1\LS1/stix2/m/it/12 ; \LS1/stix2
/m/n/12 5`$\T1/stix2/m/n/12 ), the model must clas-sify un-seen
 []

[1


]

LaTeX Warning: Citation 'houlsby2019adapters' on page 2 undefined on input line
 135.


LaTeX Warning: Citation 'hu2022lora' on page 2 undefined on input line 135.


LaTeX Warning: Citation 'benzaken2022bitfit' on page 2 undefined on input line 
135.


LaTeX Warning: Citation 'somvanshi2025tinydl' on page 2 undefined on input line
 135.


Tight \hbox (badness 34) in paragraph at lines 135--136
[]\T1/stix2/m/n/12 Parameter-Efficient Fine-Tuning (PEFT) re-sponds to this pro
b-lem by freez-ing the pre-
 []


Tight \hbox (badness 11) in paragraph at lines 135--136
\T1/stix2/m/n/12 trained back-bone en-tirely and in-sert-ing a small num-ber of
 train-able pa-ram-e-ters ^^V an
 []


Loose \hbox (badness 14) in paragraph at lines 135--136
\T1/stix2/m/it/12 adapter \T1/stix2/m/n/12 ^^V that re-shapes the back-bone's f
ea-tures for the new task. Adapters of this
 []


Loose \hbox (badness 26) in paragraph at lines 135--136
\T1/stix2/m/n/12 kind, first pop-u-larised for natural-language trans-form-ers 
by []
 []


Loose \hbox (badness 96) in paragraph at lines 135--136
\T1/stix2/m/n/12 and later re-fined into low-rank ([]) and bias-only ([])
 []


Loose \hbox (badness 30) in paragraph at lines 135--136
\T1/stix2/m/n/12 a per-cent of the back-bone's pa-ram-e-ters. Al-most all of th
is lit-er-a-ture, how-ever, was
 []


Loose \hbox (badness 47) in paragraph at lines 135--136
\T1/stix2/m/n/12 built for and eval-u-ated on Vi-sion Trans-form-ers on data-ri
ch bench-marks; how the
 []


Tight \hbox (badness 1) in paragraph at lines 135--136
\T1/stix2/m/n/12 same idea be-haves in-side a \T1/stix2/m/it/12 con-vo-lu-tiona
l \T1/stix2/m/n/12 ar-chi-tec-ture, un-der \T1/stix2/m/it/12 few-shot \T1/stix2
/m/n/12 data scarcity, is
 []


Tight \hbox (badness 2) in paragraph at lines 135--136
\T1/stix2/m/n/12 com-par-a-tively un-ex-plored ^^V de-spite con-vo-lu-tional ne
t-works re-main-ing the prac-ti-cal
 []


Loose \hbox (badness 58) in paragraph at lines 135--136
\T1/stix2/m/n/12 choice for any de-ploy-ment tar-get too small, too power-const
rained, or too latency-
 []


Loose \hbox (badness 46) in paragraph at lines 135--136
\T1/stix2/m/n/12 sensitive to run a trans-former, which de-scribes es-sen-tiall
y all microcontroller-class
 []


LaTeX Warning: Citation 'guo2017calibration' on page 2 undefined on input line 
137.


LaTeX Warning: Citation 'hendrycks2017baseline' on page 2 undefined on input li
ne 137.


LaTeX Warning: Citation 'sensoy2018edl' on page 2 undefined on input line 137.


Tight \hbox (badness 4) in paragraph at lines 137--138
\T1/stix2/m/n/12 ac-cu-rate; in any set-ting where its out-put in-forms a down-
stream de-ci-sion ^^V a med-i-cal
 []


Loose \hbox (badness 43) in paragraph at lines 137--138
\T1/stix2/m/n/12 triage sug-ges-tion, an au-tonomous sys-tem's fall-back trig-g
er ^^V the clas-si-fier's stated
 []


Loose \hbox (badness 25) in paragraph at lines 137--138
\T1/stix2/m/n/12 con-fi-dence needs to mean some-thing. A model that re-ports `
`95% con-fi-dent'' while
 []


Loose \hbox (badness 6) in paragraph at lines 137--138
\T1/stix2/m/n/12 that mod-ern, high-capacity neu-ral net-works are mis-cal-i-br
ated by de-fault, be-com-ing
 []


Loose \hbox (badness 50) in paragraph at lines 137--138
\T1/stix2/m/n/12 more con-fi-dent as they be-come more ac-cu-rate rather than m
ore hon-est. A closely
 []


Tight \hbox (badness 1) in paragraph at lines 137--138
\T1/stix2/m/n/12 recog-nise that an in-put does not be-long to any of the class
es the model was trained to
 []


Tight \hbox (badness 11) in paragraph at lines 137--138
\T1/stix2/m/n/12 dis-tin-guish, and to say so via a low-confidence or high-unce
rtainty out-put rather than
 []


Tight \hbox (badness 5) in paragraph at lines 137--138
\T1/stix2/m/n/12 a con-fi-dent wrong an-swer []. Stan-dard soft-max clas-si-fie
rs are
 []


Loose \hbox (badness 3) in paragraph at lines 137--138
\T1/stix2/m/n/12 known to pro-duce over-con-fi-dent, poorly sep-a-rated out-put
s for ex-actly this case. Ev-
 []


Loose \hbox (badness 30) in paragraph at lines 137--138
\T1/stix2/m/n/12 i-den-tial Deep Learn-ing (EDL), in-tro-duced by [], of-fers a
n al-ter-na-tive:
 []


Loose \hbox (badness 60) in paragraph at lines 137--138
\T1/stix2/m/n/12 puts the pa-ram-e-ters of a Dirich-let dis-tri-bu-tion \T1/sti
x2/m/it/12 over \T1/stix2/m/n/12 class prob-a-bil-i-ties, from which
 []


Loose \hbox (badness 2) in paragraph at lines 137--138
\T1/stix2/m/n/12 both a pre-dic-tion and a prin-ci-pled mea-sure of epis-temic 
un-cer-tainty (how much ev-
 []


Loose \hbox (badness 75) in paragraph at lines 137--138
\T1/stix2/m/n/12 i-dence the net-work has ac-tu-ally seen, as op-posed to how s
harply it hap-pens to be
 []


Loose \hbox (badness 18) in paragraph at lines 137--138
\T1/stix2/m/n/12 guess-ing) can be read off in a sin-gle de-ter-min-is-tic for-
ward pass ^^V no sam-pling, no
 []


Loose \hbox (badness 1) in paragraph at lines 139--140
[]\T1/stix2/m/n/12 This the-sis sits at the in-ter-sec-tion of these three line
s of work ^^V parameter-efficient
 []


Loose \hbox (badness 79) in paragraph at lines 139--140
\T1/stix2/m/n/12 adap-ta-tion, con-vo-lu-tional (rather than trans-former) back
-bones, and ev-i-den-tial un-
 []


Loose \hbox (badness 50) in paragraph at lines 139--140
\T1/stix2/m/n/12 cer-tainty ^^V un-der the added con-straint of few-shot data s
carcity, and asks a ques-
 []


Loose \hbox (badness 1) in paragraph at lines 139--140
\T1/stix2/m/n/12 tion none of the in-di-vid-ual lit-er-a-tures an-swer on its o
wn: \T1/stix2/m/it/12 when a lightweight CNN is
 []


Loose \hbox (badness 3) in paragraph at lines 139--140
\T1/stix2/m/it/12 adapted to a new task us-ing only a hand-ful of ex-am-ples an
d a few thou-sand train-able
 []


Loose \hbox (badness 3) in paragraph at lines 139--140
\T1/stix2/m/it/12 pa-ram-e-ters, does an ev-i-den-tial un-cer-tainty mech-a-nis
m ac-tu-ally de-liver more trust-wor-
 []

[2{/usr/share/texlive/texmf-dist/fonts/enc/dvips/stix2-type1/stix2-mathrm.enc}]

LaTeX Warning: Reference `fig:accuracy-vs-reliability' on page 3 undefined on i
nput line 143.


Loose \hbox (badness 71) in paragraph at lines 143--144
\T1/stix2/m/n/12 ser-va-tion: \T1/stix2/b/n/12 a model can be ac-cu-rate and st
ill un-re-li-able. [] \T1/stix2/m/n/12 il-lus-trates the two
 []


Tight \hbox (badness 10) in paragraph at lines 143--144
\T1/stix2/m/n/12 ways this hap-pens. A model can be ac-cu-rate over-all while b
e-ing con-fi-dently \T1/stix2/m/it/12 wrong \T1/stix2/m/n/12 on
 []


Loose \hbox (badness 21) in paragraph at lines 143--144
\T1/stix2/m/n/12 a spe-cific known-class in-put (mis-cal-i-bra-tion ^^V its sta
ted con-fi-dence does not track
 []


Loose \hbox (badness 7) in paragraph at lines 143--144
\T1/stix2/m/n/12 its ac-tual cor-rect-ness), and it can be ac-cu-rate on the cl
asses it recog-nises while pro-
 []


Tight \hbox (badness 1) in paragraph at lines 143--144
\T1/stix2/m/n/12 duc-ing an equally con-fi-dent an-swer for an in-put from a cl
ass it was never de-signed to
 []


Tight \hbox (badness 73) in paragraph at lines 143--144
\T1/stix2/m/n/12 which is ex-actly why this the-sis mea-sures cal-i-bra-tion an
d out-of-distribution de-tec-tion
 []

<figures/D1_accuracy_vs_reliability.png, id=75, 294.8616pt x 128.6406pt>
File: figures/D1_accuracy_vs_reliability.png Graphic file (type png)
<use figures/D1_accuracy_vs_reliability.png>
Package pdftex.def Info: figures/D1_accuracy_vs_reliability.png  used on input 
line 147.
(pdftex.def)             Requested size: 320.0935pt x 139.65604pt.

Tight \hbox (badness 50) in paragraph at lines 148--148
[]\T1/stix2/b/n/12 Figure 1.1: |\T1/stix2/m/n/12 Ac-cu-racy is not re-li-a-bil-
ity. Left: a known-class in-put, con-fi-dently mis-clas-
 []


Loose \hbox (badness 94) in paragraph at lines 152--153
 []\T1/stix2/b/n/12 Parameter inefficiency.[] \T1/stix2/m/n/12 Full fine-tuning
 of a CNN on a small few-shot dataset
 []


Tight \hbox (badness 1) in paragraph at lines 152--153
\T1/stix2/m/n/12 causes catastrophic forgetting of the pretrained representatio
n and severe overfitting:
 []


Loose \hbox (badness 42) in paragraph at lines 152--153
\T1/stix2/m/n/12 has essentially no statistical basis for its updates. A parame
ter-efficient alternative
 []


Loose \hbox (badness 10) in paragraph at lines 152--153
\T1/stix2/m/n/12 must be found that adapts the backbone's features without retr
aining the backbone
 []


Overfull \hbox (5.78328pt too wide) in paragraph at lines 154--155
 []\T1/stix2/b/n/12 The re-li-a-bil-ity gap.[] \T1/stix2/m/n/12 Stan-dard PEFT 
meth-ods in-herit what-ever con-fi-dence be-haviour
 []


Loose \hbox (badness 100) in paragraph at lines 154--155
\T1/stix2/m/n/12 the base model ex-hibits, and typ-i-cally re-port only ac-cu-r
acy. A PEFT method that
 []


Loose \hbox (badness 30) in paragraph at lines 154--155
\T1/stix2/m/n/12 reaches high ac-cu-racy while re-main-ing silently over-con-fi
-dent, or un-able to flag in-
 []


Tight \hbox (badness 35) in paragraph at lines 154--155
\T1/stix2/m/n/12 puts from classes it was never de-signed to recog-nise, is not
 safe to de-ploy in any set-ting
 []

[3 <./figures/D1_accuracy_vs_reliability.png>]

LaTeX Warning: Citation 'jia2022vpt' on page 4 undefined on input line 156.


LaTeX Warning: Citation 'chen2022adaptformer' on page 4 undefined on input line
 156.


LaTeX Warning: Citation 'jie2023fact' on page 4 undefined on input line 156.


LaTeX Warning: Citation 'zhang2022noah' on page 4 undefined on input line 156.


LaTeX Warning: Citation 'lian2022ssf' on page 4 undefined on input line 156.


LaTeX Warning: Citation 'chen2024convadapter' on page 4 undefined on input line
 156.


LaTeX Warning: Citation 'aleem2024convlora' on page 4 undefined on input line 1
56.


LaTeX Warning: Citation 'zhong2024convlorasam' on page 4 undefined on input lin
e 156.


Overfull \hbox (7.37788pt too wide) in paragraph at lines 156--157
\T1/stix2/m/n/12 sion Trans-form-ers [], [], [], [],
 []


Loose \hbox (badness 17) in paragraph at lines 156--157
[]\T1/stix2/m/n/12 . CNNs have dif-fer-ent struc-tural prop-er-ties from trans-
form-ers: lo-cal-ity,
 []


Loose \hbox (badness 4) in paragraph at lines 156--157
\T1/stix2/m/n/12 trans-la-tion in-vari-ance, and a hi-er-ar-chi-cal (rather tha
n glob-ally at-ten-tive) fea-ture ex-
 []


Loose \hbox (badness 54) in paragraph at lines 156--157
\T1/stix2/m/n/12 trac-tion pro-cess. How an adapter in-ter-acts with a con-vo-l
u-tional block ^^V where it
 []


Loose \hbox (badness 36) in paragraph at lines 156--157
\T1/stix2/m/n/12 should be placed, and what form it should take ^^V is not well
 un-der-stood, and the
 []


Overfull \hbox (47.15921pt too wide) in paragraph at lines 156--157
\T1/stix2/m/n/12 hand-ful of works that do study CNN-side PEFT ([]; [];
 []


Loose \hbox (badness 11) in paragraph at lines 156--157
[]\T1/stix2/m/n/12 ) rarely com-bine it with an uncertainty-aware train-ing ob-

 []


LaTeX Warning: Reference `tab:problem-response' on page 4 undefined on input li
ne 158.


LaTeX Warning: Citation 'li2022tsa' on page 4 undefined on input line 179.


LaTeX Warning: Reference `sec:results-positioning' on page 4 undefined on input
 line 179.


LaTeX Warning: Reference `chapter:results' on page 4 undefined on input line 17
9.


LaTeX Warning: Reference `chapter:results' on page 4 undefined on input line 17
9.


Tight \hbox (badness 1) in paragraph at lines 179--180
\T1/stix2/m/n/12 The project's ini-tial re-search pro-posal posed four comparis
on-style ques-tions, each of
 []


Loose \hbox (badness 1) in paragraph at lines 179--180
\T1/stix2/m/n/12 the form ``does ap-proach A out-per-form ap-proach B'' (adapte
r place-ment, evidential-
 []


Loose \hbox (badness 53) in paragraph at lines 179--180
\T1/stix2/m/n/12 Pareto fron-tier). Be-fore those an-swers were writ-ten up as 
con-tri-bu-tions, a sys-tem-
 []


Loose \hbox (badness 66) in paragraph at lines 179--180
\T1/stix2/m/n/12 atic lit-er-a-ture check was car-ried out against each one, an
d found that three of the
 []


Underfull \hbox (badness 117) in paragraph at lines 179--180
\T1/stix2/m/n/12 four had close, some-times near-identical, prece-dent in prior
 work: the place-ment
 []


Loose \hbox (badness 24) in paragraph at lines 179--180
\T1/stix2/m/n/12 ques-tion is an-swered in es-sen-tially the same di-rec-tion, 
on the same frozen ResNet-
 []


Loose \hbox (badness 21) in paragraph at lines 179--180
\T1/stix2/m/n/12 18 back-bone and pro-to-col, by []; the near-OOD claim is the 
stan-dard, well-
 []


Loose \hbox (badness 56) in paragraph at lines 179--180
\T1/stix2/m/n/12 established evidential-learning re-sult once the com-par-i-son
 is re-stricted to softmax-
 []


Tight \hbox (badness 19) in paragraph at lines 179--180
\T1/stix2/m/n/12 probability base-lines; and the Pareto-frontier re-port-ing st
yle is a pre-sen-ta-tional de-vice
 []


Loose \hbox (badness 12) in paragraph at lines 179--180
\T1/stix2/m/n/12 rather than a novel find-ing. This mo-ti-vated re-fram-ing the
 un-der-ly-ing ex-per-i-men-tal
 []


Tight \hbox (badness 12) in paragraph at lines 179--180
\T1/stix2/m/n/12 four \T1/stix2/m/it/12 at-tri-bu-tion\T1/stix2/m/n/12 -style q
ues-tions, which ask not which of two op-tions is bet-ter but \T1/stix2/m/it/12
 what
 []


Loose \hbox (badness 3) in paragraph at lines 179--180
\T1/stix2/m/it/12 gov-erns the out-come \T1/stix2/m/n/12 across the full space 
of de-sign choices. No ex-per-i-ment from the
 []


Loose \hbox (badness 10) in paragraph at lines 179--180
\T1/stix2/m/n/12 orig-i-nal four ques-tions is dis-carded; each is folded into 
the dis-cus-sion of whichever
 []


Loose \hbox (badness 33) in paragraph at lines 179--180
\T1/stix2/m/n/12 of the four ques-tions be-low it now serves as ev-i-dence for 
([] and [] note ex-plic-itly
 []


Loose \hbox (badness 2) in paragraph at lines 179--180
\T1/stix2/m/n/12 where this hap-pens). These four ques-tions are what [] is bui
lt around, and they are
 []


Tight \vbox (badness 14) has occurred while \output is active []

 [4]
Loose \hbox (badness 3) in paragraph at lines 182--183
\T1/stix2/m/n/12 come dis-tributed across the prin-ci-pal de-sign axes of a par
ameter-efficient few-
 []


Loose \hbox (badness 16) in paragraph at lines 182--183
\T1/stix2/m/n/12 shot clas-si-fi-ca-tion sys-tem ^^V dataset, shot count, back-
bone, adapter type, and
 []


Loose \hbox (badness 27) in paragraph at lines 183--184
\T1/stix2/m/n/12 the scor-ing rule? More pre-cisely: is OOD-detection per-for-m
ance at-tributable
 []


Loose \hbox (badness 31) in paragraph at lines 183--184
\T1/stix2/m/n/12 soft-max), or to the post-hoc scor-ing rule by which its out-p
uts are read (vacu-
 []


Loose \hbox (badness 2) in paragraph at lines 183--184
\T1/stix2/m/n/12 ity, max-i-mum soft-max prob-a-bil-ity, or en-ergy) ^^V and ca
n the two be sep-a-rated
 []


Loose \hbox (badness 64) in paragraph at lines 184--185
[]\T1/stix2/m/n/12 Does ac-cu-racy fol-low adapter ar-chi-tec-ture, and cal-i-b
ra-tion fol-low pa-ram-e-ter
 []


Loose \hbox (badness 8) in paragraph at lines 184--185
\T1/stix2/m/n/12 bud-get? More pre-cisely: within the adapter axis, are ac-cu-r
acy and cal-i-bra-tion
 []


Overfull \hbox (7.00208pt too wide) in paragraph at lines 184--185
\T1/stix2/m/n/12 gov-erned by the same prop-erty of an adapter, or does ac-cu-r
acy fol-low the adapter's
 []


Tight \hbox (badness 28) in paragraph at lines 184--185
\T1/stix2/m/it/12 ar-chi-tec-ture \T1/stix2/m/n/12 while cal-i-bra-tion fol-low
s its trainable-\T1/stix2/m/it/12 parameter bud-get \T1/stix2/m/n/12 ^^V or som
e-
 []


Loose \hbox (badness 3) in paragraph at lines 185--186
[]\T1/stix2/m/n/12 Can ev-i-den-tial cal-i-bra-tion be re-paired af-ter train-i
ng, with-out break-ing out-of-
 []


Tight \hbox (badness 1) in paragraph at lines 185--186
\T1/stix2/m/n/12 distribution de-tec-tion? More pre-cisely: can the cal-i-bra-t
ion of an ev-i-den-tial pro-
 []


Loose \hbox (badness 1) in paragraph at lines 185--186
\T1/stix2/m/n/12 to-type head be im-proved af-ter train-ing, by re-fit-ting onl
y the two pa-ram-e-ters of
 []


LaTeX Warning: Reference `tab:rq-roadmap' on page 5 undefined on input line 188
.


LaTeX Warning: Reference `fig:research-roadmap' on page 5 undefined on input li
ne 188.


Tight \hbox (badness 47) in paragraph at lines 188--189
[][] \T1/stix2/m/n/12 summarises what each question is answered by, and [] show
s how all four sit under
 []

[5]
<figures/F1_research_roadmap.png, id=97, 482.7636pt x 179.2296pt>
File: figures/F1_research_roadmap.png Graphic file (type png)
<use figures/F1_research_roadmap.png>
Package pdftex.def Info: figures/F1_research_roadmap.png  used on input line 20
9.
(pdftex.def)             Requested size: 405.45047pt x 150.52994pt.

Loose \hbox (badness 10) in paragraph at lines 210--210
\T1/stix2/m/n/12 which design choice governs which reliability aspect ^^V each 
resolved by a specific,
 []


LaTeX Warning: Reference `sec:results-matched-budget' on page 6 undefined on in
put line 218.


Underfull \hbox (badness 135) in paragraph at lines 218--219
 []\T1/stix2/b/n/12 Confounded com-par-isons.[] \T1/stix2/m/n/12 A naive com-pa
r-i-son be-tween two adapter types, or
 []


Loose \hbox (badness 9) in paragraph at lines 218--219
\T1/stix2/m/n/12 two back-bones, is rarely a com-par-i-son of one prop-erty at 
a time: a larger adapter is
 []


Tight \hbox (badness 20) in paragraph at lines 218--219
\T1/stix2/m/n/12 usu-ally also a dif-fer-ent \T1/stix2/m/it/12 kind \T1/stix2/m
/n/12 of adapter, and a more ac-cu-rate back-bone is usu-ally also a
 []


Tight \hbox (badness 1) in paragraph at lines 218--219
\T1/stix2/m/n/12 larger one. Dis-en-tan-gling ar-chi-tec-ture from pa-ram-e-ter
 bud-get ^^V the cen-tral con-cern
 []


Tight \hbox (badness 72) in paragraph at lines 218--219
\T1/stix2/m/n/12 of RQ3 ^^V re-quired first iden-ti-fy-ing a struc-tural co-in-
ci-dence in the grid (the parameter-
 []


Tight \hbox (badness 1) in paragraph at lines 218--219
\T1/stix2/m/n/12 budget or-der-ing of two adapters re-verses be-tween the two b
ack-bones used) and then,
 []


Tight \hbox (badness 1) in paragraph at lines 218--219
\T1/stix2/m/n/12 be-cause that co-in-ci-dence alone could not fully sep-a-rate 
the two ex-pla-na-tions, de-sign-
 []

[6 <./figures/F1_research_roadmap.png>]

LaTeX Warning: Reference `sec:method-evidence-affine' on page 7 undefined on in
put line 220.


Tight \hbox (badness 13) in paragraph at lines 220--221
 []\T1/stix2/b/n/12 The evidential-collapse fail-ure mode.[] \T1/stix2/m/n/12 E
arly in de-vel-op-ment, a spe-cific and easy-
 []


Overfull \hbox (7.74014pt too wide) in paragraph at lines 220--221
\T1/stix2/m/n/12 to-miss nu-mer-i-cal fail-ure oc-curred: the raw sim-i-lar-ity
 log-its pro-duced by the parameter-
 []


Loose \hbox (badness 5) in paragraph at lines 220--221
\T1/stix2/m/n/12 free pro-to-type head are large and neg-a-tive, so pass-ing th
em di-rectly through the ev-
 []


Loose \hbox (badness 1) in paragraph at lines 220--221
\T1/stix2/m/n/12 i-den-tial map-ping's non-linearity col-lapsed all ev-i-dence 
to zero, pro-duc-ing a uni-form
 []


Loose \hbox (badness 1) in paragraph at lines 220--221
\T1/stix2/m/n/12 Dirich-let dis-tri-bu-tion and dead train-ing gra-di-ents re-g
ard-less of the in-put. This is ex-
 []


Loose \hbox (badness 41) in paragraph at lines 220--221
\T1/stix2/m/n/12 actly the kind of fail-ure the project's gov-ern-ing im-ple-me
n-ta-tion guid-ance warns to
 []


Loose \hbox (badness 3) in paragraph at lines 220--221
\T1/stix2/m/n/12 tested ^^V and its fix (an affine rescal-ing of the log-its be
-fore the non-linearity, []) be-
 []


Tight \hbox (badness 7) in paragraph at lines 220--221
\T1/stix2/m/n/12 came a load-bearing de-sign de-ci-sion rather than an in-ci-de
n-tal im-ple-men-ta-tion de-tail. 
 []


LaTeX Warning: Reference `sec:proto-episodic' on page 7 undefined on input line
 222.


Tight \hbox (badness 2) in paragraph at lines 222--223
 []\T1/stix2/b/n/12 Reproducibility un-der a small-sample, high-variance regime
.[] \T1/stix2/m/n/12 Few-shot ac-cu-
 []


Tight \hbox (badness 2) in paragraph at lines 222--223
\T1/stix2/m/n/12 racy is mea-sured over episodes sam-pled from a small pool of 
classes, so a sin-gle train-
 []


Tight \hbox (badness 15) in paragraph at lines 222--223
\T1/stix2/m/n/12 ing run's re-sult can be an arte-fact of which classes hap-pen
ed to be sam-pled for eval-u-a-
 []


Tight \hbox (badness 4) in paragraph at lines 222--223
\T1/stix2/m/n/12 is to freeze a sin-gle set of 600 test-episode seeds for ev-er
y eval-u-a-tion ([]) and to re-port
 []


Tight \hbox (badness 35) in paragraph at lines 222--223
\T1/stix2/m/n/12 re-sults across three in-de-pen-dent train-ing seeds, rather t
han re-port-ing a sin-gle num-ber
 []


LaTeX Warning: Reference `sec:results-rq2' on page 7 undefined on input line 22
4.


LaTeX Warning: Reference `sec:results-rq5-demoted' on page 7 undefined on input
 line 224.


Tight \hbox (badness 25) in paragraph at lines 224--225
\T1/stix2/m/n/12 par-ent in-te-rior op-ti-mum in cal-i-bra-tion ver-sus pa-ram-
e-ter bud-get did not sur-vive a con-
 []


Loose \hbox (badness 40) in paragraph at lines 224--225
\T1/stix2/m/n/12 ing that pro-duced the cor-rec-tion, rather than pre-sent-ing 
only the fi-nal, cleaned-up
 []


Loose \hbox (badness 2) in paragraph at lines 231--232
[]\T1/stix2/m/n/12 A work-ing B-PEFT sys-tem ^^V a frozen, ImageNet-pretrained 
lightweight CNN
 []


Loose \hbox (badness 83) in paragraph at lines 231--232
\T1/stix2/m/n/12 back-bone (ResNet-18 or MobileNetV3-Small), a choice of parame
ter-efficient
 []


Loose \hbox (badness 27) in paragraph at lines 231--232
\T1/stix2/m/n/12 adapter (bot-tle-neck, LoRA, or Bit-Fit, with full fine-tuning
 and lin-ear prob-ing
 []


Tight \hbox (badness 10) in paragraph at lines 231--232
\T1/stix2/m/n/12 as non-PEFT base-lines), and a parameter-free pro-to-type head
 whose out-put can
 []


Tight \hbox (badness 13) in paragraph at lines 231--232
\T1/stix2/m/n/12 be read as ei-ther soft-max prob-a-bil-i-ties or Dirich-let ev
-i-den-tial un-cer-tainty ^^V im-
 []


Tight \hbox (badness 33) in paragraph at lines 231--232
\T1/stix2/m/n/12 ple-mented as a re-pro-ducible, config-driven code-base with d
e-ter-min-is-tic seed-ing
 []

[7]
Loose \hbox (badness 26) in paragraph at lines 232--233
[]\T1/stix2/m/n/12 A bal-anced, 120-run ex-per-i-men-tal grid (40 con-fig-u-ra-
tions $\LS1/stix2/m/n/12 ù$ \T1/stix2/m/n/12 3 seeds) cross-ing
 []


Loose \hbox (badness 86) in paragraph at lines 232--233
\T1/stix2/m/n/12 ter-pre-ta-tions, eval-u-ated for ac-cu-racy, macro-F1, two ca
l-i-bra-tion met-rics, and
 []


Loose \hbox (badness 27) in paragraph at lines 232--233
\T1/stix2/m/n/12 OOD AU-ROC/FPR@95 against five OOD pools ^^V to our knowl-edge
 the first
 []


Overfull \hbox (26.3292pt too wide) in paragraph at lines 232--233
\T1/stix2/m/n/12 fac-to-rial de-sign of this breadth ap-plied to a parameter-ef
ficient, few-shot, uncertainty-
 []


Underfull \hbox (badness 200) in paragraph at lines 232--233
\T1/stix2/m/n/12 aware CNN sys-tem, per-mit-ting a for-mal vari-ance de-com-po-
si-tion (RQ1) that
 []


Loose \hbox (badness 4) in paragraph at lines 233--234
\T1/stix2/m/n/12 48-run matched-budget ex-per-i-ment that equalises the two ada
pters' trainable-
 []


Tight \hbox (badness 98) in paragraph at lines 233--234
\T1/stix2/m/n/12 parameter counts within each back-bone ^^V clos-ing an iden-ti
-fi-ca-tion gap the base
 []


Loose \hbox (badness 63) in paragraph at lines 234--235
[]\T1/stix2/m/n/12 A cross-factorial sep-a-ra-tion (RQ2) of the train-ing ob-je
c-tive (ev-i-den-tial ver-sus
 []


Loose \hbox (badness 55) in paragraph at lines 234--235
\T1/stix2/m/n/12 soft-max) from the OOD scor-ing rule (vacu-ity, max-i-mum soft
-max prob-a-bil-ity,
 []


Overfull \hbox (4.4533pt too wide) in paragraph at lines 234--235
\T1/stix2/m/n/12 temperature-scaled max-i-mum soft-max prob-a-bil-ity, or en-er
gy) ap-plied to it, show-
 []


Tight \hbox (badness 78) in paragraph at lines 234--235
\T1/stix2/m/n/12 ing that the scor-ing rule ^^V not the train-ing ob-jec-tive ^
^V ac-counts for roughly two
 []


Loose \hbox (badness 5) in paragraph at lines 234--235
\T1/stix2/m/n/12 to three or-ders of mag-ni-tude more OOD-detection vari-ance o
n far-OOD pools
 []


Loose \hbox (badness 71) in paragraph at lines 234--235
\T1/stix2/m/n/12 (42.69% ver-sus 0.17% $\LS1/stix2/m/it/12 ^^Q[]$\T1/stix2/m/n/
12 ), a con-found present, by the eval-u-ated de-sign's own
 []


Tight \hbox (badness 38) in paragraph at lines 235--236
[]\T1/stix2/m/n/12 A demonstration (RQ4) that the evidential head's calibration
 deficit, established
 []


Tight \hbox (badness 16) in paragraph at lines 235--236
\T1/stix2/m/n/12 across the grid, can be substantially reduced by refitting onl
y two parameters on
 []


Tight \hbox (badness 28) in paragraph at lines 235--236
\T1/stix2/m/n/12 a held-out validation split, at a cost several orders of magni
tude smaller than the
 []


Loose \hbox (badness 36) in paragraph at lines 236--237
[]\T1/stix2/m/n/12 An hon-est cor-rec-tion record: three find-ings from ear-lie
r stages of the project
 []


Loose \hbox (badness 7) in paragraph at lines 236--237
\T1/stix2/m/n/12 (an early evidential-versus-energy par-ity claim, an ap-par-en
t interior-optimum
 []


Loose \hbox (badness 7) in paragraph at lines 236--237
\T1/stix2/m/n/12 in calibration-versus-budget, and a mis-scoped ex-ter-nal ci-t
a-tion) are ex-plic-itly
 []


Loose \hbox (badness 16) in paragraph at lines 236--237
\T1/stix2/m/n/12 su-per-seded in this the-sis by later, more rig-or-ous ex-per-
i-ments, with the su-per-
 []


LaTeX Warning: Reference `chapter:related-works' on page 8 undefined on input l
ine 241.


LaTeX Warning: Reference `chapter:background' on page 8 undefined on input line
 241.


LaTeX Warning: Reference `chapter:methodology' on page 8 undefined on input lin
e 241.


LaTeX Warning: Reference `chapter:results' on page 8 undefined on input line 24
1.


LaTeX Warning: Reference `chapter:conclusion' on page 8 undefined on input line
 241.


LaTeX Warning: Reference `apx:results' on page 8 undefined on input line 241.


LaTeX Warning: Reference `chapter:results' on page 8 undefined on input line 24
1.


LaTeX Warning: Reference `apx:repro' on page 8 undefined on input line 241.


Tight \hbox (badness 15) in paragraph at lines 241--242
[] \T1/stix2/m/n/12 sur-veys the five bod-ies of lit-er-a-ture this the-sis dra
ws on ^^V parameter-efficient fine-
 []


Tight \hbox (badness 21) in paragraph at lines 241--242
\T1/stix2/m/n/12 tion, and few-shot learn-ing ^^V and po-si-tions this the-sis'
s clos-est prior work. [] de-fines
 []


Loose \hbox (badness 3) in paragraph at lines 241--242
\T1/stix2/m/n/12 the datasets, back-bones, episodic pro-to-col, and eval-u-a-ti
on met-rics used through-out.
 []


Loose \hbox (badness 16) in paragraph at lines 241--242
[] \T1/stix2/m/n/12 de-scribes the B-PEFT sys-tem it-self: the adapters, the pr
o-to-type head and its two
 []


Loose \hbox (badness 54) in paragraph at lines 241--242
\T1/stix2/m/n/12 in-ter-pre-ta-tions, the ev-i-den-tial train-ing ob-jec-tive, 
the post-hoc re-cal-i-bra-tion mech-a-
 []


Loose \hbox (badness 30) in paragraph at lines 241--242
\T1/stix2/m/n/12 presents and in-ter-prets all re-sults, first for the four ori
g-i-nal re-search ques-tions and
 []


Loose \hbox (badness 54) in paragraph at lines 241--242
\T1/stix2/m/n/12 then for the four at-tri-bu-tion ques-tions that su-per-sede t
hem as the the-sis's pri-mary
 []


Loose \hbox (badness 42) in paragraph at lines 241--242
\T1/stix2/m/n/12 work and a state-ment of the study's lim-i-ta-tions. [] re-sta
tes the re-search ques-tions
 []


Tight \hbox (badness 1) in paragraph at lines 241--242
\T1/stix2/m/n/12 against what was found, sum-marises the con-tri-bu-tions, and 
pro-poses con-crete fu-ture
 []


Tight \hbox (badness 54) in paragraph at lines 241--242
\T1/stix2/m/n/12 work. [] re-pro-duces the full 40-configuration re-sult ta-ble
s ref-er-enced se-lec-tively in [],
 []


Tight \hbox (badness 3) in paragraph at lines 241--242
\T1/stix2/m/n/12 and [] doc-u-ments the con-fig-u-ra-tion and re-pro-ducibil-it
y con-ven-tions used to pro-duce
 []

[8] [9]
Chapter 2.

LaTeX Warning: Reference `sec:related-positioning' on page 10 undefined on inpu
t line 249.


Overfull \hbox (4.17618pt too wide) in paragraph at lines 249--250
\T1/stix2/m/n/12 This the-sis com-bines five bod-ies of work that are usu-ally 
stud-ied sep-a-rately: parameter-
 []


Tight \hbox (badness 8) in paragraph at lines 249--250
\T1/stix2/m/n/12 efficient fine-tuning, Bayesian and ev-i-den-tial deep learn-i
ng, cal-i-bra-tion of neu-ral net-
 []


Loose \hbox (badness 30) in paragraph at lines 249--250
\T1/stix2/m/n/12 work con-fi-dence, out-of-distribution de-tec-tion, and few-sh
ot learn-ing. Each is sur-
 []


Loose \hbox (badness 4) in paragraph at lines 249--250
\T1/stix2/m/n/12 veyed in turn be-low, or-gan-ised around the spe-cific de-sign
 de-ci-sion it in-forms rather
 []


Loose \hbox (badness 5) in paragraph at lines 249--250
\T1/stix2/m/n/12 than as an an-no-tated list, be-fore [] po-si-tions this the-s
is di-rectly against the hand-ful
 []


LaTeX Warning: Citation 'houlsby2019adapters' on page 10 undefined on input lin
e 254.


LaTeX Warning: Citation 'hu2022lora' on page 10 undefined on input line 254.


LaTeX Warning: Citation 'benzaken2022bitfit' on page 10 undefined on input line
 254.


LaTeX Warning: Citation 'he2022unified' on page 10 undefined on input line 254.



LaTeX Warning: Reference `sec:method-adapters' on page 10 undefined on input li
ne 254.


Loose \hbox (badness 8) in paragraph at lines 254--255
\T1/stix2/m/n/12 a pre-trained trans-former and in-sert small bot-tle-neck mod-
ules ^^V a down-projection
 []


Loose \hbox (badness 30) in paragraph at lines 254--255
\T1/stix2/m/n/12 to a low-dimensional space, a non-linearity, and an up-project
ion back ^^V be-tween
 []


Loose \hbox (badness 15) in paragraph at lines 254--255
\T1/stix2/m/n/12 its lay-ers, train-ing only the bot-tle-necks. [] pro-pose an 
al-ter-na-tive pa-ram-
 []


Loose \hbox (badness 24) in paragraph at lines 254--255
\T1/stix2/m/n/12 e-ter-i-sa-tion, Low-Rank Adap-ta-tion (LoRA), which does not 
in-sert new mod-ules but
 []


Loose \hbox (badness 52) in paragraph at lines 254--255
\T1/stix2/m/n/12 rank ma-tri-ces, $\LS1/stix2/m/it/12 W[] \LS1/stix2/m/n/12 = \
LS1/stix2/m/it/12 W[] \LS1/stix2/m/n/12 + \LS1/stix2/m/it/12 AB$ \T1/stix2/m/n/
12 with $\LS1/stix2/m/it/12 A \LS1/stix2/m/n/12 À \LS1/stix2bb/m/n/12 R[]$ \T1/
stix2/m/n/12 and $\LS1/stix2/m/it/12 B \LS1/stix2/m/n/12 À \LS1/stix2bb/m/n/12 
R[]$ \T1/stix2/m/n/12 for a small
 []


Loose \hbox (badness 92) in paragraph at lines 254--255
\T1/stix2/m/n/12 rank $\LS1/stix2/m/it/12 r$\T1/stix2/m/n/12 ; be-cause the up-
date can be al-ge-braically merged into $\LS1/stix2/m/it/12 W[]$ \T1/stix2/m/n/
12 af-ter train-ing,
 []


Loose \hbox (badness 1) in paragraph at lines 254--255
\T1/stix2/m/n/12 LoRA adds no inference-time la-tency, un-like a bot-tle-neck m
od-ule in-serted in se-ries.
 []


Loose \hbox (badness 2) in paragraph at lines 254--255
[] \T1/stix2/m/n/12 take ef-fi-ciency fur-ther still, show-ing that train-ing \
T1/stix2/m/it/12 only \T1/stix2/m/n/12 the bias
 []


Tight \hbox (badness 80) in paragraph at lines 254--255
\T1/stix2/m/n/12 terms of a trans-former ^^V un-der 0.1% of its pa-ram-e-ters ^
^V re-cov-ers a sur-pris-ing frac-tion
 []


Loose \hbox (badness 1) in paragraph at lines 254--255
\T1/stix2/m/n/12 space, show-ing that adapters, LoRA, and sev-eral other PEFT m
ech-a-nisms can all be
 []


Tight \hbox (badness 7) in paragraph at lines 254--255
\T1/stix2/m/n/12 read as in-stances of one gen-eral up-date equa-tion that dif-
fers only in where the up-date
 []


Tight \hbox (badness 53) in paragraph at lines 254--255
\T1/stix2/m/n/12 is in-serted (\T1/stix2/m/it/12 se-rial\T1/stix2/m/n/12 , af-t
er a sub-layer, or \T1/stix2/m/it/12 par-al-lel\T1/stix2/m/n/12 , along-side it
) and how it is pa-ram-e-terised
 []


LaTeX Warning: Citation 'chen2024convadapter' on page 10 undefined on input lin
e 256.


LaTeX Warning: Reference `sec:method-adapters' on page 10 undefined on input li
ne 256.


LaTeX Warning: Citation 'aleem2024convlora' on page 10 undefined on input line 
256.


LaTeX Warning: Citation 'zhong2024convlorasam' on page 10 undefined on input li
ne 256.


Loose \hbox (badness 60) in paragraph at lines 256--257
[]\T1/stix2/m/n/12 All of the above work tar-gets trans-former ar-chi-tec-tures
. The con-vo-lu-tional case is
 []


Tight \hbox (badness 24) in paragraph at lines 256--257
\T1/stix2/m/n/12 iden-tify a spe-cific fail-ure mode rel-e-vant to adapter de-s
ign in-side con-vo-lu-tional blocks:
 []


Tight \hbox (badness 25) in paragraph at lines 256--257
\T1/stix2/m/it/12 spa-tial lo-cal-ity \T1/stix2/m/n/12 that gives a CNN its in-
duc-tive bias, whereas an adapter that pre-serves a
 []


Tight \hbox (badness 65) in paragraph at lines 256--257
\T1/stix2/m/n/12 lo-cal re-cep-tive field does not. This caveat di-rectly in-fo
rms how this the-sis's own bot-tle-
 []


Overfull \hbox (33.63524pt too wide) in paragraph at lines 256--257
\T1/stix2/m/n/12 neck and LoRA adapters are placed ([]). [] and []
 []


Tight \hbox (badness 64) in paragraph at lines 256--257
\T1/stix2/m/n/12 in-de-pen-dently de-velop con-vo-lu-tional forms of LoRA ^^V a
p-ply-ing the low-rank de-com-
 []


Loose \hbox (badness 55) in paragraph at lines 256--257
\T1/stix2/m/n/12 re-port that this conv-form LoRA re-mains ef-fec-tive in low-d
ata regimes, which this
 []

[10

{/usr/share/texlive/texmf-dist/fonts/enc/dvips/stix2-type1/stix2-mathbb.enc}]

LaTeX Warning: Citation 'lakshminarayanan2017ensembles' on page 11 undefined on
 input line 261.


LaTeX Warning: Citation 'sensoy2018edl' on page 11 undefined on input line 261.



LaTeX Warning: Citation 'sensoy2018edl' on page 11 undefined on input line 261.



LaTeX Warning: Reference `sec:results-implications' on page 11 undefined on inp
ut line 261.


Tight \hbox (badness 10) in paragraph at lines 261--262
\T1/stix2/m/n/12 clas-si-fier un-der un-cer-tainty. The Bayesian tra-di-tion pl
aces a dis-tri-bu-tion over the net-
 []


Tight \hbox (badness 88) in paragraph at lines 261--262
\T1/stix2/m/n/12 work's \T1/stix2/m/it/12 weights \T1/stix2/m/n/12 and marginal
ises over it at in-fer-ence time, ei-ther ex-actly (in-tractable for
 []


Loose \hbox (badness 71) in paragraph at lines 261--262
\T1/stix2/m/n/12 tractable ap-prox-i-ma-tion. Ev-i-den-tial Deep Learn-ing, in-
tro-duced by []
 []


Loose \hbox (badness 53) in paragraph at lines 261--262
\T1/stix2/m/n/12 and adopted as this the-sis's mech-a-nism, in-stead places a d
is-tri-bu-tion over the net-
 []


Loose \hbox (badness 7) in paragraph at lines 261--262
\T1/stix2/m/n/12 work's \T1/stix2/m/it/12 out-put \T1/stix2/m/n/12 ^^V treat-in
g the clas-si-fier's fi-nal layer as pro-duc-ing \T1/stix2/m/it/12 ev-i-dence $
\LS1/stix2/m/it/12 e[] \LS2/stix2cal/m/n/12 g \LS1/stix2/m/n/12 0$ \T1/stix2/m/
n/12 for
 []


Tight \hbox (badness 2) in paragraph at lines 261--262
\T1/stix2/m/n/12 each class $\LS1/stix2/m/it/12 k$\T1/stix2/m/n/12 , in-ter-pre
ted as the pa-ram-e-ters $\LS1/stix2/m/it/12 [] \LS1/stix2/m/n/12 = \LS1/stix2
/m/it/12 e[] \LS1/stix2/m/n/12 + 1$ \T1/stix2/m/n/12 of a Dirich-let dis-tri-bu
-tion over
 []


Loose \hbox (badness 34) in paragraph at lines 261--262
\T1/stix2/m/n/12 the cat-e-gor-i-cal class-probability vec-tor. The pre-dic-tiv
e prob-a-bil-ity for class $\LS1/stix2/m/it/12 k$ \T1/stix2/m/n/12 is the
 []


Loose \hbox (badness 8) in paragraph at lines 261--262
\T1/stix2/m/n/12 Dirich-let mean $[] \LS1/stix2/m/n/12 = \LS1/stix2/m/it/12 []
\LS1/stix2/m/n/12 _\LS1/stix2/m/it/12 S$ \T1/stix2/m/n/12 where $\LS1/stix2/m/i
t/12 S \LS1/stix2/m/n/12 = [][] \LS1/stix2/m/it/12 []$ \T1/stix2/m/n/12 is the
 to-tal Dirich-let strength, and the
 []


Loose \hbox (badness 1) in paragraph at lines 261--262
\T1/stix2/m/n/12 seen lit-tle rel-e-vant ev-i-dence for any class pro-duces low
 $\LS1/stix2/m/it/12 S$ \T1/stix2/m/n/12 and there-fore high vacu-ity,
 []


Loose \hbox (badness 15) in paragraph at lines 261--262
\T1/stix2/m/n/12 re-gard-less of how the avail-able ev-i-dence is dis-tributed 
among classes. Crit-i-cally for
 []


Tight \hbox (badness 7) in paragraph at lines 261--262
\T1/stix2/m/n/12 for-ward pass, un-like en-sem-bling or Monte Carlo dropout, wh
ich re-quire mul-ti-ple for-
 []


Loose \hbox (badness 1) in paragraph at lines 261--262
\T1/stix2/m/n/12 ward passes at in-fer-ence time ^^V a prop-erty [] present as 
EDL's cen-tral
 []


LaTeX Warning: Citation 'yang2024laplacelora' on page 11 undefined on input lin
e 263.


LaTeX Warning: Citation 'wang2024blob' on page 11 undefined on input line 263.


LaTeX Warning: Citation 'samplawski2025scalabl' on page 11 undefined on input l
ine 263.


LaTeX Warning: Citation 'shihab2026stiefelbayes' on page 11 undefined on input 
line 263.


LaTeX Warning: Citation 'duan2026bara' on page 11 undefined on input line 263.


LaTeX Warning: Citation 'zhang2026bayesiansparselora' on page 11 undefined on i
nput line 263.


LaTeX Warning: Citation 'samplawski2026bagym' on page 11 undefined on input lin
e 263.


LaTeX Warning: Citation 'pandey2024bayesianpeft' on page 11 undefined on input 
line 263.


LaTeX Warning: Citation 'gao2024edlsurvey' on page 11 undefined on input line 2
63.


LaTeX Warning: Reference `sec:method-evidential-loss' on page 11 undefined on i
nput line 263.


Tight \hbox (badness 8) in paragraph at lines 263--264
[]\T1/stix2/m/n/12 A body of re-cent work ap-plies Bayesian ma-chin-ery specif-
i-cally to PEFT rather than to
 []


Tight \hbox (badness 35) in paragraph at lines 263--264
\T1/stix2/m/n/12 full net-works. [] (``Laplace-LoRA'') fit a post-hoc Laplace a
p-prox-
 []


Loose \hbox (badness 17) in paragraph at lines 263--264
\T1/stix2/m/n/12 i-ma-tion over a trained LoRA mod-ule's pa-ram-e-ters, sub-sta
n-tially im-prov-ing cal-i-bra-
 []


Tight \hbox (badness 17) in paragraph at lines 263--264
\T1/stix2/m/n/12 tion on language-model bench-marks at low com-pu-ta-tional ove
r-head; []
 []


Tight \hbox (badness 11) in paragraph at lines 263--264
\T1/stix2/m/n/12 (``BLoB'') in-stead learn a vari-a-tional Bayesian pos-te-rior
 over LoRA pa-ram-e-ters dur-ing
 []


Loose \hbox (badness 53) in paragraph at lines 263--264
\T1/stix2/m/n/12 train-ing. A wider land-scape of sim-i-lar Bayesian-LoRA vari-
ants ^^V vari-a-tional sub-
 []


Overfull \hbox (31.06328pt too wide) in paragraph at lines 263--264
\T1/stix2/m/n/12 space in-fer-ence [], Stiefel-manifold pri-ors [],
 []


Overfull \hbox (77.5273pt too wide) in paragraph at lines 263--264
\T1/stix2/m/n/12 adap-tive rank al-lo-ca-tion [], sparse Bayesian pos-te-ri-ors
 [],
 []


Loose \hbox (badness 46) in paragraph at lines 263--264
\T1/stix2/m/n/12 and even a ded-i-cated bench-mark for the sub-field [] ^^V has

 []


Tight \hbox (badness 59) in paragraph at lines 263--264
\T1/stix2/m/n/12 emerged in the last two years, but ev-ery one of these works t
ar-gets \T1/stix2/m/it/12 large lan-guage mod-
 []


Tight \hbox (badness 10) in paragraph at lines 263--264
\T1/stix2/m/it/12 els\T1/stix2/m/n/12 ; none eval-u-ates a frozen \T1/stix2/m/i
t/12 vi-sion \T1/stix2/m/n/12 back-bone, and none ad-dresses the few-shot regim
e.
 []


Overfull \hbox (6.38235pt too wide) in paragraph at lines 263--264
\T1/stix2/m/n/12 A separately-named ``Bayesian-PEFT'' work [] is close enough
 []


Tight \hbox (badness 53) in paragraph at lines 263--264
\T1/stix2/m/n/12 in name to war-rant an ex-plicit note: it stud-ies ViT foun-da
-tion mod-els with a base-rate-
 []


Overfull \hbox (20.15541pt too wide) in paragraph at lines 263--264
\T1/stix2/m/n/12 adjustment and evidential-ensembling mech-a-nism, and does not
 ad-dress the architecture-
 []


Overfull \hbox (27.45609pt too wide) in paragraph at lines 263--264
\T1/stix2/m/n/12 versus-budget ques-tion this the-sis's RQ3 re-solves. [] sur-v
ey the evidential-
 []

[11{/usr/share/texlive/texmf-dist/fonts/enc/dvips/stix2-type1/stix2-mathcal.enc
}{/usr/share/texlive/texmf-dist/fonts/enc/dvips/stix2-type1/stix2-mathex.enc}]

LaTeX Warning: Citation 'bengs2022pitfalls' on page 12 undefined on input line 
265.


LaTeX Warning: Reference `sec:results-rq1' on page 12 undefined on input line 2
65.


LaTeX Warning: Citation 'shen2024mirage' on page 12 undefined on input line 265
.


LaTeX Warning: Reference `sec:results-rq2' on page 12 undefined on input line 2
65.


Loose \hbox (badness 51) in paragraph at lines 265--266
[]\T1/stix2/m/n/12 The ev-i-den-tial mech-a-nism is not with-out doc-u-mented c
aveats. []
 []


Tight \hbox (badness 7) in paragraph at lines 265--266
\T1/stix2/m/n/12 show that naÔve loss-minimisation-based epis-temic un-cer-tain
ty es-ti-ma-tors, in-clud-ing
 []


Tight \hbox (badness 94) in paragraph at lines 265--266
\T1/stix2/m/n/12 limit of in-fi-nite train-ing data ^^V a the-o-ret-i-cal re-su
lt con-sis-tent with, rather than con-tra-
 []


Overfull \hbox (1.93207pt too wide) in paragraph at lines 265--266
\T1/stix2/m/n/12 cal-i-brated across its en-tire tested parameter-budget range 
([]). [] more
 []


Loose \hbox (badness 65) in paragraph at lines 265--266
\T1/stix2/m/n/12 tion this the-sis's own RQ2 ([]) di-rectly en-gages with by as
k-ing whether EDL's ap-
 []


Loose \hbox (badness 53) in paragraph at lines 265--266
\T1/stix2/m/n/12 par-ent un-cer-tainty ben-e-fit sur-vives be-ing sep-a-rated f
rom its ac-com-pa-ny-ing vacu-ity
 []


LaTeX Warning: Citation 'guo2017calibration' on page 12 undefined on input line
 270.


LaTeX Warning: Reference `sec:proto-metrics' on page 12 undefined on input line
 270.


LaTeX Warning: Reference `sec:method-evidence-affine' on page 12 undefined on i
nput line 270.


LaTeX Warning: Citation 'minderer2021revisiting' on page 12 undefined on input 
line 270.


LaTeX Warning: Citation 'tao2024benchmarkcalibration' on page 12 undefined on i
nput line 270.


LaTeX Warning: Reference `sec:results-rq1' on page 12 undefined on input line 2
70.


LaTeX Warning: Citation 'kull2019dirichlet' on page 12 undefined on input line 
270.


Tight \hbox (badness 15) in paragraph at lines 270--271
[] \T1/stix2/m/n/12 es-tab-lished both the di-ag-no-sis and the stan-dard rem-e
dy for mis-
 []


Loose \hbox (badness 22) in paragraph at lines 270--271
\T1/stix2/m/n/12 cal-i-bra-tion: mod-ern high-capacity net-works are sys-tem-at
-i-cally over-con-fi-dent, mea-
 []


Loose \hbox (badness 98) in paragraph at lines 270--271
\T1/stix2/m/n/12 ing the pre-softmax log-its by a sin-gle scalar $\LS1/stix2/m/
it/12 T > \LS1/stix2/m/n/12 1$ \T1/stix2/m/n/12 fit-ted on a held-out val-i-da-
tion
 []


Loose \hbox (badness 6) in paragraph at lines 270--271
\T1/stix2/m/n/12 split ^^V re-cov-ers most of the lost cal-i-bra-tion at es-sen
-tially no ac-cu-racy cost, be-cause
 []


Loose \hbox (badness 1) in paragraph at lines 270--271
\T1/stix2/m/n/12 it is a mono-tone, rank-preserving trans-form. This the-sis us
es tem-per-a-ture scal-ing as
 []


Loose \hbox (badness 26) in paragraph at lines 270--271
\T1/stix2/m/n/12 the stan-dard post-hoc base-line for its softmax-head con-fig-
u-ra-tions through-out, and
 []


Loose \hbox (badness 1) in paragraph at lines 270--271
\T1/stix2/m/n/12 de-signs its own evidential-head ana-logue ([], RQ4) ex-plic-i
tly against this prece-dent.
 []


Tight \hbox (badness 3) in paragraph at lines 270--271
[] \T1/stix2/m/n/12 re-visit the same ques-tion on more re-cent ar-chi-tec-ture
s and
 []


Loose \hbox (badness 63) in paragraph at lines 270--271
\T1/stix2/m/n/12 con-firm the pat-tern per-sists. [] run the largest cal-i-
 []


Loose \hbox (badness 62) in paragraph at lines 270--271
\T1/stix2/m/n/12 bra-tion study to date (117,702 ar-chi-tec-tures) but do not p
er-form a for-mal vari-ance
 []


Loose \hbox (badness 24) in paragraph at lines 270--271
\T1/stix2/m/n/12 that pa-per ^^V leaves the spe-cific an-a-lyt-i-cal method use
d in [] with-out prece-dent at
 []


Loose \hbox (badness 1) in paragraph at lines 270--271
\T1/stix2/m/n/12 word ``Dirich-let'' in an en-tirely dif-fer-ent sense ^^V a ge
neric post-hoc cal-i-bra-tion map
 []


Tight \hbox (badness 30) in paragraph at lines 270--271
\T1/stix2/m/n/12 ap-pli-ca-ble to \T1/stix2/m/it/12 any \T1/stix2/m/n/12 soft-m
ax clas-si-fier's out-put prob-a-bil-i-ties ^^V and must not be con-fused
 []


Loose \hbox (badness 9) in paragraph at lines 270--271
\T1/stix2/m/n/12 with this the-sis's ev-i-den-tial Dirich-let \T1/stix2/m/it/12
 ev-i-dence \T1/stix2/m/n/12 mech-a-nism, which pa-ram-e-terises the
 []

[12]

LaTeX Warning: Citation 'hendrycks2017baseline' on page 13 undefined on input l
ine 275.


LaTeX Warning: Citation 'liu2020energy' on page 13 undefined on input line 275.



LaTeX Warning: Reference `sec:results-rq2' on page 13 undefined on input line 2
75.


LaTeX Warning: Citation 'yang2022openood' on page 13 undefined on input line 27
5.


LaTeX Warning: Citation 'zhang2024openoodv15' on page 13 undefined on input lin
e 275.


Loose \hbox (badness 4) in paragraph at lines 275--276
[] \T1/stix2/m/n/12 pro-pose the sim-plest OOD-detection base-line still in wid
e
 []


Tight \hbox (badness 1) in paragraph at lines 275--276
\T1/stix2/m/n/12 use: the max-i-mum soft-max prob-a-bil-ity (MSP) of a trained 
clas-si-fier, on the rea-son-ing
 []


Loose \hbox (badness 26) in paragraph at lines 275--276
\T1/stix2/m/n/12 that OOD in-puts tend to pro-duce flat-ter, less peaked soft-m
ax dis-tri-bu-tions than in-
 []


Tight \hbox (badness 82) in paragraph at lines 275--276
\T1/stix2/m/n/12 distribution in-puts. [] pro-pose an al-ter-na-tive, training-
free score de-rived
 []


Loose \hbox (badness 3) in paragraph at lines 275--276
\T1/stix2/m/n/12 from the same log-its ^^V the neg-a-tive log-sum-exp ``en-ergy
'' ^^V and show it sep-a-rates
 []


Loose \hbox (badness 18) in paragraph at lines 275--276
\T1/stix2/m/n/12 OOD in-puts more re-li-ably than MSP with-out re-quir-ing any 
change to how the net-
 []


Tight \hbox (badness 2) in paragraph at lines 275--276
\T1/stix2/m/n/12 work was trained; this en-ergy score is the strongest, and mos
t in-con-ve-nient, com-peti-
 []


Tight \hbox (badness 95) in paragraph at lines 275--276
\T1/stix2/m/n/12 tor to this the-sis's own ev-i-den-tial vacu-ity score ([]). [
] and its suc-ces-
 []


Tight \hbox (badness 1) in paragraph at lines 275--276
\T1/stix2/m/n/12 sor [] for-malise the dis-tinc-tion this the-sis re-lies on th
rough-out
 []


Tight \hbox (badness 49) in paragraph at lines 275--276
\T1/stix2/m/n/12 be-tween \T1/stix2/m/it/12 far\T1/stix2/m/n/12 -OOD (in-puts f
rom a se-man-ti-cally un-re-lated do-main, such as SVHN dig-its
 []


Loose \hbox (badness 1) in paragraph at lines 275--276
\T1/stix2/m/n/12 rel-a-tive to natural-image classes) and \T1/stix2/m/it/12 nea
r\T1/stix2/m/n/12 -OOD (in-puts from a se-man-ti-cally re-lated
 []


Loose \hbox (badness 8) in paragraph at lines 275--276
\T1/stix2/m/n/12 but dis-joint set of classes, such as held-out CIFAR-100 class
es), and stan-dard-ise the
 []


LaTeX Warning: Citation 'mcnamara2026vacuity' on page 13 undefined on input lin
e 277.


LaTeX Warning: Citation 'genc2026objectives' on page 13 undefined on input line
 277.


LaTeX Warning: Reference `sec:results-rq2' on page 13 undefined on input line 2
77.


LaTeX Warning: Citation 'krumpl2026onemodel' on page 13 undefined on input line
 277.


LaTeX Warning: Citation 'hayta2026pluginlosses' on page 13 undefined on input l
ine 277.


LaTeX Warning: Reference `sec:results-rq2' on page 13 undefined on input line 2
77.


Tight \hbox (badness 33) in paragraph at lines 277--278
[]\T1/stix2/m/n/12 Two re-cent pa-pers bear di-rectly on this the-sis's method-
ol-ogy and are ad-dressed ex-plic-
 []


Tight \hbox (badness 1) in paragraph at lines 277--278
\T1/stix2/m/n/12 itly rather than left as back-ground. [] show that vacuity-bas
ed
 []


Loose \hbox (badness 40) in paragraph at lines 277--278
\T1/stix2/m/n/12 AU-ROC can be ar-ti-fi-cially in-flated when the num-ber of in
-distribution and out-of-
 []


Tight \hbox (badness 73) in paragraph at lines 277--278
\T1/stix2/m/n/12 distribution classes dif-fer; be-cause ev-ery OOD sam-ple in t
his the-sis's pro-to-col is scored
 []


Tight \hbox (badness 23) in paragraph at lines 277--278
\T1/stix2/m/n/12 un-der the same fixed 5-way episode head, the num-ber of class
es is iden-ti-cal for ID and
 []


Tight \hbox (badness 46) in paragraph at lines 277--278
\T1/stix2/m/n/12 OOD scor-ing through-out, so this arte-fact does not ap-ply to
 the num-bers re-ported here,
 []


Tight \hbox (badness 9) in paragraph at lines 277--278
\T1/stix2/m/n/12 and this the-sis states that ex-plic-itly rather than leav-ing
 it for a reader to have to check.
 []


Loose \hbox (badness 10) in paragraph at lines 277--278
\T1/stix2/m/n/12 tec-tion and ex-plic-itly name, as an open lim-i-ta-tion of th
eir own study, that ob-jec-tive
 []


Tight \hbox (badness 11) in paragraph at lines 277--278
\T1/stix2/m/n/12 and scor-ing rule are not fully sep-a-rated in prior eval-u-a-
tions be-cause ``each ob-jec-tive is
 []


Loose \hbox (badness 14) in paragraph at lines 277--278
\T1/stix2/m/n/12 the con-found this the-sis's RQ2 ([]) is de-signed to re-move,
 though that pa-per's own
 []


Tight \hbox (badness 34) in paragraph at lines 277--278
\T1/stix2/m/n/12 ob-jec-tive, and its pro-to-col does not cover frozen back-bon
es or few-shot episodic eval-u-
 []


Tight \hbox (badness 2) in paragraph at lines 277--278
\T1/stix2/m/n/12 a-tion. [] run a re-lated, larger-scale (56 mod-els $\LS1/stix
2/m/n/12 ù$ \T1/stix2/m/n/12 21 de-tec-tors $\LS1/stix2/m/n/12 ù$
 []


Loose \hbox (badness 3) in paragraph at lines 277--278
\T1/stix2/m/n/12 8 OOD sets) training-method-by-scoring-method anal-y-sis of va
ri-ance the same year,
 []


Loose \hbox (badness 6) in paragraph at lines 277--278
\T1/stix2/m/n/12 a gen-uine method-olog-i-cal prece-dent this the-sis's RQ1 and
 RQ2 must be read along-
 []


Loose \hbox (badness 63) in paragraph at lines 277--278
\T1/stix2/m/n/12 side rather than pre-sented as un-prece-dented in iso-la-tion.
 []
 []


Loose \hbox (badness 10) in paragraph at lines 277--278
\T1/stix2/m/n/12 prove, as a the-o-ret-i-cal re-sult, that a soft-max clas-si-f
ier is a spe-cial case of an ev-i-den-
 []


Loose \hbox (badness 2) in paragraph at lines 277--278
\T1/stix2/m/n/12 tial clas-si-fier un-der a par-tic-u-lar loss fam-ily ^^V a re
-sult that pre-explains, rather than
 []


Loose \hbox (badness 53) in paragraph at lines 277--278
\T1/stix2/m/n/12 merely ob-serves, why this the-sis finds the train-ing ob-jec-
tive con-tributes so lit-tle to
 []

[13]

LaTeX Warning: Citation 'vinyals2016matching' on page 14 undefined on input lin
e 282.


LaTeX Warning: Citation 'ravi2017optimization' on page 14 undefined on input li
ne 282.


LaTeX Warning: Citation 'snell2017protonet' on page 14 undefined on input line 
282.


LaTeX Warning: Reference `sec:method-head' on page 14 undefined on input line 2
82.


LaTeX Warning: Citation 'finn2017maml' on page 14 undefined on input line 282.


LaTeX Warning: Citation 'chen2019closerlook' on page 14 undefined on input line
 282.


LaTeX Warning: Reference `sec:results-param-efficiency' on page 14 undefined on
 input line 282.


LaTeX Warning: Citation 'lee2019metaoptnet' on page 14 undefined on input line 
282.


LaTeX Warning: Citation 'hu2022pmf' on page 14 undefined on input line 282.


LaTeX Warning: Reference `sec:results-positioning' on page 14 undefined on inpu
t line 282.


Loose \hbox (badness 9) in paragraph at lines 282--283
\T1/stix2/m/n/12 Few-shot clas-si-fi-ca-tion is typ-i-cally for-malised as \T1/
stix2/m/it/12 episodic $\LS1/stix2/m/it/12 N$\T1/stix2/m/n/12 -way $\LS1/stix2/
m/it/12 K$\T1/stix2/m/n/12 -shot learn-ing: at
 []


Tight \hbox (badness 6) in paragraph at lines 282--283
\T1/stix2/m/n/12 both train-ing and test time, the model is pre-sented with a s
up-port set of $\LS1/stix2/m/it/12 K$ \T1/stix2/m/n/12 la-belled ex-
 []


Tight \hbox (badness 86) in paragraph at lines 282--283
\T1/stix2/m/n/12 am-ples for each of $\LS1/stix2/m/it/12 N$ \T1/stix2/m/n/12 cl
asses and must clas-sify a dis-joint query set drawn from the same
 []


Overfull \hbox (11.56342pt too wide) in paragraph at lines 282--283
\LS1/stix2/m/it/12 N$ \T1/stix2/m/n/12 classes, with a fresh set of $\LS1/stix2
/m/it/12 N$ \T1/stix2/m/n/12 classes sam-pled for ev-ery episode. []
 []


Overfull \hbox (22.93217pt too wide) in paragraph at lines 282--283
\T1/stix2/m/n/12 no train-able pa-ram-e-ters be-yond the em-bed-ding func-tion 
it-self; this the-sis's own parameter-
 []


Tight \hbox (badness 16) in paragraph at lines 282--283
\T1/stix2/m/n/12 free pro-to-type head ([]) is a di-rect ap-pli-ca-tion of this
 idea, cho-sen specif-i-cally be-cause
 []


Underfull \hbox (badness 125) in paragraph at lines 282--283
\T1/stix2/m/n/12 fer to the dis-joint set of classes seen at test time, whereas
 a similarity-based head
 []


Loose \hbox (badness 45) in paragraph at lines 282--283
\T1/stix2/m/n/12 gen-er-alises to any set of classes by con-struc-tion. [] pro-
pose an al-ter-
 []


Loose \hbox (badness 7) in paragraph at lines 282--283
\T1/stix2/m/n/12 na-tive meta-learning strat-egy, Model-Agnostic Meta-Learning,
 which in-stead learns
 []


Loose \hbox (badness 12) in paragraph at lines 282--283
\T1/stix2/m/n/12 an ini-tial-i-sa-tion from which a small num-ber of gra-di-ent
 steps adapts the \T1/stix2/m/it/12 en-tire \T1/stix2/m/n/12 net-
 []


Loose \hbox (badness 25) in paragraph at lines 282--283
\T1/stix2/m/n/12 com-par-i-son but is not the mech-a-nism used, be-cause it is 
de-signed for full-network
 []


Loose \hbox (badness 3) in paragraph at lines 282--283
\T1/stix2/m/n/12 adap-ta-tion rather than the frozen-backbone, adapter-only set
-ting this the-sis stud-ies.
 []


Overfull \hbox (0.57628pt too wide) in paragraph at lines 282--283
[] \T1/stix2/m/n/12 pro-vide the linear-probing base-line this the-sis in-clude
s as a non-
 []


Loose \hbox (badness 80) in paragraph at lines 282--283
\T1/stix2/m/n/12 PEFT ref-er-ence point, and ad-di-tion-ally show ^^V a find-in
g this the-sis's own linear-
 []


Tight \hbox (badness 61) in paragraph at lines 282--283
\T1/stix2/m/n/12 probe re-sults echo ([]) ^^V that a sim-ple base-line can be a
 sur-pris-ingly strong con-tender
 []


Loose \hbox (badness 84) in paragraph at lines 282--283
\T1/stix2/m/n/12 in low-shot regimes, un-der-cut-ting the as-sump-tion that mor
e so-phis-ti-cated adap-ta-
 []


Tight \hbox (badness 1) in paragraph at lines 282--283
[] \T1/stix2/m/n/12 pro-vide, re-spec-tively, a from-scratch and a foundation-m
odel-pretrained
 []


LaTeX Warning: Citation 'he2016resnet' on page 14 undefined on input line 287.


LaTeX Warning: Citation 'howard2019mobilenetv3' on page 14 undefined on input l
ine 287.


LaTeX Warning: Citation 'somvanshi2025tinydl' on page 14 undefined on input lin
e 287.


LaTeX Warning: Citation 'simeoni2025dinov3' on page 14 undefined on input line 
287.


LaTeX Warning: Citation 'kaya2025cnnvit' on page 14 undefined on input line 287
.


Overfull \hbox (40.20016pt too wide) in paragraph at lines 287--288
\T1/stix2/m/n/12 This the-sis uses ResNet-18 [] and MobileNetV3-Small []
 []


Loose \hbox (badness 86) in paragraph at lines 287--288
\T1/stix2/m/n/12 as its two frozen back-bones, cho-sen specif-i-cally for their
 suit-abil-ity to con-strained
 []


Loose \hbox (badness 2) in paragraph at lines 287--288
\T1/stix2/m/n/12 de-ploy-ment tar-gets rather than for state-of-the-art ac-cu-r
acy. []
 []


Tight \hbox (badness 1) in paragraph at lines 287--288
\T1/stix2/m/n/12 sur-vey the TinyML-to-TinyDL land-scape and doc-u-ment why thi
s choice mat-ters con-
 []


Tight \hbox (badness 5) in paragraph at lines 287--288
\T1/stix2/m/n/12 der 1MB of flash, with in-fer-ence bud-gets un-der 1mW, and ev
en a memory-optimised
 []


Tight \hbox (badness 4) in paragraph at lines 287--288
\T1/stix2/m/n/12 ware against 8--12ms for CNN in-fer-ence on the same class of 
de-vice ^^V an 86-million-
 []


Tight \hbox (badness 71) in paragraph at lines 287--288
\T1/stix2/m/n/12 parameter Vi-sion Trans-former sim-ply does not fit in this en
-ve-lope un-der any quan-ti-sa-
 []


Overfull \hbox (41.77936pt too wide) in paragraph at lines 287--288
\T1/stix2/m/n/12 tion scheme, whereas a 2.5-million-parameter MobileNetV3-Small
 does. []
 []


Loose \hbox (badness 67) in paragraph at lines 287--288
\T1/stix2/m/n/12 rep-re-sent the op-po-site end of the spec-trum, train-ing a r
oughly 7-billion-parameter
 []


Overfull \hbox (9.49228pt too wide) in paragraph at lines 287--288
\T1/stix2/m/n/12 self-supervised Vi-sion Trans-former that leads dense-predicti
on bench-marks with frozen
 []


Tight \hbox (badness 1) in paragraph at lines 287--288
\T1/stix2/m/n/12 fea-tures; this the-sis does not dis-pute that trans-form-ers 
are the strongest back-bones at
 []


Overfull \hbox (36.11536pt too wide) in paragraph at lines 287--288
\T1/stix2/m/n/12 scale, only that the de-ploy-ment tar-get mo-ti-vat-ing this w
ork can-not use one. [],
 []


Loose \hbox (badness 3) in paragraph at lines 287--288
\T1/stix2/m/n/12 study-ing the re-lated low-data do-main of few-shot ge-o-met-r
ic es-ti-ma-tion (rather than
 []


Loose \hbox (badness 9) in paragraph at lines 287--288
\T1/stix2/m/n/12 im-age clas-si-fi-ca-tion ^^V a scope this the-sis is care-ful
 to pre-serve when cit-ing it), find
 []


Tight \hbox (badness 22) in paragraph at lines 287--288
\T1/stix2/m/n/12 that con-vo-lu-tional in-duc-tive bias al-lows CNNs to match V
ision-Transformer ac-cu-racy
 []


Loose \hbox (badness 4) in paragraph at lines 287--288
\T1/stix2/m/n/12 specif-i-cally in low-data regimes, even when the trans-former
 was pre-trained on a far
 []


Loose \hbox (badness 24) in paragraph at lines 287--288
\T1/stix2/m/n/12 larger cor-pus ^^V a pat-tern con-sis-tent with, though not es
-tab-lished for, the few-shot
 []

[14]
Loose \hbox (badness 2) in paragraph at lines 292--293
\T1/stix2/m/n/12 Several in-di-vid-ual works sit close enough to this the-sis's
 de-sign to re-quire di-rect dif-
 []


LaTeX Warning: Citation 'li2022tsa' on page 15 undefined on input line 294.


LaTeX Warning: Reference `sec:method-adapters' on page 15 undefined on input li
ne 294.


Overfull \hbox (9.73839pt too wide) in paragraph at lines 294--295
[][] \T1/stix2/m/n/12 (Task-Specific Adapters, TSA) is the clos-est prior work 
for this the-sis's adapter-
 []


Loose \hbox (badness 9) in paragraph at lines 294--295
\T1/stix2/m/n/12 placement pi-lot: it runs the same serial-versus-parallel adap
ter-placement com-par-i-
 []


Overfull \hbox (3.89537pt too wide) in paragraph at lines 294--295
\T1/stix2/m/n/12 son on a frozen ResNet-18, eval-u-ated over 600 sam-pled episo
dic tasks with a parameter-
 []


Loose \hbox (badness 2) in paragraph at lines 294--295
\T1/stix2/m/n/12 free nearest-centroid head ^^V the same back-bone, the same ep
isode count, the same
 []


Overfull \hbox (3.15154pt too wide) in paragraph at lines 294--295
\T1/stix2/m/n/12 place-ment ques-tion, and the same head-design phi-los-o-phy a
s this the-sis ^^V and reaches
 []


Tight \hbox (badness 32) in paragraph at lines 294--295
\T1/stix2/m/n/12 the same con-clu-sion, that par-al-lel (resid-ual) place-ment 
wins in al-most all cases. TSA's
 []


Loose \hbox (badness 59) in paragraph at lines 294--295
\T1/stix2/m/n/12 own adapters, at 1.57--13.27% of ResNet-18's pa-ram-e-ters, ar
e far above this the-sis's
 []


Loose \hbox (badness 11) in paragraph at lines 294--295
\T1/stix2/m/n/12 6,928--31,746-parameter range, and TSA re-ports nei-ther cal-i
-bra-tion nor OOD de-tec-
 []


Loose \hbox (badness 40) in paragraph at lines 294--295
\T1/stix2/m/n/12 tion. This the-sis's own place-ment ev-i-dence is a sin-gle fo
ur-configuration pi-lot ([])
 []


Loose \hbox (badness 10) in paragraph at lines 294--295
\T1/stix2/m/n/12 rather than an at-scale repli-ca-tion of TSA's own com-par-i-s
on, and it is only par-tially
 []


Tight \hbox (badness 9) in paragraph at lines 294--295
\T1/stix2/m/n/12 con-sis-tent with TSA's find-ing: it agrees on cal-i-bra-tion 
and far-OOD de-tec-tion but ties,
 []


Loose \hbox (badness 35) in paragraph at lines 294--295
\T1/stix2/m/n/12 rather than wins, on ac-cu-racy ^^V a dis-tinc-tion this the-s
is states plainly rather than
 []

[15]

LaTeX Warning: Citation 'shysheya2023fit' on page 16 undefined on input line 29
6.


LaTeX Warning: Citation 'zhang2022tipadapter' on page 16 undefined on input lin
e 296.


LaTeX Warning: Citation 'gao2025clipadapter' on page 16 undefined on input line
 296.


Overfull \hbox (3.13037pt too wide) in paragraph at lines 296--297
[][] \T1/stix2/m/n/12 (FiT) sim-i-larly uses frozen CNN back-bones with FiLM-st
yle adapters
 []


Loose \hbox (badness 1) in paragraph at lines 296--297
\T1/stix2/m/n/12 rather than disjoint-class episodic test-ing. [] (Tip-Adapter)
 and
 []


Overfull \hbox (1.57217pt too wide) in paragraph at lines 296--297
[] \T1/stix2/m/n/12 (CLIP-Adapter) share this the-sis's gen-eral recipe ^^V fre
eze a large
 []


Tight \hbox (badness 99) in paragraph at lines 296--297
\T1/stix2/m/n/12 pre-trained back-bone, at-tach a small adapter, clas-sify with
 few la-belled ex-am-ples ^^V but
 []


Tight \hbox (badness 22) in paragraph at lines 296--297
\T1/stix2/m/n/12 both train and test on the \T1/stix2/m/it/12 same \T1/stix2/m/
n/12 classes rather than a dis-joint held-out set, eval-u-ate one
 []


LaTeX Warning: Citation 'linghu2022bel' on page 16 undefined on input line 298.



LaTeX Warning: Reference `sec:results-rq1' on page 16 undefined on input line 2
98.


LaTeX Warning: Citation 'moralesalvarez2025bayesadapter' on page 16 undefined o
n input line 298.


Underfull \hbox (badness 135) in paragraph at lines 298--299
[][] \T1/stix2/m/n/12 (Bayesian Ev-i-den-tial Learn-ing, BEL) is the near-est e
v-i-den-tial few-
 []


Tight \hbox (badness 1) in paragraph at lines 298--299
\T1/stix2/m/n/12 shot work: it ap-plies ev-i-den-tial Dirich-let un-cer-tainty 
to few-shot episodes on ResNet-
 []


Loose \hbox (badness 17) in paragraph at lines 298--299
\T1/stix2/m/n/12 (ECE 3.59% ver-sus 14.69% on Mini-Im-a-geNet 5-shot) ^^V the o
p-po-site di-rec-tion from
 []


Loose \hbox (badness 60) in paragraph at lines 298--299
\T1/stix2/m/n/12 this the-sis's own find-ing ([]). The two re-sults are not in 
fact con-tra-dic-tory: BEL's
 []


Loose \hbox (badness 10) in paragraph at lines 298--299
\T1/stix2/m/n/12 back-bone is meta-trained end to end and its ev-i-dence is fus
ed across two net-works,
 []


Tight \hbox (badness 9) in paragraph at lines 298--299
\T1/stix2/m/n/12 whereas this the-sis's back-bone is en-tirely frozen and its t
rain-able bud-get is as small as
 []


Loose \hbox (badness 41) in paragraph at lines 298--299
\T1/stix2/m/n/12 ond, in-de-pen-dent data point in the same di-rec-tion as BEL,
 us-ing vari-a-tional Bayes
 []


Tight \hbox (badness 1) in paragraph at lines 298--299
\T1/stix2/m/n/12 over a lin-ear CLIP adapter and re-port-ing cal-i-bra-tion \T1
/stix2/m/it/12 im-prov-ing \T1/stix2/m/n/12 with more ca-pac-ity or
 []


Loose \hbox (badness 1) in paragraph at lines 298--299
\T1/stix2/m/n/12 data than this the-sis's grid pro-vides. Read to-gether, these
 two pa-pers sharpen rather
 []


Loose \hbox (badness 3) in paragraph at lines 298--299
\T1/stix2/m/n/12 than con-tra-dict this the-sis's find-ing: cal-i-bra-tion ap-p
ears to im-prove with a Bayesian
 []


Loose \hbox (badness 25) in paragraph at lines 298--299
\T1/stix2/m/n/12 mech-a-nism once the model has ei-ther a meta-trained back-bon
e or a larger adap-ta-
 []


Loose \hbox (badness 11) in paragraph at lines 298--299
\T1/stix2/m/n/12 tion bud-get than this the-sis stud-ies, and this the-sis's ow
n neg-a-tive re-sult marks out
 []


Loose \hbox (badness 33) in paragraph at lines 298--299
\T1/stix2/m/n/12 where, at the very low end of that ca-pac-ity range, the pat-t
ern re-verses ^^V pre-cisely
 []


LaTeX Warning: Citation 'xin2024vpeftsurvey' on page 16 undefined on input line
 302.


LaTeX Warning: Citation 'somvanshi2025tinydl' on page 16 undefined on input lin
e 302.


LaTeX Warning: Reference `tab:research-gap' on page 16 undefined on input line 
302.


LaTeX Warning: Reference `chapter:methodology' on page 16 undefined on input li
ne 302.


Underfull \hbox (badness 200) in paragraph at lines 302--303
\T1/stix2/m/it/12 and \T1/stix2/m/n/12 cal-i-bra-tion \T1/stix2/m/it/12 and \T1
/stix2/m/n/12 OOD de-tec-tion \T1/stix2/m/it/12 and \T1/stix2/m/n/12 a trainabl
e-parameter bud-get \T1/stix2/m/it/12 and \T1/stix2/m/n/12 a gen-
 []


Underfull \hbox (badness 150) in paragraph at lines 302--303
\T1/stix2/m/n/12 uinely episodic, disjoint-class few-shot pro-to-col \T1/stix2/
m/it/12 and \T1/stix2/m/n/12 an edge-deployable back-bone
 []


Loose \hbox (badness 2) in paragraph at lines 302--303
\T1/stix2/m/n/12 does not ex-ist. Sur-veys of the en-tire ViT-PEFT field [] and
 of the
 []


Tight \hbox (badness 12) in paragraph at lines 302--303
\T1/stix2/m/n/12 en-tire TinyML/TinyDL field [] in-de-pen-dently con-firm this:
 nei-
 []


Underfull \hbox (badness 130) in paragraph at lines 302--303
\T1/stix2/m/n/12 ther dis-cusses cal-i-bra-tion, un-cer-tainty quan-tifi-ca-tio
n, or OOD de-tec-tion at all. []
 []


Loose \hbox (badness 99) in paragraph at lines 302--303
\T1/stix2/m/n/12 each cov-ers a frozen back-bone, a parameter-efficient adapter
, cal-i-bra-tion, or OOD
 []


Loose \hbox (badness 13) in paragraph at lines 302--303
\T1/stix2/m/n/12 de-tec-tion ^^V never all four at once. This is the gap this t
he-sis's B-PEFT sys-tem and
 []

[16]

LaTeX Warning: Citation 'li2022tsa' on page 17 undefined on input line 311.


LaTeX Warning: Citation 'linghu2022bel' on page 17 undefined on input line 312.



LaTeX Warning: Citation 'moralesalvarez2025bayesadapter' on page 17 undefined o
n input line 313.


Overfull \hbox (139.25075pt too wide) in paragraph at lines 307--317
 [][] 
 []


LaTeX Warning: Reference `sec:results-rq2' on page 17 undefined on input line 3
17.


LaTeX Warning: Reference `sec:results-rq3' on page 17 undefined on input line 3
17.


LaTeX Warning: Reference `sec:results-rq2' on page 17 undefined on input line 3
17.


LaTeX Warning: Reference `sec:results-rq3' on page 17 undefined on input line 3
17.


Loose \hbox (badness 5) in paragraph at lines 317--317
[]\T1/stix2/b/n/12 Table 2.1: |\T1/stix2/m/n/12 The research gap: each of the t
hree closest prior works covers some, but
 []


Loose \hbox (badness 3) in paragraph at lines 317--317
\T1/stix2/m/n/12 never all, of the four properties this thesis studies jointly.
 Published comparisons in
 []


Loose \hbox (badness 11) in paragraph at lines 317--317
\T1/stix2/m/n/12 this space typically vary two design axes at once (e.g. traini
ng objective and scoring
 []

[17{/usr/share/texlive/texmf-dist/fonts/enc/dvips/stix2-type1/stix2-mathtt.enc}
]
Chapter 3.

Tight \hbox (badness 25) in paragraph at lines 327--328
\T1/stix2/m/n/12 This chap-ter fixes the em-pir-i-cal ground this the-sis stand
s on be-fore de-scrib-ing the sys-
 []


Tight \hbox (badness 7) in paragraph at lines 327--328
\T1/stix2/m/n/12 tem built on top of it: the datasets and their frozen splits, 
the two back-bone net-works,
 []


Loose \hbox (badness 1) in paragraph at lines 327--328
\T1/stix2/m/n/12 the episodic pro-to-col shared by ev-ery ex-per-i-ment, and th
e met-rics used to re-port ac-
 []


Loose \hbox (badness 7) in paragraph at lines 334--335
\T1/stix2/m/n/12 Two in-distribution (ID) datasets are used, each un-der a cano
n-i-cal, frozen 64/16/20
 []

LaTeX Font Info:    Trying to load font information for TS1+stix2 on input line
 337.
(/usr/share/texlive/texmf-dist/tex/latex/stix2-type1/ts1stix2.fd
File: ts1stix2.fd 2018/04/02 v2.0.0-latex stix2 TS1 font definitions
)

LaTeX Warning: Citation 'krizhevsky2009cifar' on page 18 undefined on input lin
e 337.


LaTeX Warning: Citation 'bertinetto2019r2d2' on page 18 undefined on input line
 337.


Overfull \hbox (2.35089pt too wide) in paragraph at lines 337--338
[]\T1/stix2/b/n/12 CIFAR-FS\T1/stix2/m/n/12 , the few-shot re-or-gan-i-sa-tion 
of CIFAR-100 [] un-
 []


Loose \hbox (badness 1) in paragraph at lines 337--338
\T1/stix2/m/n/12 der the split of []: 100 classes of $\LS1/stix2/m/n/12 32[]32$
 \T1/stix2/m/n/12 nat-u-ral im-ages, par-
 []


LaTeX Warning: Citation 'ravi2017optimization' on page 18 undefined on input li
ne 338.


LaTeX Warning: Citation 'deng2009imagenet' on page 18 undefined on input line 3
38.


Loose \hbox (badness 4) in paragraph at lines 338--339
[]\T1/stix2/b/n/12 MiniImageNet\T1/stix2/m/n/12 , under the split of []: 100 cl
asses drawn
 []


Loose \hbox (badness 30) in paragraph at lines 341--342
[]\T1/stix2/m/n/12 Both splits are treated in this project as frozen artefacts 
and are never regenerated:
 []


Loose \hbox (badness 6) in paragraph at lines 341--342
\T1/stix2/m/n/12 doing so would silently change which classes are held out for 
testing and invalidate
 []


Loose \hbox (badness 47) in paragraph at lines 341--342
\T1/stix2/m/n/12 comparison with every previously reported result. The 20 test 
classes in each split
 []


LaTeX Warning: Citation 'yang2022openood' on page 18 undefined on input line 34
5.

[18

{/usr/share/texlive/texmf-dist/fonts/enc/dvips/stix2-type1/stix2-ts1.enc}]

LaTeX Warning: Citation 'netzer2011svhn' on page 19 undefined on input line 348
.


Underfull \hbox (badness 190) in paragraph at lines 348--349
[]\T1/stix2/b/n/12 SVHN [] \T1/stix2/m/n/12 (far-OOD, both ID datasets) ^^V cro
pped street-view
 []


Loose \hbox (badness 12) in paragraph at lines 349--350
[]\T1/stix2/b/n/12 Synthetic Gaus-sian noise \T1/stix2/m/n/12 (far-OOD, both ID
 datasets) ^^V ran-dom noise im-
 []


Loose \hbox (badness 18) in paragraph at lines 350--351
[]\T1/stix2/b/n/12 CIFAR-100-heldout \T1/stix2/m/n/12 (near-OOD, CIFAR-FS only)
 ^^V classes from CIFAR-100
 []


Underfull \hbox (badness 175) in paragraph at lines 351--352
[]\T1/stix2/b/n/12 MiniImageNet-heldout \T1/stix2/m/n/12 (near-OOD, Mini-Im-a-g
eNet only) ^^V the anal-o-gous
 []


LaTeX Warning: Citation 'le2015tinyimagenet' on page 19 undefined on input line
 352.


LaTeX Warning: Citation 'malinin2018priornetworks' on page 19 undefined on inpu
t line 352.


Overfull \hbox (5.33798pt too wide) in paragraph at lines 352--353
[]\T1/stix2/b/n/12 TinyImageNet [] \T1/stix2/m/n/12 (near-OOD, both ID datasets
) ^^V a broader
 []


Tight \hbox (badness 43) in paragraph at lines 352--353
\T1/stix2/m/n/12 OOD test not in-ter-nal to ei-ther split. [] mo-ti-vate the
 []


Loose \hbox (badness 17) in paragraph at lines 352--353
\T1/stix2/m/n/12 spe-cific dif-fi-culty of near-OOD de-tec-tion this pool is de
-signed to probe: near-
 []


Loose \hbox (badness 22) in paragraph at lines 352--353
\T1/stix2/m/n/12 OOD in-puts are, by con-struc-tion, harder to sep-a-rate from 
ID in-puts than far-
 []


LaTeX Warning: Citation 'deng2009imagenet' on page 19 undefined on input line 3
58.


LaTeX Warning: Reference `sec:method-adapters' on page 19 undefined on input li
ne 358.


Overfull \hbox (8.4074pt too wide) in paragraph at lines 358--359
\T1/stix2/m/n/12 Two back-bones are used through-out, both pre-trained on Im-a-
geNet []
 []


Tight \hbox (badness 2) in paragraph at lines 358--359
\T1/stix2/m/n/12 and \T1/stix2/b/n/12 en-tirely frozen \T1/stix2/m/n/12 dur-ing
 adap-ta-tion (ex-cept in the Full-Fine-Tuning base-line, []): 
 []


LaTeX Warning: Citation 'he2016resnet' on page 19 undefined on input line 361.


Tight \hbox (badness 70) in paragraph at lines 361--362
[]\T1/stix2/b/n/12 ResNet-18 [] \T1/stix2/m/n/12 ^^V a clas-sic resid-ual net-w
ork, ap-prox-i-mately 11.7 mil-
 []


LaTeX Warning: Citation 'howard2019mobilenetv3' on page 19 undefined on input l
ine 362.


Overfull \hbox (42.31084pt too wide) in paragraph at lines 362--363
[]\T1/stix2/b/n/12 MobileNetV3-Small [] \T1/stix2/m/n/12 ^^V a depthwise-separa
ble-convolution
 []


Loose \hbox (badness 12) in paragraph at lines 362--363
\T1/stix2/m/n/12 ram-e-ters, used as the sec-ond back-bone (from Step 8 of the 
project on-ward) to
 []


LaTeX Warning: Reference `sec:related-cnn' on page 19 undefined on input line 3
65.


LaTeX Warning: Reference `sec:method-head' on page 19 undefined on input line 3
65.


Loose \hbox (badness 66) in paragraph at lines 365--366
[]\T1/stix2/m/n/12 Both back-bones are cho-sen specif-i-cally for edge-deployme
nt rel-e-vance rather than
 []


Tight \hbox (badness 1) in paragraph at lines 365--366
\T1/stix2/m/n/12 peak ac-cu-racy ([]); freez-ing them means a con-fig-u-ra-tion
's trainable-parameter count
 []


Overfull \hbox (7.94412pt too wide) in paragraph at lines 365--366
\T1/stix2/m/n/12 since the parameter-free pro-to-type head ([]) con-tributes no
 ad-di-tional train-able weights
 []


LaTeX Warning: Reference `fig:few-shot-episode' on page 19 undefined on input l
ine 370.


Loose \hbox (badness 1) in paragraph at lines 370--371
\T1/stix2/m/n/12 Every ex-per-i-ment in this the-sis fol-lows the same $\LS1/st
ix2/m/it/12 N$\T1/stix2/m/n/12 -way $\LS1/stix2/m/it/12 K$\T1/stix2/m/n/12 -sho
t episodic pro-to-col, il-
 []

<figures/F2_few_shot_episode_compact.png, id=187, 280.4076pt x 157.5486pt>
File: figures/F2_few_shot_episode_compact.png Graphic file (type png)
<use figures/F2_few_shot_episode_compact.png>
Package pdftex.def Info: figures/F2_few_shot_episode_compact.png  used on input
 line 374.
(pdftex.def)             Requested size: 298.75264pt x 167.85413pt.

Loose \hbox (badness 1) in paragraph at lines 375--375
[]\T1/stix2/b/n/12 Figure 3.1: |\T1/stix2/m/n/12 One 5-way, 5-shot episode: a s
upport grid of 5 labelled images per class,
 []


Loose \hbox (badness 5) in paragraph at lines 375--375
\T1/stix2/m/n/12 and a query block of 15 unlabelled images per class to be clas
sified. A fresh set of 5
 []


Tight \hbox (badness 2) in paragraph at lines 375--375
\T1/stix2/m/n/12 classes is sampled for every episode, and the 20 test classes 
are never used to train the
 []

[19]
Loose \hbox (badness 7) in paragraph at lines 380--381
[]\T1/stix2/b/n/12 Task for-mat. \T1/stix2/m/n/12 5-way $\LS1/stix2/m/n/12 ^1\L
S1/stix2/m/it/12 ; \LS1/stix2/m/n/12 5`$\T1/stix2/m/n/12 -shot clas-si-fi-ca-ti
on: each episode sam-ples 5 classes,
 []


Loose \hbox (badness 1) in paragraph at lines 380--381
\LS1/stix2/m/it/12 K \LS1/stix2/m/n/12 À ^1\LS1/stix2/m/it/12 ; \LS1/stix2/m/n/
12 5`$ \T1/stix2/m/n/12 sup-port im-ages per class, and 15 query im-ages per cl
ass to be clas-si-
 []

LaTeX Font Info:    Trying to load font information for T1+lmtt on input line 3
81.
(/usr/share/texmf/tex/latex/lm/t1lmtt.fd
File: t1lmtt.fd 2015/05/01 v1.6.1 Font defs for Latin Modern
)
Overfull \hbox (2.22842pt too wide) in paragraph at lines 381--382
\T1/stix2/m/n/12 in a version-controlled con-fig-u-ra-tion file (\T1/lmtt/m/n/1
2 configs/test_episodes.yaml\T1/stix2/m/n/12 , seeds
 []


Tight \hbox (badness 9) in paragraph at lines 381--382
\T1/stix2/m/n/12 0--599) that is never re-gen-er-ated, so that ev-ery re-ported
 test-time num-ber in this
 []


LaTeX Warning: Reference `sec:method-implementation' on page 20 undefined on in
put line 382.


Overfull \hbox (94.24835pt too wide) in paragraph at lines 382--383
[]\T1/stix2/b/n/12 Validation episodes. \T1/stix2/m/n/12 A dis-joint set of epi
sodes, seeded sep-a-rately (\T1/lmtt/m/n/12 configs/val_episodes.yaml\T1/stix2/
m/n/12 ,
 []


Tight \hbox (badness 4) in paragraph at lines 382--383
\T1/stix2/m/n/12 seeds 10000--10099), is used for early stop-ping dur-ing meta-
training and for any
 []


Loose \hbox (badness 45) in paragraph at lines 382--383
\T1/stix2/m/n/12 hy-per-pa-ram-e-ter se-lec-tion ([]) ^^V the 600 frozen test s
eeds are never used for
 []


LaTeX Warning: Reference `chapter:results' on page 20 undefined on input line 3
83.


Loose \hbox (badness 73) in paragraph at lines 383--384
\T1/stix2/m/n/12 dom seeds (42, 43, 44), and ac-cu-racy, cal-i-bra-tion, and OO
D num-bers are re-
 []


Underfull \hbox (badness 115) in paragraph at lines 383--384
\T1/stix2/m/n/12 as the stan-dard de-vi-a-tion of the per-seed means, the lat-t
er be-ing the cor-rect
 []


Tight \hbox (badness 1) in paragraph at lines 383--384
\T1/stix2/m/n/12 quan-tity for judg-ing whether two con-fig-u-ra-tions dif-fer 
by more than seed noise
 []


Loose \hbox (badness 1) in paragraph at lines 384--385
\T1/stix2/m/n/12 the 20 held-out test classes of the relevant split, which are 
disjoint from the 64
 []

[20{/usr/share/texmf/fonts/enc/dvips/lm/lm-ec.enc} <./figures/F2_few_shot_episo
de_compact.png>]
Tight \hbox (badness 1) in paragraph at lines 392--393
\T1/stix2/m/n/12 Top-1 ac-cu-racy and macro-averaged F1 score are com-puted per
 episode and av-er-aged
 []


Underfull \hbox (badness 127) in paragraph at lines 392--393
\T1/stix2/m/n/12 over the 600 test episodes. In a bal-anced 5-way episode the t
wo track each other
 []


Tight \hbox (badness 60) in paragraph at lines 392--393
\T1/stix2/m/n/12 closely; the gap be-tween them, which widens specif-i-cally at
 1-shot, mea-sures per-class
 []


Tight \hbox (badness 65) in paragraph at lines 392--393
\T1/stix2/m/n/12 im-bal-ance in the er-rors ^^V with only one sup-port im-age p
er class, a sin-gle badly-placed
 []


Loose \hbox (badness 4) in paragraph at lines 392--393
\T1/stix2/m/n/12 pro-to-type pro-duces a re-call col-lapse on that one class th
at macro-F1 pe-nalises more
 []


Tight \hbox (badness 6) in paragraph at lines 396--397
\T1/stix2/m/n/12 The Ex-pected Cal-i-bra-tion Er-ror (ECE) par-ti-tions pre-dic
-tions into $\LS1/stix2/m/it/12 M$ \T1/stix2/m/n/12 equal-width con-
 []


Tight \hbox (badness 33) in paragraph at lines 396--397
\T1/stix2/m/n/12 fi-dence bins $\LS1/stix2/m/it/12 B[]; \LS1/stix2/m/n/12 ß \LS
1/stix2/m/it/12 ; B[]$ \T1/stix2/m/n/12 and mea-sures the av-er-age, bin-size-w
eighted gap be-tween each
 []


LaTeX Warning: Citation 'guo2017calibration' on page 21 undefined on input line
 401.


LaTeX Warning: Reference `sec:method-evidence-affine' on page 21 undefined on i
nput line 401.


Loose \hbox (badness 97) in paragraph at lines 400--402
\T1/stix2/m/n/12 Two vari-ants are re-ported: \T1/stix2/m/it/12 pooled \T1/stix
2/m/n/12 ECE, com-puted over all query pre-dic-tions from
 []


Underfull \hbox (badness 110) in paragraph at lines 400--402
\T1/stix2/m/n/12 sep-a-rately and then av-er-aged ^^V a harsher, small-sample-s
ensitive vari-ant, since a
 []


Loose \hbox (badness 6) in paragraph at lines 400--402
\T1/stix2/m/n/12 sin-gle episode con-tributes only 75 query pre-dic-tions to it
s own cal-i-bra-tion es-ti-mate.
 []


Tight \hbox (badness 83) in paragraph at lines 400--402
\T1/stix2/m/n/12 Temperature-scaled ECE is ad-di-tion-ally re-ported for softma
x-head con-fig-u-ra-tions, fol-
 []


Underfull \hbox (badness 185) in paragraph at lines 400--402
\T1/stix2/m/n/12 low-ing []; tem-per-a-ture scal-ing is not de-fined for the ev
-i-den-tial
 []


Loose \hbox (badness 100) in paragraph at lines 400--402
\T1/stix2/m/n/12 case ([] de-scribes the ev-i-den-tial head's own post-hoc re-c
al-i-bra-tion mech-a-nism in-
 []


Tight \hbox (badness 45) in paragraph at lines 405--407
\T1/stix2/m/n/12 is reported alongside ECE as a proper scoring rule that is sen
sitive to the full predictive
 []


LaTeX Warning: Reference `sec:method-ood-scores' on page 21 undefined on input 
line 410.


Loose \hbox (badness 1) in paragraph at lines 410--411
\T1/stix2/m/n/12 For a cho-sen un-cer-tainty score ([]), OOD-detection qual-ity
 is mea-sured by the Area
 []


Overfull \hbox (23.03922pt too wide) in paragraph at lines 410--411
\T1/stix2/m/n/12 Un-der the Re-ceiver Op-er-at-ing Char-ac-ter-is-tic curve (AU
-ROC) for sep-a-rat-ing in-distribution
 []


Tight \hbox (badness 2) in paragraph at lines 410--411
\T1/stix2/m/n/12 query em-bed-dings from an OOD pool's em-bed-dings, and by the
 False Pos-i-tive Rate at
 []


Loose \hbox (badness 9) in paragraph at lines 410--411
\T1/stix2/m/n/12 95% True Pos-i-tive Rate (FPR@95%TPR) ^^V the frac-tion of OOD
 sam-ples in-cor-rectly
 []


Loose \hbox (badness 62) in paragraph at lines 410--411
\T1/stix2/m/n/12 re-tained as in-distribution when the de-tec-tion thresh-old i
s set to keep 95% of gen-
 []


Tight \hbox (badness 25) in paragraph at lines 410--411
\T1/stix2/m/n/12 uine in-distribution sam-ples. Higher AU-ROC and lower FPR@95 
both in-di-cate bet-ter
 []

[21]

LaTeX Warning: Reference `sec:results-implications' on page 22 undefined on inp
ut line 414.


Loose \hbox (badness 37) in paragraph at lines 414--415
\T1/stix2/m/n/12 Trainable-parameter count (and, where rel-e-vant, its per-cent
-age of the frozen back-
 []


Loose \hbox (badness 11) in paragraph at lines 414--415
\T1/stix2/m/n/12 bone's to-tal pa-ram-e-ter count), in-fer-ence la-tency, and p
eak mem-ory are re-ported for
 []

[22]
Chapter 4.

LaTeX Warning: Reference `fig:pipeline' on page 23 undefined on input line 425.



LaTeX Warning: Reference `sec:method-adapters' on page 23 undefined on input li
ne 425.


LaTeX Warning: Reference `sec:method-training' on page 23 undefined on input li
ne 425.


LaTeX Warning: Reference `sec:method-evidence-affine' on page 23 undefined on i
nput line 425.


LaTeX Warning: Reference `sec:method-ood-scores' on page 23 undefined on input 
line 425.


LaTeX Warning: Reference `sec:method-grid-design' on page 23 undefined on input
 line 425.


Loose \hbox (badness 7) in paragraph at lines 425--426
\T1/stix2/m/n/12 pretrained CNN back-bone ex-tracts im-age em-bed-dings; a smal
l train-able adapter re-
 []


Overfull \hbox (4.11148pt too wide) in paragraph at lines 425--426
\T1/stix2/m/n/12 shapes those em-bed-dings for the cur-rent task, and is the \T
1/stix2/m/it/12 only \T1/stix2/m/n/12 com-po-nent of the pipeline
 []


Tight \hbox (badness 1) in paragraph at lines 425--426
\T1/stix2/m/n/12 whose pa-ram-e-ters are up-dated (with the sole ex-cep-tion of
 the Full-Fine-Tuning base-
 []


Tight \hbox (badness 16) in paragraph at lines 425--426
\T1/stix2/m/n/12 line, []); and a parameter-free pro-to-type head clas-si-fies 
a query im-age by its sim-i-lar-ity
 []


Tight \hbox (badness 36) in paragraph at lines 425--426
\T1/stix2/m/n/12 to each class's support-set pro-to-type, pro-duc-ing raw sim-i
-lar-ity log-its that are then read
 []


Tight \hbox (badness 43) in paragraph at lines 425--426
\T1/stix2/m/n/12 dis-tri-bu-tion yield-ing a prin-ci-pled un-cer-tainty score. 
Each stage is de-scribed in the sec-
 []


Loose \hbox (badness 24) in paragraph at lines 425--426
\T1/stix2/m/n/12 is trained ([]), how its ev-i-den-tial head is re-cal-i-brated
 af-ter train-ing ([]), how OOD
 []

<figures/F4_architecture_pipeline.png, id=218, 598.3956pt x 200.9106pt>
File: figures/F4_architecture_pipeline.png Graphic file (type png)
<use figures/F4_architecture_pipeline.png>
Package pdftex.def Info: figures/F4_architecture_pipeline.png  used on input li
ne 429.
(pdftex.def)             Requested size: 426.79135pt x 143.29742pt.

Tight \hbox (badness 3) in paragraph at lines 430--430
[]\T1/stix2/b/n/12 Figure 4.1: |\T1/stix2/m/n/12 The B-PEFT pipeline. Sup-port 
and query im-ages pass through the frozen
 []


Loose \hbox (badness 5) in paragraph at lines 430--430
\T1/stix2/m/n/12 feed a parameter-free pro-to-type head, whose sim-i-lar-ity lo
g-its are read as ei-ther soft-
 []


Loose \hbox (badness 1) in paragraph at lines 430--430
\T1/stix2/m/n/12 max or ev-i-den-tial (Dirich-let) prob-a-bil-i-ties. Only the 
adapter (or-ange) and, in the ev-
 []


Loose \hbox (badness 2) in paragraph at lines 430--430
\T1/stix2/m/n/12 i-den-tial in-ter-pre-ta-tion, its two evidence-affine pa-ram-
e-ters are trained; the back-bone
 []

[23

]
Tight \hbox (badness 4) in paragraph at lines 437--438
\T1/stix2/m/n/12 Five adap-ta-tion mech-a-nisms are com-pared, cho-sen to span 
the space from zero train-
 []


LaTeX Warning: Citation 'houlsby2019adapters' on page 24 undefined on input lin
e 439.


Tight \hbox (badness 9) in paragraph at lines 439--440
 []\T1/stix2/b/n/12 Bottleneck adapter [].[] \T1/stix2/m/n/12 A down-projection
 to a bot-tle-neck di-
 []


LaTeX Warning: Citation 'he2022unified' on page 24 undefined on input line 444.



LaTeX Warning: Reference `sec:related-positioning' on page 24 undefined on inpu
t line 444.


LaTeX Warning: Citation 'li2022tsa' on page 24 undefined on input line 444.


LaTeX Warning: Citation 'chen2024convadapter' on page 24 undefined on input lin
e 444.


Overfull \hbox (0.52339pt too wide) in paragraph at lines 443--445
\T1/stix2/m/n/12 Following the se-ri-al/-par-al-lel vo-cab-u-lary of [], this t
he-sis tests both place-
 []


Loose \hbox (badness 28) in paragraph at lines 443--445
\T1/stix2/m/n/12 out-put is summed into the block's out-put as an ad-di-tional 
resid-ual branch. Which
 []


Loose \hbox (badness 53) in paragraph at lines 443--445
\T1/stix2/m/n/12 place-ment to adopt as the stand-ing de-fault for the rest of 
the grid was set-tled by a
 []


Loose \hbox (badness 26) in paragraph at lines 443--445
\T1/stix2/m/n/12 sin-gle, four-configuration pi-lot (bot-tle-neck adapters, se-
rial or par-al-lel, crossed with
 []


Loose \hbox (badness 5) in paragraph at lines 443--445
\T1/stix2/m/n/12 both head in-ter-pre-ta-tions, on CIFAR-FS with ResNet-18 only
, at iden-ti-cal trainable-
 []


Overfull \hbox (4.66823pt too wide) in paragraph at lines 443--445
\T1/stix2/m/n/12 parameter counts since place-ment changes only where the adapt
er's out-put is summed,
 []


Tight \hbox (badness 3) in paragraph at lines 443--445
\T1/stix2/m/n/12 not its size): the two place-ments tie on ac-cu-racy (ev-i-den
-tial 0.915 ei-ther way; soft-max
 []


Loose \hbox (badness 1) in paragraph at lines 443--445
\T1/stix2/m/n/12 0.913 ei-ther way), but par-al-lel is mean-ing-fully bet-ter c
al-i-brated for the soft-max head
 []


Loose \hbox (badness 30) in paragraph at lines 443--445
\T1/stix2/m/n/12 i-den-tial head (SVHN 0.933 ver-sus 0.889), with near-OOD clos
ely matched. On the
 []


Loose \hbox (badness 1) in paragraph at lines 443--445
\T1/stix2/m/n/12 strength of this pi-lot, the adapter is in-serted at the fi-na
l resid-ual block of each of the
 []


Loose \hbox (badness 18) in paragraph at lines 443--445
\T1/stix2/m/it/12 par-al-lel \T1/stix2/m/n/12 con-fig-u-ra-tion through-out the
 main 120-run grid, which there-fore never re-
 []


Tight \hbox (badness 31) in paragraph at lines 443--445
\T1/stix2/m/n/12 dence this the-sis's own pro-to-col rests on; [] dis-cusses ho
w it re-lates to the much larger
 []


Underfull \hbox (badness 158) in paragraph at lines 443--445
\T1/stix2/m/n/12 place-ment study of []. Fol-low-ing []'s lo-cal-ity caveat,
 []


Loose \hbox (badness 2) in paragraph at lines 443--445
\T1/stix2/m/n/12 this the-sis's bot-tle-neck pro-jec-tions use $\LS1/stix2/m/n/
12 1[]1$ \T1/stix2/m/n/12 con-vo-lu-tions ap-plied per spa-tial lo-ca-tion
 []


Tight \hbox (badness 25) in paragraph at lines 443--445
\T1/stix2/m/n/12 rather than a fully-connected layer over a flat-tened fea-ture
 map, pre-serv-ing the spa-tial
 []

[24 <./figures/F4_architecture_pipeline.png>]

LaTeX Warning: Citation 'hu2022lora' on page 25 undefined on input line 446.


LaTeX Warning: Citation 'aleem2024convlora' on page 25 undefined on input line 
451.


LaTeX Warning: Citation 'zhong2024convlorasam' on page 25 undefined on input li
ne 451.


LaTeX Warning: Citation 'chen2024convadapter' on page 25 undefined on input lin
e 451.


LaTeX Warning: Reference `sec:results-rq3' on page 25 undefined on input line 4
51.


Underfull \hbox (badness 154) in paragraph at lines 450--452
\T1/stix2/m/n/12 following the con-vo-lu-tional form of LoRA de-vel-oped by [] 
and
 []


Loose \hbox (badness 2) in paragraph at lines 450--452
[] \T1/stix2/m/n/12 rather than the fully-connected form LoRA was orig-i-nally
 []


Loose \hbox (badness 1) in paragraph at lines 450--452
\T1/stix2/m/n/12 pro-posed for. Be-cause the tar-get con-vo-lu-tion is $\LS1/st
ix2/m/n/12 1[]1$\T1/stix2/m/n/12 , the up-date it-self ^^V low-rank or
 []


Tight \hbox (badness 3) in paragraph at lines 450--452
\T1/stix2/m/n/12 not ^^V still pre-serves per-pixel spa-tial lo-cal-ity, so it 
does not straight-for-wardly fall into
 []


Underfull \hbox (badness 115) in paragraph at lines 450--452
\T1/stix2/m/n/12 the locality-loss fail-ure mode [] de-scribe for fully-connect
ed-
 []


Tight \hbox (badness 8) in paragraph at lines 450--452
\T1/stix2/m/n/12 style adapters; this the-sis treats the LoRA-versus-bottleneck
 com-par-i-son ([]) as a sep-
 []


Loose \hbox (badness 1) in paragraph at lines 450--452
\T1/stix2/m/n/12 a-rate, cor-rob-o-rat-ing data point rather than an in-stance 
of that already-named mech-
 []

<figures/F5a_adapter_zooms.png, id=234, 468.3096pt x 172.0026pt>
File: figures/F5a_adapter_zooms.png Graphic file (type png)
<use figures/F5a_adapter_zooms.png>
Package pdftex.def Info: figures/F5a_adapter_zooms.png  used on input line 455.

(pdftex.def)             Requested size: 426.79135pt x 156.76143pt.

Loose \hbox (badness 25) in paragraph at lines 456--456
\T1/stix2/m/n/12 al-lel bot-tle-neck, a down-project/ReLU/up-project side branc
h added at ev-ery stage;
 []


LaTeX Warning: Citation 'benzaken2022bitfit' on page 25 undefined on input line
 460.


Loose \hbox (badness 48) in paragraph at lines 460--461
 []\T1/stix2/b/n/12 BitFit [].[] \T1/stix2/m/n/12 Only the bias terms of the ba
ck-bone's con-vo-lu-tional
 []


Loose \hbox (badness 14) in paragraph at lines 460--461
\T1/stix2/m/n/12 and nor-mal-i-sa-tion lay-ers are un-frozen, leav-ing all weig
ht ten-sors un-touched ^^V the
 []

[25 <./figures/F5a_adapter_zooms.png>]

LaTeX Warning: Reference `sec:results-param-efficiency' on page 26 undefined on
 input line 462.


Tight \hbox (badness 1) in paragraph at lines 462--463
 []\T1/stix2/b/n/12 Full-Fine-Tuning (base-line).[] \T1/stix2/m/n/12 Ev-ery bac
k-bone pa-ram-e-ter is train-able, in-cluded as
 []


Underfull \hbox (badness 171) in paragraph at lines 462--463
\T1/stix2/m/n/12 the pro-posal's manda-tory non-PEFT ref-er-ence point and as t
he em-pir-i-cal demon-
 []


Underfull \hbox (badness 147) in paragraph at lines 462--463
\T1/stix2/m/n/12 stra-tion of \T1/stix2/m/it/12 why \T1/stix2/m/n/12 PEFT is ne
c-es-sary in this regime: with only 5--25 la-belled im-ages
 []


Tight \hbox (badness 1) in paragraph at lines 462--463
\T1/stix2/m/n/12 catas-trophic over-fit-ting, and [] quan-ti-fies ex-actly how 
much ac-cu-racy and pa-ram-e-ter
 []


LaTeX Warning: Citation 'chen2019closerlook' on page 26 undefined on input line
 464.


LaTeX Warning: Reference `sec:results-param-efficiency' on page 26 undefined on
 input line 464.


Tight \hbox (badness 56) in paragraph at lines 464--465
 []\T1/stix2/b/n/12 Linear-Probe (base-line).[] \T1/stix2/m/n/12 No back-bone p
a-ram-e-ter is trained at all; the frozen back-
 []


Overfull \hbox (39.01208pt too wide) in paragraph at lines 464--465
\T1/stix2/m/n/12 bone's own fea-tures are used di-rectly by the pro-to-type hea
d. Fol-low-ing []'s
 []


Overfull \hbox (16.3443pt too wide) in paragraph at lines 464--465
\T1/stix2/m/n/12 find-ing that sim-ple base-lines are some-times sur-pris-ingly
 com-pet-i-tive in low-shot regimes,
 []


Tight \hbox (badness 1) in paragraph at lines 464--465
\T1/stix2/m/n/12 this con-fig-u-ra-tion is in-cluded specif-i-cally to test whe
ther adap-ta-tion is earn-ing its pa-
 []


LaTeX Warning: Citation 'snell2017protonet' on page 26 undefined on input line 
469.


Tight \hbox (badness 24) in paragraph at lines 469--470
\T1/stix2/m/n/12 Classification is performed by a Prototypical-Network-style he
ad []:
 []


Loose \hbox (badness 1) in paragraph at lines 473--475
\T1/stix2/m/n/12 is classified by its scaled cosine similarity to each prototyp
e, giving one raw logit per
 []


LaTeX Warning: Reference `sec:proto-episodic' on page 26 undefined on input lin
e 479.


Loose \hbox (badness 19) in paragraph at lines 478--480
\T1/stix2/m/n/12 is through the embedding function $\LS1/stix2/m/it/12 f[]$\T1/
stix2/m/n/12 . This design choice is deliberate rather than
 []


Loose \hbox (badness 46) in paragraph at lines 478--480
\T1/stix2/m/n/12 incidental ^^V a trainable linear classification head, once fi
t to the 64 meta-training
 []


Tight \hbox (badness 9) in paragraph at lines 478--480
\T1/stix2/m/n/12 time, whereas a similarity-based head is defined for any set o
f classes by construction,
 []


Tight \hbox (badness 1) in paragraph at lines 478--480
\T1/stix2/m/it/12 same episode's \T1/stix2/m/n/12 support set. This is a delibe
rate, documented departure from the naive
 []


Tight \hbox (badness 4) in paragraph at lines 478--480
\T1/stix2/m/n/12 reading of the original research proposal, which had assumed a
 trainable linear head;
 []


Loose \hbox (badness 1) in paragraph at lines 478--480
\T1/stix2/m/n/12 the switch was made once the disjoint-class evaluation protoco
l ([]) made clear that
 []


Loose \hbox (badness 13) in paragraph at lines 478--480
\T1/stix2/m/n/12 a linear head trained on the 64 base classes cannot be evaluat
ed on the 20 held-out
 []


Tight \hbox (badness 12) in paragraph at lines 478--480
\T1/stix2/m/n/12 adaptation budget) or accepting that its logits are meaningles
s for classes it never saw. 
 []

[26{/usr/share/texlive/texmf-dist/fonts/enc/dvips/stix2-type1/stix2-mathscr.enc
}]

LaTeX Warning: Citation 'snell2017protonet' on page 27 undefined on input line 
481.


LaTeX Warning: Reference `sec:method-evidence-affine' on page 27 undefined on i
nput line 481.


LaTeX Warning: Citation 'chen2019closerlook' on page 27 undefined on input line
 481.


LaTeX Warning: Citation 'snell2017protonet' on page 27 undefined on input line 
481.


Loose \hbox (badness 2) in paragraph at lines 481--482
[]\T1/stix2/m/n/12 Every con-fig-u-ra-tion in this the-sis uses scaled co-sine 
sim-i-lar-ity rather than the neg-a-
 []


Loose \hbox (badness 28) in paragraph at lines 481--482
\T1/stix2/m/n/12 Pro-to-typ-i-cal Net-works. This is a de-lib-er-ate de-par-tur
e, made for two rea-sons rather
 []


Tight \hbox (badness 1) in paragraph at lines 481--482
\T1/stix2/m/n/12 than by de-fault: raw Euclidean-distance log-its from a ResNet
-18 em-bed-ding are large
 []


Loose \hbox (badness 6) in paragraph at lines 481--482
\T1/stix2/m/n/12 and neg-a-tive, which is pre-cisely what col-lapsed the ev-i-d
en-tial map-ping in [] be-fore
 []


Loose \hbox (badness 12) in paragraph at lines 481--482
\T1/stix2/m/n/12 the affine rescal-ing was in-tro-duced, whereas co-sine sim-i-
lar-ity is bounded in $\LS1/stix2/m/n/12 [*\LS1/stix2/m/it/12 ^^\; ^^\\LS1/stix
2/m/n/12 ]$
 []


Loose \hbox (badness 14) in paragraph at lines 481--482
\T1/stix2/m/n/12 by con-struc-tion; and us-ing the same met-ric for both head i
n-ter-pre-ta-tions keeps the
 []


Loose \hbox (badness 28) in paragraph at lines 481--482
\T1/stix2/m/n/12 softmax-versus-evidential com-par-i-son from be-ing con-founde
d with a met-ric choice
 []


Loose \hbox (badness 86) in paragraph at lines 481--482
\T1/stix2/m/n/12 as well. Cosine-similarity pro-to-type clas-si-fiers are them-
selves a stan-dard few-shot
 []


Tight \hbox (badness 2) in paragraph at lines 481--482
\T1/stix2/m/n/12 base-line, fol-low-ing []'s cosine-similarity clas-si-fier. No
 Euclidean-
 []


Tight \hbox (badness 29) in paragraph at lines 481--482
\T1/stix2/m/n/12 distance run was re-peated un-der this the-sis's fi-nal train-
ing recipe, so the ac-cu-racy cost
 []


Tight \hbox (badness 15) in paragraph at lines 481--482
\T1/stix2/m/n/12 mea-sured here and is stated as an open ques-tion rather than 
as-sumed to be neg-li-gi-ble. 
 []


LaTeX Warning: Reference `eq:proto-logit' on page 27 undefined on input line 48
6.


LaTeX Warning: Reference `sec:method-grid-design' on page 27 undefined on input
 line 486.


Tight \hbox (badness 81) in paragraph at lines 486--487
\T1/stix2/m/n/12 The prototype head's raw logits $\LS1/stix2/m/it/12 z[]\LS1/st
ix2/m/n/12 .\LS1/stix2/m/it/12 x\LS1/stix2/m/n/12 /$ \T1/stix2/m/n/12 from [] a
re, by design, a fixed quantity computed
 []


Loose \hbox (badness 8) in paragraph at lines 486--487
\T1/stix2/m/n/12 identically regardless of what happens next; \T1/stix2/m/it/12
 head interpretation \T1/stix2/m/n/12 is a separate design
 []


LaTeX Warning: Reference `sec:method-ood-scores' on page 27 undefined on input 
line 490.


Loose \hbox (badness 44) in paragraph at lines 490--491
\T1/stix2/m/n/12 The standard reading: $[] \LS1/stix2/m/n/12 = [].\LS1/stix2/m/
it/12 z\LS1/stix2/m/n/12 /[]$\T1/stix2/m/n/12 , with prediction confidence give
n by the
 []

<figures/F6a_head_two_readouts.png, id=255, 540.5796pt x 135.8676pt>
File: figures/F6a_head_two_readouts.png Graphic file (type png)
<use figures/F6a_head_two_readouts.png>
Package pdftex.def Info: figures/F6a_head_two_readouts.png  used on input line 
496.
(pdftex.def)             Requested size: 362.77525pt x 91.18007pt.

Underfull \hbox (badness 111) in paragraph at lines 497--497
[]\T1/stix2/b/n/12 Figure 4.3: |\T1/stix2/m/n/12 One set of raw sim-i-lar-ity l
og-its, read two ways: soft-max prob-a-bil-i-ties
 []


Loose \hbox (badness 11) in paragraph at lines 497--497
\T1/stix2/m/n/12 scored by MSP/en-ergy, or Dirich-let ev-i-dence scored by vacu
-ity. The two in-ter-pre-ta-
 []

[27]

LaTeX Warning: Citation 'sensoy2018edl' on page 28 undefined on input line 501.



Tight \hbox (badness 17) in paragraph at lines 501--502
\T1/stix2/m/n/12 for each class, from which Dirich-let con-cen-tra-tion pa-ram-
e-ters $\LS1/stix2/m/it/12 [] \LS1/stix2/m/n/12 = \LS1/stix2/m/it/12 e[] \LS1/
stix2/m/n/12 + 1$ \T1/stix2/m/n/12 are formed,
 []


Loose \hbox (badness 8) in paragraph at lines 501--502
\T1/stix2/m/n/12 temic un-cer-tainty (vacu-ity) $\LS1/stix2/m/it/12 u \LS1/stix
2/m/n/12 = \LS1/stix2/m/it/12 K\LS1/stix2/m/n/12 _\LS1/stix2/m/it/12 S$ \T1/sti
x2/m/n/12 for $\LS1/stix2/m/it/12 K \LS1/stix2/m/n/12 = 5$ \T1/stix2/m/n/12 cla
sses ^^V a net-work with lit-tle ev-i-
 []


LaTeX Warning: Reference `eq:proto-logit' on page 28 undefined on input line 50
3.


Tight \hbox (badness 1) in paragraph at lines 503--504
[]\T1/stix2/m/n/12 The mapping from logit to evidence is the single most conseq
uential implementation
 []


Tight \hbox (badness 9) in paragraph at lines 503--504
\T1/stix2/m/n/12 detail in this thesis, and it is worth explaining why. The ori
ginally proposed mapping,
 []


Loose \hbox (badness 30) in paragraph at lines 503--504
\T1/stix2/m/n/12 to this thesis's similarity-based logits from [], this mapping
 fails silently: negative-
 []


Tight \hbox (badness 70) in paragraph at lines 503--504
\T1/stix2/m/n/12 squared-distance logits from a ResNet-18 embedding space are l
arge in magnitude and
 []


Tight \hbox (badness 69) in paragraph at lines 503--504
\T1/stix2/m/n/12 almost always negative, so $[]\LS1/stix2/m/n/12 .\LS1/stix2/m/
it/12 z[]\LS1/stix2/m/n/12 / = 0$ \T1/stix2/m/n/12 for essentially every class 
in essentially every
 []


Tight \hbox (badness 55) in paragraph at lines 503--504
\T1/stix2/m/n/12 episode, collapsing the Dirichlet distribution to uniform ($\L
S1/stix2/m/it/12 [] \LS1/stix2/m/n/12 = 1$ \T1/stix2/m/n/12 for all $\LS1/stix
2/m/it/12 n$\T1/stix2/m/n/12 ) regardless of
 []


Tight \hbox (badness 4) in paragraph at lines 503--504
\T1/stix2/m/n/12 the input, and producing dead gradients throughout training. T
his is exactly the class
 []


Loose \hbox (badness 37) in paragraph at lines 503--504
\T1/stix2/m/n/12 of failure the project's implementation guidance warns to watc
h for: a mechanism
 []


Loose \hbox (badness 7) in paragraph at lines 503--504
\T1/stix2/m/n/12 drawn correctly from its source paper, but silently broken by 
an assumption (small-
 []


Tight \hbox (badness 3) in paragraph at lines 503--504
\T1/stix2/m/n/12 magnitude, sign-mixed logits) that does not hold for this thes
is's specific head design.
 []


Tight \hbox (badness 1) in paragraph at lines 503--504
\T1/stix2/m/n/12 The corrected mapping introduces a learned affine rescaling be
fore the non-linearity,
 []


LaTeX Warning: Reference `eq:evidence-affine' on page 28 undefined on input lin
e 508.


Tight \hbox (badness 92) in paragraph at lines 507--509
\T1/stix2/m/n/12 The two pa-ram-e-ters $[]$ and $[]$ are the \T1/stix2/m/it/12 
only \T1/stix2/m/n/12 train-able pa-ram-e-ters this map-ping adds
 []


Tight \hbox (badness 78) in paragraph at lines 507--509
\T1/stix2/m/n/12 ^^V ex-actly two ^^V which is why an evidential-head con-fig-u
-ra-tion's trainable-parameter
 []


Loose \hbox (badness 13) in paragraph at lines 507--509
\T1/stix2/m/n/12 count is al-ways two more than the cor-re-spond-ing softmax-he
ad con-fig-u-ra-tion's (for
 []


Loose \hbox (badness 48) in paragraph at lines 507--509
\T1/stix2/m/n/12 ex-am-ple, 31,746 ver-sus 31,744 for the ResNet-18 parallel-bo
ttleneck adapter). This
 []


Underfull \hbox (badness 107) in paragraph at lines 507--509
\T1/stix2/m/n/12 map-ping ^^V [] ^^V is im-ple-mented once and shared, by de-si
gn, be-tween the train-
 []


Loose \hbox (badness 18) in paragraph at lines 507--509
\T1/stix2/m/n/12 silently drift apart and rein-tro-duce the same col-lapse fail
-ure in only one of the two
 []

[28 <./figures/F6a_head_two_readouts.png>]

LaTeX Warning: Reference `eq:proto-logit' on page 29 undefined on input line 52
2.


LaTeX Warning: Reference `eq:proto-logit' on page 29 undefined on input line 52
2.


Loose \hbox (badness 8) in paragraph at lines 522--522
[]\T1/stix2/b/n/12 Table 4.1: |\T1/stix2/m/n/12 The two head interpretations co
mpared. Both read the same underlying
 []


Loose \hbox (badness 5) in paragraph at lines 522--522
\T1/stix2/m/n/12 similarity logits ([]); they differ only in the transform appl
ied afterward and its two
 []


LaTeX Warning: Citation 'sensoy2018edl' on page 29 undefined on input line 529.



LaTeX Warning: Citation 'gao2024edlsurvey' on page 29 undefined on input line 5
29.


LaTeX Warning: Reference `eq:evidence-affine' on page 29 undefined on input lin
e 529.


LaTeX Warning: Reference `chapter:results' on page 29 undefined on input line 5
29.


Tight \hbox (badness 1) in paragraph at lines 529--530
\T1/stix2/m/n/12 Following [], the ev-i-den-tial head is trained with the Type-
II maximum-
 []


Tight \hbox (badness 89) in paragraph at lines 529--530
\T1/stix2/m/n/12 likelihood ev-i-den-tial loss ^^V the ex-pected sum-of-squares
 er-ror of the pre-dicted Dirich-
 []


Tight \hbox (badness 1) in paragraph at lines 529--530
\T1/stix2/m/n/12 ^^V plus a Kullback--Leibler di-ver-gence term that reg-u-lari
ses the \T1/stix2/m/it/12 ev-i-dence \T1/stix2/m/n/12 for in-cor-rect
 []


Loose \hbox (badness 96) in paragraph at lines 529--530
\T1/stix2/m/n/12 classes to-ward zero, i.e. to-ward the uni-form Dirich-let pri
or, for correctly-classified
 []


Loose \hbox (badness 16) in paragraph at lines 529--530
\T1/stix2/m/n/12 ex-am-ples only. [] doc-u-ment the stan-dard de-sign ra-tio-na
le for this
 []


Loose \hbox (badness 57) in paragraph at lines 529--530
\T1/stix2/m/n/12 work from ac-cu-mu-lat-ing spu-ri-ous ev-i-dence for wrong cla
sses, since spread-ing ev-i-
 []


Loose \hbox (badness 79) in paragraph at lines 529--530
\T1/stix2/m/n/12 ap-ply-ing the full KL penalty from the first train-ing step c
an sup-press the net-work
 []


Tight \hbox (badness 2) in paragraph at lines 529--530
\T1/stix2/m/n/12 from pro-duc-ing \T1/stix2/m/it/12 any \T1/stix2/m/n/12 con-fi
-dent ev-i-dence be-fore it has learned to dis-crim-i-nate be-tween
 []


Tight \hbox (badness 29) in paragraph at lines 529--530
\T1/stix2/m/n/12 classes at all, the KL term's weight is an-nealed in from zero
 over the early part of train-
 []


Loose \hbox (badness 38) in paragraph at lines 529--530
\T1/stix2/m/n/12 ing rather than ap-plied at full strength im-me-di-ately ^^V a
 sta-bil-i-sa-tion this project's
 []


Tight \hbox (badness 10) in paragraph at lines 529--530
\T1/stix2/m/n/12 own early de-vel-op-ment his-tory (an ini-tial con-fig-u-ra-ti
on that dis-abled the KL term en-
 []


Tight \hbox (badness 78) in paragraph at lines 529--530
\T1/stix2/m/n/12 tirely and used cross-entropy di-rectly on the soft-plus ev-i-
dence) showed to be nec-es-sary
 []


Loose \hbox (badness 12) in paragraph at lines 529--530
\T1/stix2/m/n/12 em-pir-i-cally, not merely as a the-o-ret-i-cal nicety: cor-re
ct-ing this sin-gle is-sue, to-gether
 []


LaTeX Warning: Reference `eq:prototype' on page 29 undefined on input line 534.



LaTeX Warning: Reference `eq:proto-logit' on page 29 undefined on input line 53
4.


LaTeX Warning: Reference `sec:method-evidential-loss' on page 29 undefined on i
nput line 534.


LaTeX Warning: Reference `sec:proto-episodic' on page 29 undefined on input lin
e 534.


LaTeX Warning: Reference `chapter:results' on page 29 undefined on input line 5
34.


Loose \hbox (badness 44) in paragraph at lines 534--535
\T1/stix2/m/n/12 The adapter (and, in the ev-i-den-tial con-fig-u-ra-tion, the 
two evidence-affine pa-ram-e-
 []


Tight \hbox (badness 2) in paragraph at lines 534--535
\T1/stix2/m/n/12 ters) is meta-trained by sam-pling many episodes per epoch fro
m the 64 meta-training
 []


Loose \hbox (badness 4) in paragraph at lines 534--535
\T1/stix2/m/n/12 cur-rent adapter, of ev-ery sup-port and query im-age in the s
am-pled episode; (2) com-
 []


Tight \hbox (badness 5) in paragraph at lines 534--535
\T1/stix2/m/n/12 put-ing class pro-to-types from the sup-port em-bed-dings ([])
; (3) com-put-ing query log-its
 []


Tight \hbox (badness 6) in paragraph at lines 534--535
\T1/stix2/m/n/12 by sim-i-lar-ity to each pro-to-type ([]); (4) com-put-ing the
 train-ing loss ap-pro-pri-ate to the
 []


Tight \hbox (badness 33) in paragraph at lines 534--535
\T1/stix2/m/n/12 con-fig-ured head in-ter-pre-ta-tion ([] for ev-i-den-tial, st
an-dard cross-entropy for soft-max);
 []


Loose \hbox (badness 2) in paragraph at lines 534--535
\T1/stix2/m/n/12 and (5) back-prop-a-gat-ing through the adapter only, since th
e back-bone is frozen and
 []


Loose \hbox (badness 25) in paragraph at lines 534--535
\T1/stix2/m/n/12 episodes per epoch, with per-for-mance on a fixed stream of va
l-i-da-tion episodes ([])
 []


Loose \hbox (badness 73) in paragraph at lines 534--535
\T1/stix2/m/n/12 checked af-ter ev-ery epoch and train-ing stopped once val-i-d
a-tion ac-cu-racy plateaus.
 []


Loose \hbox (badness 4) in paragraph at lines 534--535
\T1/stix2/m/n/12 re-placed an ear-lier, sim-pler single-fixed-episode pro-ce-du
re used in the project's first
 []


Loose \hbox (badness 1) in paragraph at lines 534--535
\T1/stix2/m/n/12 three de-vel-op-ment steps, in which 200 di-rect gra-di-ent st
eps were taken on one fixed
 []

[29{/usr/share/texlive/texmf-dist/fonts/enc/dvips/stix2-type1/stix2-mathsf.enc}
]

LaTeX Warning: Reference `eq:evidence-affine' on page 30 undefined on input lin
e 539.


LaTeX Warning: Reference `sec:results-rq4' on page 30 undefined on input line 5
39.


LaTeX Warning: Reference `sec:results-rq4' on page 30 undefined on input line 5
39.


Tight \hbox (badness 2) in paragraph at lines 539--540
\T1/stix2/m/n/12 The two evidence-affine pa-ram-e-ters of [] ^^V $[]$ and $[]$ 
^^V are \T1/stix2/m/it/12 not \T1/stix2/m/n/12 frozen: they are
 []


Loose \hbox (badness 37) in paragraph at lines 539--540
\T1/stix2/m/n/12 ini-tialised at $\LS1/stix2/m/n/12 .2\LS1/stix2/m/it/12 ; \LS1
/stix2/m/n/12 *6/$ \T1/stix2/m/n/12 and learned jointly with the adapter dur-in
g meta-training, the
 []


Loose \hbox (badness 37) in paragraph at lines 539--540
\T1/stix2/m/n/12 same as any other train-able pa-ram-e-ter in that con-fig-u-ra
-tion. Across the ev-i-den-tial
 []


Loose \hbox (badness 8) in paragraph at lines 539--540
\T1/stix2/m/n/12 check-points in the main grid they move to a range of roughly 
$[] \LS1/stix2/m/n/12 À [1\LS1/stix2/m/it/12 :\LS1/stix2/m/n/12 5\LS1/stix2/m/i
t/12 ; \LS1/stix2/m/n/12 4\LS1/stix2/m/it/12 :\LS1/stix2/m/n/12 5]$ \T1/stix2/m
/n/12 and
 []


Loose \hbox (badness 10) in paragraph at lines 539--540
[] \LS1/stix2/m/n/12 À [*9\LS1/stix2/m/it/12 :\LS1/stix2/m/n/12 3\LS1/stix2/m/i
t/12 ; \LS1/stix2/m/n/12 *5\LS1/stix2/m/it/12 :\LS1/stix2/m/n/12 6]$ \T1/stix2/
m/n/12 ^^V i.e. ev-ery con-fig-u-ra-tion ends train-ing at its own point, not a
t
 []


Tight \hbox (badness 3) in paragraph at lines 539--540
\T1/stix2/m/n/12 the shared ini-tial value. RQ4 ([]) asks a dis-tinct ques-tion
: if these two pa-ram-e-ters are
 []


Tight \hbox (badness 18) in paragraph at lines 539--540
\T1/stix2/m/n/12 in-stead \T1/stix2/m/it/12 re-fit af-ter train-ing\T1/stix2/m/
n/12 , hold-ing the adapter it-self fixed, on that con-fig-u-ra-tion's own
 []


Underfull \hbox (badness 119) in paragraph at lines 539--540
\T1/stix2/m/n/12 val-i-da-tion episodes, does the ev-i-den-tial head's cal-i-br
a-tion im-prove fur-ther be-yond
 []


Tight \hbox (badness 1) in paragraph at lines 539--540
\T1/stix2/m/n/12 in each \T1/stix2/m/it/12 in-di-vid-ual \T1/stix2/m/n/12 logit
 but vacu-ity ($\LS1/stix2/m/it/12 u \LS1/stix2/m/n/12 = \LS1/stix2/m/it/12 K\L
S1/stix2/m/n/12 _\LS1/stix2/m/it/12 S$\T1/stix2/m/n/12 ) is a func-tion of \T1/
stix2/m/it/12 all $\LS1/stix2/m/it/12 K$ \T1/stix2/m/n/12 log-its jointly, does

 []


Loose \hbox (badness 4) in paragraph at lines 539--540
\T1/stix2/m/n/12 the head's OOD rank-ing sur-vive the re-fit? Un-like tem-per-a
-ture scal-ing for a soft-max
 []


Loose \hbox (badness 11) in paragraph at lines 539--540
\T1/stix2/m/n/12 whether rank-ing is pre-served is treated in this the-sis as a
n em-pir-i-cal ques-tion to be
 []


LaTeX Warning: Citation 'yang2022openood' on page 30 undefined on input line 54
4.


LaTeX Warning: Reference `sec:proto-datasets' on page 30 undefined on input lin
e 544.


Tight \hbox (badness 66) in paragraph at lines 544--545
\T1/stix2/m/n/12 Four uncertainty scores are computed and compared throughout t
his thesis, following
 []


Tight \hbox (badness 16) in paragraph at lines 544--545
[]\T1/stix2/m/n/12 's near/far taxonomy for the OOD pools they are evaluated ag
ainst
 []

[30]

LaTeX Warning: Reference `sec:method-evidence-affine' on page 31 undefined on i
nput line 547.


Loose \hbox (badness 82) in paragraph at lines 547--548
[]\T1/stix2/b/n/12 Vacuity \T1/stix2/m/n/12 ($\LS1/stix2/m/it/12 u \LS1/stix2/m
/n/12 = \LS1/stix2/m/it/12 K\LS1/stix2/m/n/12 _\LS1/stix2/m/it/12 S$\T1/stix2/m
/n/12 , evidential head only) ^^V this thesis's primary evidential
 []


LaTeX Warning: Citation 'hendrycks2017baseline' on page 31 undefined on input l
ine 548.


Tight \hbox (badness 8) in paragraph at lines 548--549
[]\T1/stix2/b/n/12 Maximum soft-max prob-a-bil-ity (MSP) [] \T1/stix2/m/n/12 ^^
V the soft-
 []


LaTeX Warning: Citation 'guo2017calibration' on page 31 undefined on input line
 549.


Loose \hbox (badness 4) in paragraph at lines 549--550
[]\T1/stix2/b/n/12 Temperature-scaled MSP (TS-MSP) \T1/stix2/m/n/12 ^^V MSP com
puted after fitting a single
 []


LaTeX Warning: Citation 'liu2020energy' on page 31 undefined on input line 550.



Tight \hbox (badness 10) in paragraph at lines 550--551
[]\T1/stix2/b/n/12 Energy [] \T1/stix2/m/n/12 ^^V a training-free score compute
d directly from the raw
 []


LaTeX Warning: Reference `sec:results-rq2' on page 31 undefined on input line 5
53.


Tight \hbox (badness 10) in paragraph at lines 553--554
[]\T1/stix2/m/n/12 Because the base ex-per-i-men-tal grid scores evidential-hea
d runs with vacu-ity only and
 []


Loose \hbox (badness 26) in paragraph at lines 553--554
\T1/stix2/m/n/12 par-i-son in the grid varies the train-ing ob-jec-tive (ev-i-d
en-tial ver-sus soft-max) and the
 []


Tight \hbox (badness 6) in paragraph at lines 553--554
\T1/stix2/m/n/12 scor-ing rule \T1/stix2/m/it/12 to-gether\T1/stix2/m/n/12 ; RQ
2 ([]) is de-signed specif-i-cally to break this con-found by com-
 []


Loose \hbox (badness 5) in paragraph at lines 560--561
\T1/stix2/m/n/12 anced $\LS1/stix2/m/n/12 2[]$ \T1/stix2/m/n/12 full fac-to-ria
l of 32 cells, plus 8 ad-di-tional base-line cells that are not part of
 []


Overfull \hbox (6.2434pt too wide) in paragraph at lines 566--567
[]\T1/stix2/b/n/12 Adapter $\LS1/stix2/m/n/12 À ^$\T1/stix2/m/n/12 Bottleneck-p
arallel, LoRA$\LS1/stix2/m/n/12 `$ \T1/stix2/m/n/12 (the bal-anced fac-to-rial;
 Full-Fine-Tuning
 []


Overfull \hbox (11.65009pt too wide) in paragraph at lines 566--567
\T1/stix2/m/n/12 and Linear-Probe ap-pear only as un-bal-anced base-line cells 
on CIFAR-FS $\LS1/stix2/m/n/12 ù$ \T1/stix2/m/n/12 ResNet-
 []


LaTeX Warning: Reference `sec:proto-episodic' on page 31 undefined on input lin
e 570.


LaTeX Warning: Reference `sec:results-limitations' on page 31 undefined on inpu
t line 570.


Loose \hbox (badness 34) in paragraph at lines 570--571
[]\T1/stix2/m/n/12 giving $\LS1/stix2/m/n/12 2 ù 2 ù 2 ù 2 ù 2 = 32$ \T1/stix2/
m/n/12 bal-anced cells plus $\LS1/stix2/m/n/12 2$ \T1/stix2/m/n/12 (base-line a
dapters) $\LS1/stix2/m/n/12 ù2$ \T1/stix2/m/n/12 (heads)
 []


Loose \hbox (badness 7) in paragraph at lines 570--571
\LS1/stix2/m/n/12 = 4$\T1/stix2/m/n/12 ... and, be-cause both Full-Fine-Tuning 
and Linear-Probe are ad-di-tion-ally run at
 []


Loose \hbox (badness 34) in paragraph at lines 570--571
\T1/stix2/m/n/12 both shot counts, $\LS1/stix2/m/n/12 8$ \T1/stix2/m/n/12 base-
line cells in to-tal, for $\LS1/stix2/m/n/12 40$ \T1/stix2/m/n/12 unique con-fi
g-u-ra-tions. Each con-
 []


Loose \hbox (badness 3) in paragraph at lines 570--571
\T1/stix2/m/n/12 fig-u-ra-tion is meta-trained un-der 3 seeds (42, 43, 44), giv
-ing $\LS1/stix2/m/n/12 40 ù 3 = 120$ \T1/stix2/m/n/12 com-pleted
 []


Loose \hbox (badness 14) in paragraph at lines 570--571
\T1/stix2/m/n/12 gle hy-per-pa-ram-e-ter recipe fixed once in ad-vance and neve
r re-tuned per cell ^^V the
 []


Loose \hbox (badness 10) in paragraph at lines 570--571
\T1/stix2/m/n/12 grid there-fore an-swers ``how do these de-sign axes com-pare 
un-der one fixed recipe,''
 []


Loose \hbox (badness 9) in paragraph at lines 570--571
\T1/stix2/m/n/12 not ``what is the best achiev-able num-ber in each cell,'' a s
cope lim-i-ta-tion this the-sis
 []


Tight \vbox (badness 1) has occurred while \output is active []

 [31]
<figures/F7_experimental_design_flow.png, id=291, 265.9536pt x 396.0396pt>
File: figures/F7_experimental_design_flow.png Graphic file (type png)
<use figures/F7_experimental_design_flow.png>
Package pdftex.def Info: figures/F7_experimental_design_flow.png  used on input
 line 574.
(pdftex.def)             Requested size: 256.07741pt x 381.35396pt.

Loose \hbox (badness 3) in paragraph at lines 575--575
[]\T1/stix2/b/n/12 Figure 4.4: |\T1/stix2/m/n/12 The full experimental design: 
the base grid (120 runs), re-scored with 4
 []


Loose \hbox (badness 12) in paragraph at lines 575--575
\T1/stix2/m/n/12 OOD scores and a post-hoc refit at no extra training cost, fol
lowed by the matched-
 []


Loose \hbox (badness 42) in paragraph at lines 575--575
\T1/stix2/m/n/12 budget experiment (48 runs) and the rank sweep (21 runs) ^^V 1
89 training runs in
 []


Tight \hbox (badness 3) in paragraph at lines 579--580
[]\T1/stix2/m/n/12 A structural fact about this grid makes RQ3 possible. The tr
ainable-parameter counts
 []


Loose \hbox (badness 20) in paragraph at lines 592--592
[]\T1/stix2/b/n/12 Table 4.2: |\T1/stix2/m/n/12 Trainable-parameter counts (sof
t-max head; the ev-i-den-tial head adds ex-
 []

[32 <./figures/F7_experimental_design_flow.png>]

LaTeX Warning: Reference `sec:results-rq3' on page 33 undefined on input line 5
96.


Tight \hbox (badness 84) in paragraph at lines 596--597
\T1/stix2/m/n/12 reversal that falls out of the two backbones' channel widths r
ather than being designed
 []


Tight \hbox (badness 99) in paragraph at lines 596--597
\T1/stix2/m/n/12 in, and that partially deconfounds adapter \T1/stix2/m/it/12 a
rchitecture \T1/stix2/m/n/12 from adapter \T1/stix2/m/it/12 parameter budget\T1
/stix2/m/n/12 ,
 []


Loose \hbox (badness 3) in paragraph at lines 596--597
\T1/stix2/m/n/12 which is normally impossible in a PEFT study because the more 
accurate adapter is
 []


Tight \hbox (badness 34) in paragraph at lines 596--597
\T1/stix2/m/n/12 usually also the larger one everywhere. [] shows why this reve
rsal, while informative,
 []


Tight \hbox (badness 17) in paragraph at lines 596--597
\T1/stix2/m/n/12 is not sufficient on its own to fully separate the two explana
tions, and why a dedicated
 []


LaTeX Warning: Reference `tab:param-reversal' on page 33 undefined on input lin
e 601.


LaTeX Warning: Reference `sec:results-matched-budget' on page 33 undefined on i
nput line 601.


Loose \hbox (badness 17) in paragraph at lines 601--602
\T1/stix2/m/n/12 Because the parameter-budget re-ver-sal in [] is welded to the
 choice of back-bone, a
 []


Tight \hbox (badness 29) in paragraph at lines 601--602
\T1/stix2/m/n/12 find-ing of the form ``the larger-budget adapter is bet-ter ca
l-i-brated'' and a find-ing of the
 []


Tight \hbox (badness 21) in paragraph at lines 601--602
\T1/stix2/m/n/12 form ``some-thing about the back-bone de-ter-mines cal-i-bra-t
ion'' pre-dict the \T1/stix2/m/it/12 iden-ti-cal \T1/stix2/m/n/12 16-
 []


Tight \hbox (badness 1) in paragraph at lines 601--602
\T1/stix2/m/n/12 pair pat-tern in the base grid ^^V the two ex-pla-na-tions can
-not be told apart by that data
 []


Tight \hbox (badness 43) in paragraph at lines 601--602
\T1/stix2/m/n/12 alone. To ad-ju-di-cate be-tween them, a sec-ond, pre-register
ed ex-per-i-ment was de-signed
 []


Tight \hbox (badness 21) in paragraph at lines 601--602
\T1/stix2/m/n/12 get \T1/stix2/m/it/12 within \T1/stix2/m/n/12 each back-bone (
rather than re-ly-ing on the ac-ci-den-tal cross-backbone re-ver-
 []


Tight \hbox (badness 93) in paragraph at lines 601--602
\T1/stix2/m/n/12 sal), at two bud-get lev-els per back-bone, on Mini-Im-a-geNet
 5-shot, with both head in-ter-
 []


Tight \hbox (badness 29) in paragraph at lines 601--602
\T1/stix2/m/n/12 pre-ta-tions trained sep-a-rately and 3 seeds each, for $\LS1/
stix2/m/n/12 2 [] ù 2 [] ù 2 [] ù
 []


Loose \hbox (badness 1) in paragraph at lines 601--602
\LS1/stix2/m/n/12 2 [] ù 3 [] = 48$ \T1/stix2/m/n/12 runs. The de-ci-sion rule 
for ad-ju-di-cat-ing be-tween the bud-get
 []


Loose \hbox (badness 10) in paragraph at lines 601--602
\T1/stix2/m/n/12 hy-poth-e-sis and the backbone-intrinsic hy-poth-e-sis was fix
ed \T1/stix2/m/it/12 be-fore \T1/stix2/m/n/12 the 48 runs were
 []


Loose \hbox (badness 86) in paragraph at lines 601--602
\T1/stix2/m/n/12 ex-e-cuted, so that the re-sult re-ported in [] is a gen-uine 
test rather than a post-hoc
 []


Loose \hbox (badness 4) in paragraph at lines 601--602
\T1/stix2/m/n/12 ra-tio-nal-i-sa-tion of whichever pat-tern hap-pened to ap-pea
r. Resid-ual parameter-count
 []


Tight \hbox (badness 15) in paragraph at lines 601--602
\T1/stix2/m/n/12 mis-match be-tween the matched pairs is kept un-der 3.10%, aga
inst 55--158% mis-match
 []


Tight \hbox (badness 20) in paragraph at lines 601--602
\T1/stix2/m/n/12 in the orig-i-nal 16-pair com-par-i-son, mak-ing this ex-per-i
-ment a sub-stan-tially tighter test
 []


LaTeX Warning: Reference `sec:results-limitations' on page 33 undefined on inpu
t line 606.


LaTeX Warning: Reference `sec:results-implications' on page 33 undefined on inp
ut line 606.


Underfull \hbox (badness 122) in paragraph at lines 606--607
\T1/stix2/m/n/12 The sys-tem is im-ple-mented as a configuration-driven code-ba
se: ev-ery ex-per-i-ment
 []


Underfull \hbox (badness 129) in paragraph at lines 606--607
\T1/stix2/m/n/12 is spec-i-fied by a YAML con-fig-u-ra-tion file that may \T1/l
mtt/m/n/12 extend \T1/stix2/m/n/12 a par-ent con-fig-u-ra-tion
 []


Loose \hbox (badness 35) in paragraph at lines 606--607
\T1/stix2/m/n/12 (re-cur-sively deep-merged, with the child's keys tak-ing prec
e-dence), so that each of
 []


Loose \hbox (badness 12) in paragraph at lines 606--607
\T1/stix2/m/n/12 from a shared base con-fig-u-ra-tion rather than re-peat-ing e
v-ery hy-per-pa-ram-e-ter. Two
 []


Tight \hbox (badness 2) in paragraph at lines 606--607
\T1/stix2/m/n/12 command-line en-try points, a train-ing script and an eval-u-a
-tion script, con-sume these
 []


Loose \hbox (badness 20) in paragraph at lines 606--607
\T1/stix2/m/n/12 ta-tion via a small fac-tory func-tion per com-po-nent, so tha
t adding a new adapter or
 []


Loose \hbox (badness 20) in paragraph at lines 606--607
\T1/stix2/m/n/12 head vari-ant re-quires adding one class and one branch in tha
t com-po-nent's fac-tory
 []


Loose \hbox (badness 60) in paragraph at lines 606--607
\T1/stix2/m/n/12 rather than mod-i-fy-ing any call-ing code. Ev-ery run seeds P
ython, NumPy, and Py-
 []


Tight \hbox (badness 11) in paragraph at lines 606--607
\T1/stix2/m/n/12 Torch's CPU and CUDA random-number gen-er-a-tors and forces de
-ter-min-is-tic cuDNN
 []


Tight \hbox (badness 1) in paragraph at lines 606--607
\T1/stix2/m/n/12 once and for-got-ten; two of the forty con-fig-u-ra-tions in t
his grid (Full-Fine-Tuning and
 []


Tight \hbox (badness 7) in paragraph at lines 606--607
\T1/stix2/m/n/12 Linear-Probe) ad-di-tion-ally have \T1/stix2/m/it/12 zero \T1/
stix2/m/n/12 across-seed vari-ance by con-struc-tion, since Full-
 []


Loose \hbox (badness 11) in paragraph at lines 606--607
\T1/stix2/m/n/12 Fine-Tuning starts from the same pre-trained weights re-gard-l
ess of seed and Linear-
 []


Tight \hbox (badness 18) in paragraph at lines 606--607
\T1/stix2/m/n/12 Probe has no train-able pa-ram-e-ters for a seed to per-turb a
t all ^^V a fact this the-sis's own
 []


Loose \hbox (badness 11) in paragraph at lines 606--607
\T1/stix2/m/n/12 in-ter-pre-ta-tion of those two base-lines' re-sults ac-counts
 for ex-plic-itly ([]) rather than
 []


Tight \hbox (badness 5) in paragraph at lines 606--607
\T1/stix2/m/n/12 han-dled uni-formly across on-line, of-fline, and fully-disabl
ed modes by a thin wrap-per,
 []


Tight \hbox (badness 23) in paragraph at lines 606--607
\T1/stix2/m/n/12 with log-ging dis-abled by de-fault so that a run pro-duces no
 tracking-service side ef-fects
 []


Loose \hbox (badness 3) in paragraph at lines 606--607
\T1/stix2/m/n/12 un-less ex-plic-itly re-quested. All train-ing in this the-sis
 was car-ried out on cloud GPU
 []


Loose \hbox (badness 31) in paragraph at lines 606--607
\T1/stix2/m/n/12 lo-cal GPU hard-ware was used, and the ef-fi-ciency mea-sure-m
ents re-ported in [] are
 []


Loose \hbox (badness 16) in paragraph at lines 606--607
\T1/stix2/m/n/12 ex-plic-itly qual-i-fied by which hard-ware pro-file they were
 mea-sured on, af-ter an ear-
 []

[33] [34]
Chapter 5.

LaTeX Warning: Reference `sec:intro-rqs' on page 35 undefined on input line 614
.


LaTeX Warning: Reference `sec:method-matched-budget' on page 35 undefined on in
put line 614.


LaTeX Warning: Reference `sec:results-positioning' on page 35 undefined on inpu
t line 614.


LaTeX Warning: Reference `sec:results-limitations' on page 35 undefined on inpu
t line 614.


Loose \hbox (badness 78) in paragraph at lines 614--615
\T1/stix2/m/n/12 This chapter reports every result the thesis rests on. It open
s with the parameter-
 []


Tight \hbox (badness 9) in paragraph at lines 614--615
\T1/stix2/m/n/12 efficiency comparison that motivates parameter-efficient adapt
ation in the first place,
 []


Tight \hbox (badness 28) in paragraph at lines 614--615
\T1/stix2/m/n/12 then addresses the four research questions of [] in turn, each
 built on the 120-run grid
 []


Loose \hbox (badness 2) in paragraph at lines 614--615
\T1/stix2/m/n/12 plus the dedicated matched-budget follow-up ([]) where relevan
t. It closes with the
 []


Tight \hbox (badness 11) in paragraph at lines 614--615
\T1/stix2/m/n/12 measured deployment-cost implications, the system's positionin
g against comparable
 []


LaTeX Warning: Reference `tab:grid-recap' on page 35 undefined on input line 61
8.


LaTeX Warning: Reference `sec:method-grid-design' on page 35 undefined on input
 line 618.


LaTeX Warning: Reference `tab:apx-accuracy' on page 35 undefined on input line 
618.


LaTeX Warning: Reference `tab:apx-calibration' on page 35 undefined on input li
ne 618.


LaTeX Warning: Reference `tab:apx-auroc' on page 35 undefined on input line 618
.


LaTeX Warning: Reference `tab:apx-fpr95' on page 35 undefined on input line 618
.


LaTeX Warning: Reference `apx:results' on page 35 undefined on input line 618.


Loose \hbox (badness 8) in paragraph at lines 618--619
[] \T1/stix2/m/n/12 re-caps the grid de-sign of []: 40 unique con-fig-u-ra-tion
s (32 in a bal-anced fac-to-rial
 []


Loose \hbox (badness 2) in paragraph at lines 618--619
\T1/stix2/m/n/12 runs, ev-ery one eval-u-ated on the iden-ti-cal frozen 600-epi
sode test stream. The com-
 []


Tight \hbox (badness 17) in paragraph at lines 618--619
\T1/stix2/m/n/12 plete re-sult ta-bles ^^V ac-cu-racy, macro-F1, and trainable-
parameter count ([]); cal-i-bra-
 []


Loose \hbox (badness 1) in paragraph at lines 618--619
\T1/stix2/m/n/12 tion ([]); OOD AU-ROC ([]); and OOD FPR@95%TPR ([]) ^^V are re
-pro-duced in full
 []


Loose \hbox (badness 4) in paragraph at lines 618--619
\T1/stix2/m/n/12 in []; this chap-ter presents the sub-sets and de-rived statis
-tics needed to an-swer each
 []

[35

]

LaTeX Warning: Reference `tab:apx-accuracy' on page 36 undefined on input line 
642.


LaTeX Warning: Citation 'chen2019closerlook' on page 36 undefined on input line
 642.


Loose \hbox (badness 53) in paragraph at lines 642--643
\T1/stix2/m/n/12 At 5-shot, the 31,744-parameter parallel-bottleneck adapter on
 ResNet-18 \T1/stix2/m/it/12 beats \T1/stix2/m/n/12 the
 []


Loose \hbox (badness 23) in paragraph at lines 642--643
\T1/stix2/m/n/12 11,176,512-parameter Full-Fine-Tuning base-line out-right (91.
44% ver-sus 90.47% ac-
 []


Tight \hbox (badness 27) in paragraph at lines 642--643
\T1/stix2/m/n/12 cu-racy, []) ^^V 352$\LS1/stix2/m/n/12 ù$ \T1/stix2/m/n/12 few
er train-able pa-ram-e-ters for higher ac-cu-racy ^^V di-rect em-pir-i-cal
 []


Tight \hbox (badness 47) in paragraph at lines 642--643
\T1/stix2/m/n/12 sup-port for this the-sis's cen-tral premise that full fine-tu
ning is not merely un-nec-es-sary
 []


Loose \hbox (badness 5) in paragraph at lines 642--643
\T1/stix2/m/n/12 but ac-tively coun-ter-pro-duc-tive in this data regime. The L
inear-Probe base-line, with
 []


Loose \hbox (badness 23) in paragraph at lines 642--643
\T1/stix2/m/n/12 zero train-able adapter pa-ram-e-ters, still reaches a re-spec
table 87.41% at 5-shot, con-
 []


Loose \hbox (badness 1) in paragraph at lines 642--643
\T1/stix2/m/n/12 in low-shot set-tings, but it is de-ci-sively beaten by ev-ery
 adapter tested, so adap-ta-tion
 []

<figures/D2_parameter_efficiency_bars.png, id=316, 330.7557pt x 92.0238pt>
File: figures/D2_parameter_efficiency_bars.png Graphic file (type png)
<use figures/D2_parameter_efficiency_bars.png>
Package pdftex.def Info: figures/D2_parameter_efficiency_bars.png  used on inpu
t line 646.
(pdftex.def)             Requested size: 341.43437pt x 94.99619pt.

Loose \hbox (badness 3) in paragraph at lines 647--647
[]\T1/stix2/b/n/12 Figure 5.1: |\T1/stix2/m/n/12 Full fine-tuning versus the pa
rallel-bottleneck adapter versus the linear
 []


Overfull \hbox (3.82573pt too wide) in paragraph at lines 651--651
[]\T1/stix2/b/n/17.28 RQ1: At-tri-bu-tion of Out-come Vari-ance Across De-
 []


Loose \hbox (badness 50) in paragraph at lines 654--655
\T1/stix2/m/n/12 Main-effect $\LS1/stix2/m/it/12 ^^Q[]$ \T1/stix2/m/n/12 (share
 of total variance explained) was computed over the balanced
 []

[36 <./figures/D2_parameter_efficiency_bars.png>]
Underfull \hbox (badness 594) in paragraph at lines 669--669
[]\T1/stix2/b/n/12 Table 5.2: |\T1/stix2/m/n/12 Per-seed $\LS1/stix2/m/it/12 ^^
Q[]$ \T1/stix2/m/n/12 vari-ance de-com-po-si-tion (96 ob-ser-va-tions) across t
he five
 []

<figures/F11_main_effects_heatmap.png, id=325, 315.3381pt x 136.8312pt>
File: figures/F11_main_effects_heatmap.png Graphic file (type png)
<use figures/F11_main_effects_heatmap.png>
Package pdftex.def Info: figures/F11_main_effects_heatmap.png  used on input li
ne 675.
(pdftex.def)             Requested size: 362.77525pt x 157.42563pt.

Tight \hbox (badness 4) in paragraph at lines 676--676
[]\T1/stix2/b/n/12 Figure 5.2: |\T1/stix2/m/n/12 Main-effects heatmap: share of
 variance ($\LS1/stix2/m/it/12 ^^Q[]$\T1/stix2/m/n/12 , %) each design axis exp
lains
 []


Loose \hbox (badness 1) in paragraph at lines 676--676
\T1/stix2/m/n/12 for each outcome. Accuracy is dominated by shots; ECE by head;
 neither OOD pool
 []


LaTeX Warning: Citation 'krumpl2026onemodel' on page 37 undefined on input line
 680.


LaTeX Warning: Reference `tab:rq1-eta2' on page 37 undefined on input line 680.



Tight \hbox (badness 32) in paragraph at lines 680--681
[]\T1/stix2/m/n/12 Two re-sults stand out. First, \T1/stix2/b/n/12 head in-ter-
pre-ta-tion ex-plains roughly 83% of cal-i-bra-
 []


Loose \hbox (badness 20) in paragraph at lines 680--681
\T1/stix2/m/n/12 of con-cerns be-tween which de-sign choices gov-ern ac-cu-racy
 and which gov-ern cal-i-
 []


Loose \hbox (badness 9) in paragraph at lines 680--681
\T1/stix2/m/n/12 bra-tion. This was first com-puted on seed-\T1/stix2/m/it/12 a
veraged \T1/stix2/m/n/12 data (84.0%/0.2%, with resid-u-als
 []


Loose \hbox (badness 10) in paragraph at lines 680--681
\T1/stix2/m/n/12 scale study re-port-ing a gen-uine 10.6% per-observation resid
-ual for a sim-i-lar de-com-
 []


Loose \hbox (badness 2) in paragraph at lines 680--681
\T1/stix2/m/n/12 po-si-tion [], that av-er-ag-ing seeds be-fore de-com-pos-ing 
vari-ance
 []


Loose \hbox (badness 6) in paragraph at lines 680--681
\T1/stix2/m/n/12 me-chan-i-cally sup-presses the er-ror term and man-u-fac-ture
s an ar-ti-fi-cially clean split.
 []


Tight \hbox (badness 1) in paragraph at lines 680--681
\T1/stix2/m/n/12 per-seed data. Sec-ond, across all 40 cells the rank cor-re-la
-tion be-tween ECE and OOD
 []


Loose \hbox (badness 9) in paragraph at lines 680--681
\T1/stix2/m/n/12 AU-ROC is \T1/stix2/m/it/12 pos-i-tive \T1/stix2/m/n/12 (Spear
-man $\LS1/stix2/m/it/12 ^^Z \LS1/stix2/m/n/12 = +0\LS1/stix2/m/it/12 :\LS1/sti
x2/m/n/12 433$ \T1/stix2/m/n/12 for SVHN-far, $\LS1/stix2/m/n/12 +0\LS1/stix2/m
/it/12 :\LS1/stix2/m/n/12 477$ \T1/stix2/m/n/12 for TinyImageNet-
 []


Loose \hbox (badness 12) in paragraph at lines 680--681
\T1/stix2/m/n/12 near) ^^V worse-calibrated con-fig-u-ra-tions ap-pear, su-per-
fi-cially, to de-tect OOD \T1/stix2/m/it/12 bet-ter\T1/stix2/m/n/12 .
 []


Loose \hbox (badness 85) in paragraph at lines 680--681
\T1/stix2/m/n/12 Strat-i-fy-ing by head in-ter-pre-ta-tion col-lapses this cor-
re-la-tion to $\LS1/stix2/m/it/12 ^^Z \LS1/stix2/m/n/12 = +0\LS1/stix2/m/it/12 
:\LS1/stix2/m/n/12 150$\T1/stix2/m/n/12 /$\LS1/stix2/m/n/12 +0\LS1/stix2/m/it/1
2 :\LS1/stix2/m/n/12 195$
 []


Loose \hbox (badness 17) in paragraph at lines 680--681
\T1/stix2/m/n/12 within the ev-i-den-tial head and $\LS1/stix2/m/n/12 +0\LS1/st
ix2/m/it/12 :\LS1/stix2/m/n/12 263$\T1/stix2/m/n/12 /$\LS1/stix2/m/n/12 +0\LS1/
stix2/m/it/12 :\LS1/stix2/m/n/12 242$ \T1/stix2/m/n/12 within the soft-max head
: the ap-par-
 []


Loose \hbox (badness 9) in paragraph at lines 680--681
\T1/stix2/m/n/12 ent ten-sion is en-tirely a head ef-fect, and the de-fen-si-bl
e state-ment is that cal-i-bra-tion
 []


Tight \hbox (badness 5) in paragraph at lines 680--681
\T1/stix2/m/n/12 and OOD-detection qual-ity are \T1/stix2/m/it/12 or-thog-o-nal
\T1/stix2/m/n/12 , not that one trades against the other, once
 []

[37 <./figures/F11_main_effects_heatmap.png>]

LaTeX Warning: Reference `tab:head-ece-subset' on page 38 undefined on input li
ne 682.


LaTeX Warning: Reference `tab:apx-calibration' on page 38 undefined on input li
ne 682.


Tight \hbox (badness 98) in paragraph at lines 682--683
[]\T1/stix2/m/n/12 The con-crete ev-i-dence be-hind the 83% cal-i-bra-tion shar
e is a clean, de-ci-sive neg-a-tive re-
 []


Tight \hbox (badness 45) in paragraph at lines 682--683
\T1/stix2/m/n/12 sult and is worth stat-ing in full rather than only as a per-c
ent-age. Across all 20 matched
 []


Loose \hbox (badness 15) in paragraph at lines 682--683
\T1/stix2/m/n/12 evidential-versus-softmax com-par-isons in the bal-anced grid 
(hold-ing dataset, shots,
 []


Loose \hbox (badness 6) in paragraph at lines 682--683
\T1/stix2/m/n/12 still rel-a-tive to temperature-scaled soft-max (5.3$\LS1/stix
2/m/n/12 ù$ \T1/stix2/m/n/12 to 51$\LS1/stix2/m/n/12 ù$\T1/stix2/m/n/12 ). [] r
e-pro-duces a rep-re-sen-
 []


Loose \hbox (badness 22) in paragraph at lines 682--683
\T1/stix2/m/n/12 ta-tive sub-set from []. The gap does not nar-row with more su
p-port ex-am-ples: at 5-
 []


Loose \hbox (badness 1) in paragraph at lines 682--683
\T1/stix2/m/n/12 shot, ev-i-den-tial ECE on CIFAR-FS/ResNet-18/Bottleneck-paral
lel is 0.3010 against a
 []


Loose \hbox (badness 38) in paragraph at lines 682--683
\T1/stix2/m/n/12 soft-max ECE of 0.0670 ^^V a widen-ing, not nar-row-ing, of th
e gap rel-a-tive to 1-shot.
 []


Loose \hbox (badness 36) in paragraph at lines 682--683
\T1/stix2/m/n/12 Ac-cu-racy does not com-pen-sate for this ei-ther: in only 7 o
f the 20 matched pairs is
 []


Tight \hbox (badness 3) in paragraph at lines 682--683
\T1/stix2/m/n/12 the ev-i-den-tial head's ac-cu-racy high enough to plau-si-bly
 off-set its cal-i-bra-tion cost, and
 []


Tight \hbox (badness 31) in paragraph at lines 682--683
\T1/stix2/m/n/12 even there the cal-i-bra-tion gap re-mains an or-der of mag-ni
-tude larger than the ac-cu-racy
 []


Overfull \hbox (7.88411pt too wide) in paragraph at lines 687--697
 [][] 
 []


Loose \hbox (badness 3) in paragraph at lines 697--697
[]\T1/stix2/b/n/12 Table 5.3: |\T1/stix2/m/n/12 Pooled ECE for the ResNet-18, B
ottleneck-parallel con-fig-u-ra-tion, ev-i-den-
 []


LaTeX Warning: Citation 'bengs2022pitfalls' on page 38 undefined on input line 
701.


LaTeX Warning: Citation 'hoarau2026epistemic' on page 38 undefined on input lin
e 701.


LaTeX Warning: Reference `sec:results-rq2' on page 38 undefined on input line 7
01.


Tight \hbox (badness 3) in paragraph at lines 701--702
[]\T1/stix2/m/n/12 This neg-a-tive re-sult is not an iso-lated arte-fact of thi
s the-sis's spe-cific im-ple-men-ta-tion:
 []


Tight \hbox (badness 1) in paragraph at lines 701--702
\T1/stix2/m/n/12 data limit, and [] re-port an in-de-pen-dent 2026 the-o-ret-i-
cal anal-y-
 []


Loose \hbox (badness 1) in paragraph at lines 701--702
\T1/stix2/m/n/12 sis reach-ing a com-pat-i-ble con-clu-sion for second-order (e
v-i-den-tial) clas-si-fiers trained
 []


Loose \hbox (badness 4) in paragraph at lines 701--702
\T1/stix2/m/n/12 with a reverse-KL ob-jec-tive. Read to-gether with this the-si
s's own 20/20 neg-a-tive re-
 []


Tight \hbox (badness 56) in paragraph at lines 701--702
\T1/stix2/m/n/12 the-sis presents the neg-a-tive re-sult as con-ver-gent ev-i-d
ence rather than as a failed ex-per-
 []


Loose \hbox (badness 4) in paragraph at lines 701--702
\T1/stix2/m/n/12 head that cal-i-brates worse is si-mul-ta-ne-ously a sub-stan-
tially \T1/stix2/m/it/12 bet-ter \T1/stix2/m/n/12 OOD ranker than
 []


Tight \hbox (badness 1) in paragraph at lines 701--702
\T1/stix2/m/n/12 the soft-max base-line it is com-pared against here ^^V the ce
n-tral ten-sion RQ2 is built to
 []

[38]

LaTeX Warning: Citation 'tao2024benchmarkcalibration' on page 39 undefined on i
nput line 703.


LaTeX Warning: Citation 'guo2017calibration' on page 39 undefined on input line
 703.


LaTeX Warning: Citation 'minderer2021revisiting' on page 39 undefined on input 
line 703.


Loose \hbox (badness 13) in paragraph at lines 703--704
[]\T1/stix2/m/n/12 The spe-cific an-a-lyt-i-cal method here ^^V a for-mal $\LS1
/stix2/m/it/12 ^^Q[]$ \T1/stix2/m/n/12 de-com-po-si-tion of ac-cu-racy, cal-i-
 []


Loose \hbox (badness 7) in paragraph at lines 703--704
\T1/stix2/m/n/12 bra-tion, and OOD AU-ROC in a PEFT/few-shot set-ting ^^V ap-pe
ars method-olog-i-cally
 []


Overfull \hbox (111.88326pt too wide) in paragraph at lines 703--704
\T1/stix2/m/n/12 novel: the largest ex-ist-ing cal-i-bra-tion bench-mark, at 11
7,702 ar-chi-tec-tures [],
 []


Loose \hbox (badness 14) in paragraph at lines 703--704
\T1/stix2/m/n/12 was ver-i-fied di-rectly to run no com-pa-ra-ble vari-ance de-
com-po-si-tion, us-ing box plots
 []


Loose \hbox (badness 1) in paragraph at lines 703--704
\T1/stix2/m/n/12 and rank cor-re-la-tions only. The \T1/stix2/m/it/12 qual-i-ta
-tive \T1/stix2/m/n/12 pat-tern that cal-i-bra-tion and ac-cu-racy are
 []


Overfull \hbox (53.69058pt too wide) in paragraph at lines 703--704
\T1/stix2/m/n/12 gov-erned by dif-fer-ent fac-tors, how-ever, is not new ^^V it
 fol-lows di-rectly from []
 []


Loose \hbox (badness 71) in paragraph at lines 703--704
\T1/stix2/m/n/12 and pre-cise quan-tifi-ca-tion in a new set-ting, not as an in
-de-pen-dent dis-cov-ery. The
 []


Overfull \hbox (4.55923pt too wide) in paragraph at lines 703--704
\T1/stix2/m/n/12 correlation-collapse-under-stratification re-sult (ECE/AU-ROC 
or-thog-o-nal-ity once head
 []


Tight \hbox (badness 10) in paragraph at lines 703--704
\T1/stix2/m/n/12 is fixed) was not found de-scribed any-where else in the lit-e
r-a-ture re-viewed for this the-
 []


Tight \hbox (badness 3) in paragraph at lines 708--709
\T1/stix2/m/n/12 ear-lier read-ing of the grid. Vacu-ity beats the softmax-prob
ability scores (MSP and TS-
 []


Tight \hbox (badness 8) in paragraph at lines 708--709
\T1/stix2/m/n/12 MSP) in 37--38 of 40 matched cells across the full grid, by ma
r-gins of $\LS1/stix2/m/n/12 +0\LS1/stix2/m/it/12 :\LS1/stix2/m/n/12 045$ \T1/s
tix2/m/n/12 to $\LS1/stix2/m/n/12 +0\LS1/stix2/m/it/12 :\LS1/stix2/m/n/12 141$
 []


Loose \hbox (badness 94) in paragraph at lines 708--709
\T1/stix2/m/n/12 AU-ROC de-pend-ing on the OOD pool ^^V the stan-dard, well-est
ablished evidential-
 []


Loose \hbox (badness 72) in paragraph at lines 708--709
\T1/stix2/m/n/12 uncertainty re-sult. Against the training-free \T1/stix2/m/it/
12 en-ergy \T1/stix2/m/n/12 score, how-ever, the pic-ture re-
 []


Tight \hbox (badness 1) in paragraph at lines 708--709
\T1/stix2/m/n/12 verses: an ear-lier, single-configuration re-sult from mid-pro
ject de-vel-op-ment had sug-
 []


Loose \hbox (badness 45) in paragraph at lines 708--709
\T1/stix2/m/n/12 gested vacu-ity was roughly on par with en-ergy, but the full 
120-run grid over-turns
 []


Tight \hbox (badness 8) in paragraph at lines 708--709
\T1/stix2/m/n/12 this ^^V vacu-ity beats en-ergy in only 10 of 40 far-OOD and 1
4 of 40 near-OOD matched
 []


Loose \hbox (badness 14) in paragraph at lines 708--709
\T1/stix2/m/n/12 the-sis cor-rects the ear-lier single-configuration read-ing e
x-plic-itly rather than qui-etly
 []


Loose \hbox (badness 12) in paragraph at lines 708--709
\T1/stix2/m/n/12 dis-card-ing it: \T1/stix2/m/it/12 the de-fen-si-ble claim is 
nar-rower than ``ev-i-den-tial is on par with en-ergy''
 []


Tight \hbox (badness 27) in paragraph at lines 708--709
\T1/stix2/m/n/12 ^^V vacu-ity is a sub-stan-tially bet-ter OOD ranker than soft
max-probability-based scores,
 []


Tight \hbox (badness 40) in paragraph at lines 710--711
[]\T1/stix2/m/n/12 That cor-rec-tion, how-ever, leaves a con-found un-re-solved
: the base grid scores ev-ery ev-
 []


Loose \hbox (badness 18) in paragraph at lines 710--711
\T1/stix2/m/n/12 separated fea-tures for any score to work with.'' Com-put-ing 
all four scores on ev-ery
 []


Loose \hbox (badness 2) in paragraph at lines 710--711
\T1/stix2/m/n/12 one of the 120 grid check-points re-solves this di-rectly: a f
ull $\LS1/stix2/m/n/12 2 ù 4$ \T1/stix2/m/n/12 (ob-jec-tive $\LS1/stix2/m/n/12 
ù$ \T1/stix2/m/n/12 score)
 []


Loose \hbox (badness 22) in paragraph at lines 710--711
\T1/stix2/m/n/12 fac-to-rial ANOVA, fully crossed with no miss-ing cells, on $\
LS1/stix2/m/it/12 n \LS1/stix2/m/n/12 = 960$ \T1/stix2/m/n/12 com-par-isons per

 []

[39]
Loose \hbox (badness 13) in paragraph at lines 723--723
[]\T1/stix2/b/n/12 Table 5.4: |$\LS1/stix2/m/it/12 ^^Q[]$ \T1/stix2/m/n/12 deco
mposition of OOD-detection variance into training objective and
 []


Loose \hbox (badness 6) in paragraph at lines 723--723
\T1/stix2/m/n/12 scoring rule, on the full cross-applied $\LS1/stix2/m/n/12 2 ù
 4$ \T1/stix2/m/n/12 factorial (120/120 checkpoints, $\LS1/stix2/m/it/12 n \LS1
/stix2/m/n/12 = 960$
 []

<figures/F12_ood_score_vs_objective.png, id=345, 388.5717pt x 150.8034pt>
File: figures/F12_ood_score_vs_objective.png Graphic file (type png)
<use figures/F12_ood_score_vs_objective.png>
Package pdftex.def Info: figures/F12_ood_score_vs_objective.png  used on input 
line 729.
(pdftex.def)             Requested size: 426.79135pt x 165.63803pt.

Tight \hbox (badness 5) in paragraph at lines 730--730
[]\T1/stix2/b/n/12 Figure 5.3: |\T1/stix2/m/n/12 OOD AUROC by scoring rule, spl
it by which objective trained the model,
 []


Tight \hbox (badness 53) in paragraph at lines 730--730
\T1/stix2/m/n/12 for far- and near-OOD pools. The same score gives nearly the s
ame AUROC regardless
 []


Tight \hbox (badness 22) in paragraph at lines 730--730
\T1/stix2/m/n/12 of which objective produced the logits it scores; the gap betw
een scores dwarfs the gap
 []


LaTeX Warning: Reference `tab:rq2-eta2' on page 40 undefined on input line 734.



Underfull \hbox (badness 123) in paragraph at lines 734--735
[]\T1/stix2/m/n/12 that the scor-ing rule ac-counts for roughly two to three or
-ders of mag-ni-tude more
 []


Loose \hbox (badness 2) in paragraph at lines 734--735
\T1/stix2/m/n/12 OOD-detection vari-ance than the train-ing ob-jec-tive does. \
T1/stix2/b/n/12 This the-sis de-lib-er-ately
 []


Loose \hbox (badness 88) in paragraph at lines 734--735
\T1/stix2/b/n/12 re-ports the $\LS1/stix2/m/it/12 ^^Q[]$ \T1/stix2/b/n/12 share
s them-selves rather than their quo-tient. \T1/stix2/m/n/12 An ear-lier ver-
 []


Loose \hbox (badness 18) in paragraph at lines 734--735
\T1/stix2/m/n/12 sion of this anal-y-sis, com-puted on 99 of the 120 check-poin
ts be-fore the grid's three
 []


Tight \hbox (badness 1) in paragraph at lines 734--735
\T1/stix2/m/n/12 miss-ing cells were filled in, re-ported this as a ``163$\LS1/
stix2/m/n/12 ù$\T1/stix2/m/n/12 '' ra-tio; com-plet-ing the re-main-ing
 []


Loose \hbox (badness 17) in paragraph at lines 734--735
\T1/stix2/m/n/12 21 check-points left both shares es-sen-tially un-changed (far
-OOD score share moved
 []


Tight \hbox (badness 16) in paragraph at lines 734--735
\T1/stix2/m/n/12 from 43.68% to 42.69%, ob-jec-tive share from 0.267% to 0.170%
) but moved the \T1/stix2/m/it/12 quo-tient
 []


Tight \hbox (badness 36) in paragraph at lines 734--735
\T1/stix2/m/n/12 slightly fur-ther. A ra-tio com-puted against a near-zero de-n
om-i-na-tor is un-sta-ble by con-
 []


Loose \hbox (badness 5) in paragraph at lines 734--735
\T1/stix2/m/n/12 struc-tion and is not a num-ber this the-sis is will-ing to st
and be-hind; the $\LS1/stix2/m/it/12 ^^Q[]$ \T1/stix2/m/n/12 shares in
 []


Tight \hbox (badness 23) in paragraph at lines 734--735
\T1/stix2/m/n/12 pre-cise a ver-bal sum-mary as the shares sup-port. Con-cretel
y, the en-ergy score achieves
 []


Tight \hbox (badness 3) in paragraph at lines 734--735
\T1/stix2/m/n/12 its (far-OOD) ^^V close per-for-mance from the \T1/stix2/m/it/
12 same \T1/stix2/m/n/12 score re-gard-less of which ob-jec-tive
 []


Loose \hbox (badness 5) in paragraph at lines 734--735
\T1/stix2/m/n/12 tive (0.7993 evidential-trained, 0.8014 softmax-trained). \T1/
stix2/b/n/12 It is the scor-ing rule, not
 []


Tight \hbox (badness 71) in paragraph at lines 734--735
\T1/stix2/b/n/12 the train-ing ob-jec-tive, that pro-duces the OOD-detection be
n-e-fit the ev-i-den-tial
 []

[40 <./figures/F12_ood_score_vs_objective.png>]

LaTeX Warning: Citation 'genc2026objectives' on page 41 undefined on input line
 736.


LaTeX Warning: Citation 'krumpl2026onemodel' on page 41 undefined on input line
 736.


LaTeX Warning: Citation 'hayta2026pluginlosses' on page 41 undefined on input l
ine 736.


Tight \hbox (badness 78) in paragraph at lines 736--737
[]\T1/stix2/m/n/12 This pre-cise gap ^^V ob-jec-tive and scor-ing rule con-foun
ded in stan-dard eval-u-a-tion prac-
 []


Loose \hbox (badness 13) in paragraph at lines 736--737
\T1/stix2/m/n/12 study nonethe-less cov-ers a dif-fer-ent ob-jec-tive fam-ily (
met-ric and rank-ing losses, no
 []


Loose \hbox (badness 82) in paragraph at lines 736--737
\T1/stix2/m/n/12 ev-i-den-tial ob-jec-tive) and no frozen-backbone or few-shot 
set-ting, mak-ing this the-
 []


Loose \hbox (badness 2) in paragraph at lines 736--737
\T1/stix2/m/n/12 du-pli-ca-tion. [] run a re-lated, larger-scale training-metho
d-by-
 []


Overfull \hbox (13.36815pt too wide) in paragraph at lines 736--737
\T1/stix2/m/n/12 than al-lowed to sur-face as an un-ac-knowl-edged prece-dent; 
and []'s
 []


Loose \hbox (badness 1) in paragraph at lines 736--737
\T1/stix2/m/n/12 tic-u-lar loss fam-ily in-de-pen-dently \T1/stix2/m/it/12 pre-
explains \T1/stix2/m/n/12 why the train-ing ob-jec-tive con-tributes
 []


Tight \hbox (badness 14) in paragraph at lines 736--737
\T1/stix2/m/n/12 reader to raise. What re-mains, af-ter both of these are ac-co
unted for, is the spe-cific em-
 []


Tight \hbox (badness 83) in paragraph at lines 736--737
\T1/stix2/m/n/12 pir-i-cal find-ing that cross-applying the en-ergy score to Di
richlet-trained log-its pro-duces
 []


Tight \hbox (badness 5) in paragraph at lines 736--737
\T1/stix2/m/n/12 near-equivalence to softmax-trained en-ergy scores ^^V an evid
ential-specific an-gle this
 []


Overfull \hbox (10.21933pt too wide) in paragraph at lines 738--738
[]\T1/stix2/b/n/17.28 RQ3: Adapter Ar-chi-tec-ture ver-sus Pa-ram-e-ter Bud-
 []


LaTeX Warning: Reference `tab:rq1-eta2' on page 41 undefined on input line 741.



Loose \hbox (badness 43) in paragraph at lines 741--742
\T1/stix2/m/n/12 contribution. RQ3 asks a different, more targeted question: \T
1/stix2/m/it/12 conditional on directly
 []


Loose \hbox (badness 3) in paragraph at lines 741--742
\T1/stix2/m/n/12 can contribute little total variance while still exhibiting a 
highly consistent \T1/stix2/m/it/12 direction
 []


LaTeX Warning: Reference `tab:rq3-16pair' on page 41 undefined on input line 74
5.


Tight \hbox (badness 2) in paragraph at lines 745--746
\T1/stix2/m/n/12 Sixteen matched bottleneck-versus-LoRA comparisons (2 datasets
 $\LS1/stix2/m/n/12 ù$ \T1/stix2/m/n/12 2 shot regimes $\LS1/stix2/m/n/12 ù$
 []


Tight \hbox (badness 24) in paragraph at lines 745--746
\T1/stix2/m/n/12 2 backbones $\LS1/stix2/m/n/12 ù$ \T1/stix2/m/n/12 2 head inte
rpretations, head interpretation held fixed within each pair)
 []

[41]

LaTeX Warning: Reference `tab:param-reversal' on page 42 undefined on input lin
e 761.


LaTeX Warning: Reference `tab:param-reversal' on page 42 undefined on input lin
e 761.


Loose \hbox (badness 12) in paragraph at lines 761--761
[]\T1/stix2/b/n/12 Table 5.5: |\T1/stix2/m/n/12 Summary of 16 matched bottlenec
k-versus-LoRA comparisons. Because
 []


Loose \hbox (badness 24) in paragraph at lines 761--761
\T1/stix2/m/n/12 the parameter-budget ordering reverses between backbones ([]),
 the ``8/16'' entries
 []

<figures/F13_matched_pairs_deltas.png, id=358, 338.2236pt x 164.7756pt>
File: figures/F13_matched_pairs_deltas.png Graphic file (type png)
<use figures/F13_matched_pairs_deltas.png>
Package pdftex.def Info: figures/F13_matched_pairs_deltas.png  used on input li
ne 767.
(pdftex.def)             Requested size: 362.77525pt x 176.73807pt.

Loose \hbox (badness 97) in paragraph at lines 768--768
[]\T1/stix2/b/n/12 Figure 5.4: |\T1/stix2/m/n/12 The 16 matched pairs: which ad
apter wins on accuracy and ECE, by
 []


Loose \hbox (badness 3) in paragraph at lines 768--768
\T1/stix2/m/n/12 backbone. The accuracy winner is constant (bottleneck); the EC
E winner flips with
 []

<figures/F5b_parameter_bars.png, id=359, 218.4963pt x 124.0635pt>
File: figures/F5b_parameter_bars.png Graphic file (type png)
<use figures/F5b_parameter_bars.png>
Package pdftex.def Info: figures/F5b_parameter_bars.png  used on input line 774
.
(pdftex.def)             Requested size: 298.75264pt x 169.6536pt.

LaTeX Warning: Reference `tab:param-reversal' on page 42 undefined on input lin
e 775.


LaTeX Warning: Reference `tab:param-reversal' on page 42 undefined on input lin
e 775.


Underfull \hbox (badness 369) in paragraph at lines 775--775
[]\T1/stix2/b/n/12 Figure 5.5: |\T1/stix2/m/n/12 The trainable-parameter-count 
re-ver-sal be-hind []: bot-tle-neck is the
 []

[42 <./figures/F13_matched_pairs_deltas.png>]

LaTeX Warning: Reference `tab:param-reversal' on page 43 undefined on input lin
e 779.


LaTeX Warning: Reference `tab:rq3-16pair' on page 43 undefined on input line 77
9.


Loose \hbox (badness 35) in paragraph at lines 779--780
[]\T1/stix2/m/n/12 Because the bud-get or-der-ing re-verses ex-actly with the b
ack-bone ([]), any out-come
 []


Underfull \hbox (badness 104) in paragraph at lines 779--780
\T1/stix2/m/n/12 per-fectly con-sis-tent with ar-chi-tec-ture is \T1/stix2/m/it
/12 nec-es-sar-ily \T1/stix2/m/n/12 8/16 on bud-get and vice versa,
 []


Loose \hbox (badness 3) in paragraph at lines 779--780
\T1/stix2/m/n/12 so the real con-tent of [] is two di-rectly ob-served facts, n
ot the arith-metic 8/16 rows:
 []


Loose \hbox (badness 6) in paragraph at lines 779--780
\T1/stix2/m/n/12 (1) the ac-cu-racy win-ner does not change when the bud-get or
-der-ing re-verses ^^V bot-
 []


Loose \hbox (badness 4) in paragraph at lines 779--780
\T1/stix2/m/n/12 tle-neck wins on both back-bones de-spite hold-ing 2.58$\LS1/s
tix2/m/n/12 ù$ \T1/stix2/m/it/12 more \T1/stix2/m/n/12 pa-ram-e-ters on one and

 []


Tight \hbox (badness 20) in paragraph at lines 779--780
\T1/stix2/m/n/12 1.55$\LS1/stix2/m/n/12 ù$ \T1/stix2/m/it/12 fewer \T1/stix2/m/
n/12 on the other; and (2) the ECE win-ner \T1/stix2/m/it/12 does \T1/stix2/m/n
/12 change, ex-actly in step with the
 []


Tight \hbox (badness 6) in paragraph at lines 779--780
\T1/stix2/m/n/12 bud-get or-der-ing ^^V LoRA is bet-ter cal-i-brated in all 8 M
obileNetV3-Small pairs (where
 []


Loose \hbox (badness 6) in paragraph at lines 779--780
\T1/stix2/m/n/12 LoRA is larger) and bot-tle-neck in all 8 ResNet-18 pairs (whe
re bot-tle-neck is larger).
 []


Tight \hbox (badness 39) in paragraph at lines 779--780
\T1/stix2/m/n/12 Each di-rec-tion is a 16/16 sign-consistent re-sult (two-sided
 $\LS1/stix2/m/it/12 p \LS1/stix2/m/n/12 ˘ 3\LS1/stix2/m/it/12 :\LS1/stix2/m/n/
12 05 ù 10[]$ \T1/stix2/m/n/12 un-der a null
 []


Loose \hbox (badness 9) in paragraph at lines 779--780
\T1/stix2/m/n/12 of ran-dom di-rec-tion), though the \T1/stix2/m/it/12 mag-ni-t
ude \T1/stix2/m/n/12 of the ECE ef-fect is weaker on CIFAR-
 []


Loose \hbox (badness 2) in paragraph at lines 779--780
\T1/stix2/m/n/12 FS: $\LS2/stix2ex/m/n/12 \LS1/stix2/m/n/12 ^^A[]\LS2/stix2ex/
m/n/12 $ \T1/stix2/m/n/12 ex-ceeds twice the pooled across-seed stan-dard de-v
i-a-tion in only 2 of the
 []


LaTeX Warning: Reference `tab:param-reversal' on page 43 undefined on input lin
e 781.


LaTeX Warning: Reference `sec:method-matched-budget' on page 43 undefined on in
put line 781.


Tight \hbox (badness 10) in paragraph at lines 781--782
[]\T1/stix2/m/n/12 On this ev-i-dence alone, ``cal-i-bra-tion fol-lows the larg
er pa-ram-e-ter bud-get'' (hy-poth-e-sis
 []


Loose \hbox (badness 83) in paragraph at lines 781--782
\T1/stix2/m/n/12 H3.2) and ``cal-i-bra-tion fol-lows some other, backbone-intri
nsic prop-erty'' (hy-poth-e-
 []


Loose \hbox (badness 46) in paragraph at lines 781--782
\T1/stix2/m/n/12 sis H3.2-alt) pre-dict the \T1/stix2/m/it/12 iden-ti-cal \T1/s
tix2/m/n/12 16-pair pat-tern, be-cause the two ex-pla-na-tions are
 []


Loose \hbox (badness 14) in paragraph at lines 781--782
\T1/stix2/m/n/12 welded to-gether by the ac-ci-dent of []. The bud-get hy-poth-
e-sis is the more par-si-mo-
 []


Loose \hbox (badness 14) in paragraph at lines 781--782
\T1/stix2/m/n/12 nious read-ing of this data alone, but it is not \T1/stix2/m/i
t/12 es-tab-lished \T1/stix2/m/n/12 by this data ^^V it is merely
 []


Tight \hbox (badness 2) in paragraph at lines 781--782
\T1/stix2/m/n/12 not con-tra-dicted by it ^^V which is pre-cisely why the match
ed-budget follow-up ex-per-
 []


LaTeX Warning: Reference `tab:rq3-matched' on page 43 undefined on input line 7
86.


Overfull \hbox (3.6673pt too wide) in paragraph at lines 786--787
[] \T1/stix2/m/n/12 re-ports the 48-run matched-budget ex-per-i-ment's per-cell
 cal-i-bra-tion re-sults, at resid-
 []


Underfull \hbox (badness 159) in paragraph at lines 786--787
\T1/stix2/m/n/12 ual pa-ram-e-ter mis-match un-der 3.10% (against 55--158% in t
he un-matched 16-pair
 []


LaTeX Warning: Reference `apx:results' on page 43 undefined on input line 801.


LaTeX Warning: Reference `apx:results' on page 43 undefined on input line 801.


Loose \hbox (badness 3) in paragraph at lines 801--801
[]\T1/stix2/b/n/12 Table 5.6: |\T1/stix2/m/n/12 Matched-budget calibration resu
lts (averaged over the two pre-registered
 []

[43 <./figures/F5b_parameter_bars.png>]
<figures/F14a_matched_budget_bars.png, id=375, 301.6068pt x 148.6353pt>
File: figures/F14a_matched_budget_bars.png Graphic file (type png)
<use figures/F14a_matched_budget_bars.png>
Package pdftex.def Info: figures/F14a_matched_budget_bars.png  used on input li
ne 807.
(pdftex.def)             Requested size: 362.77525pt x 178.78557pt.

Underfull \hbox (badness 381) in paragraph at lines 808--808
[]\T1/stix2/b/n/12 Figure 5.6: |$\LS1/stix2/m/n/12 ^^A$\T1/stix2/m/n/12 ECE (Lo
RA $\LS1/stix2/m/n/12 *$ \T1/stix2/m/n/12 bot-tle-neck), un-matched ver-sus mat
ched bud-get, by
 []


Underfull \hbox (badness 659) in paragraph at lines 808--808
\T1/stix2/m/n/12 back-bone and head. The gap stays in-tact on ResNet-18 and rou
ghly halves on
 []


Tight \hbox (badness 1) in paragraph at lines 808--808
\T1/stix2/m/n/12 MobileNetV3-Small ^^V the back-bone de-ter-mines the sign, the
 bud-get only mod-u-lates
 []

<figures/F8a_budget_match_inset.png, id=376, 218.2554pt x 118.041pt>
File: figures/F8a_budget_match_inset.png Graphic file (type png)
<use figures/F8a_budget_match_inset.png>
Package pdftex.def Info: figures/F8a_budget_match_inset.png  used on input line
 814.
(pdftex.def)             Requested size: 256.07741pt x 138.49825pt.

LaTeX Warning: Reference `tab:param-reversal' on page 44 undefined on input lin
e 815.


LaTeX Warning: Reference `tab:param-reversal' on page 44 undefined on input lin
e 815.


Loose \hbox (badness 43) in paragraph at lines 815--815
[]\T1/stix2/b/n/12 Figure 5.7: |\T1/stix2/m/n/12 Residual parameter-count misma
tch for each matched-budget pair, all
 []


Tight \hbox (badness 4) in paragraph at lines 815--815
\T1/stix2/m/n/12 under 3.1% ^^V the matched arms are close enough in size that 
the budget confound of
 []


Loose \hbox (badness 5) in paragraph at lines 819--820
\T1/stix2/m/n/12 backbone-by-head cells, and for the bud-get hy-poth-e-sis (H3.
2) in \T1/stix2/b/n/12 0 of 4\T1/stix2/m/n/12 . On ResNet-
 []


Loose \hbox (badness 4) in paragraph at lines 819--820
\T1/stix2/m/n/12 18, equal-is-ing the adapters' pa-ram-e-ter bud-gets leaves th
e cal-i-bra-tion gap \T1/stix2/m/it/12 fully in-tact
 []


Loose \hbox (badness 30) in paragraph at lines 819--820
\T1/stix2/m/n/12 ^^V if any-thing slightly larger than in the un-matched com-pa
r-i-son (col-lapse ra-tios of
 []


Underfull \hbox (badness 185) in paragraph at lines 819--820
\T1/stix2/m/n/12 1.01 and 0.92, i.e. the matched gap is as large as, or larger 
than, the orig-i-nal) ^^V
 []


Loose \hbox (badness 56) in paragraph at lines 819--820
\T1/stix2/m/n/12 which is the op-po-site of what should hap-pen if the bud-get 
dif-fer-ence were the ac-
 []


Tight \hbox (badness 37) in paragraph at lines 819--820
\T1/stix2/m/n/12 ther ^^V the hon-est read-ing is that \T1/stix2/b/n/12 bud-get
 mod-u-lates the mag-ni-tude of the cal-i-bra-
 []


Tight \hbox (badness 21) in paragraph at lines 819--820
\T1/stix2/m/n/12 ef-fect sizes are also wildly asym-met-ric and must not be pre
-sented as sym-met-ric halves
 []


Tight \hbox (badness 1) in paragraph at lines 819--820
\T1/stix2/m/n/12 of one phe-nomenon: ResNet-18's matched $\LS2/stix2ex/m/n/12 
\LS1/stix2/m/n/12 ^^A[]\LS2/stix2ex/m/n/12 $ \T1/stix2/m/n/12 is on the or-der
 of 0.10--0.12, while
 []

[44 <./figures/F14a_matched_budget_bars.png> <./figures/F8a_budget_match_inset.
png>]

LaTeX Warning: Reference `sec:results-limitations' on page 45 undefined on inpu
t line 821.


Loose \hbox (badness 6) in paragraph at lines 821--822
\T1/stix2/m/n/12 i-ment and did not col-lapse: at matched bud-get, bot-tle-neck
 wins ac-cu-racy and near-
 []


Loose \hbox (badness 6) in paragraph at lines 821--822
\T1/stix2/m/n/12 than about 40% rel-a-tive to the un-matched com-par-i-son. \T1
/stix2/b/n/12 RQ3's an-swer, re-stated to
 []


Underfull \hbox (badness 101) in paragraph at lines 821--822
\T1/stix2/b/n/12 what the matched-budget ex-per-i-ment ac-tu-ally sup-ports: \T
1/stix2/m/n/12 ac-cu-racy and near-
 []


Loose \hbox (badness 98) in paragraph at lines 821--822
\T1/stix2/m/n/12 OOD rank-ing fol-low adapter \T1/stix2/m/it/12 ar-chi-tec-ture
\T1/stix2/m/n/12 , in-vari-ant to which arm holds the larger
 []


Loose \hbox (badness 75) in paragraph at lines 821--822
\T1/stix2/m/n/12 pa-ram-e-ter bud-get; cal-i-bra-tion fol-lows \T1/stix2/m/it/1
2 nei-ther \T1/stix2/m/n/12 ar-chi-tec-ture nor bud-get cleanly ^^V it
 []


Tight \hbox (badness 3) in paragraph at lines 821--822
\T1/stix2/m/n/12 fol-lows the \T1/stix2/m/it/12 back-bone\T1/stix2/m/n/12 , by 
a mech-a-nism this two-backbone de-sign can-not iden-tify ([]).
 []


Loose \hbox (badness 1) in paragraph at lines 821--822
\T1/stix2/b/n/12 The ear-lier read-ing, ``cal-i-bra-tion fol-lows the larger pa
-ram-e-ter bud-get,'' is su-
 []


LaTeX Warning: Citation 'pandey2024bayesianpeft' on page 45 undefined on input 
line 823.


Tight \hbox (badness 38) in paragraph at lines 823--824
[]\T1/stix2/m/n/12 This find-ing ap-pears to be gen-uinely novel: the stan-dard
 con-ven-tion in the NLP-PEFT
 []


Loose \hbox (badness 1) in paragraph at lines 823--824
\T1/stix2/m/n/12 er-ately ex-ploit a re-versed bud-get or-der-ing the way the b
ase grid's struc-tural ac-ci-dent
 []


Loose \hbox (badness 4) in paragraph at lines 823--824
\T1/stix2/m/n/12 per-mits, and no com-pa-ra-ble architecture-versus-budget dis-
so-ci-a-tion, ad-ju-di-cated by
 []


Loose \hbox (badness 5) in paragraph at lines 823--824
\T1/stix2/m/n/12 a matched-budget de-sign, was found in ei-ther the vi-sion or 
NLP PEFT lit-er-a-ture re-
 []


Loose \hbox (badness 2) in paragraph at lines 823--824
\T1/stix2/m/n/12 viewed for this the-sis. A same-family-named pa-per, [], was
 []


Loose \hbox (badness 1) in paragraph at lines 823--824
\T1/stix2/m/n/12 checked specif-i-cally be-cause of its sim-i-lar name and con-
firmed to study a ma-te-ri-ally
 []


Loose \hbox (badness 62) in paragraph at lines 823--824
\T1/stix2/m/n/12 dif-fer-ent ques-tion (ViT foun-da-tion mod-els, no architectu
re-versus-budget dis-so-ci-a-
 []


Loose \hbox (badness 78) in paragraph at lines 823--824
\T1/stix2/m/n/12 tion) and is cited here as an ex-plicit dif-fer-en-ti-a-tion r
ather than left for a reader to
 []


LaTeX Warning: Citation 'muhlematter2026loraensemble' on page 45 undefined on i
nput line 828.


Overfull \hbox (0.94823pt too wide) in paragraph at lines 828--829
\T1/stix2/m/n/12 An ear-lier four-point curve across het-ero-ge-neous adapter t
ypes (Linear-Probe $\LS1/stix2sf/m/n/12 ô$ \T1/stix2/m/n/12 LoRA
 []


Loose \hbox (badness 8) in paragraph at lines 828--829
\LS1/stix2sf/m/n/12 ô$ \T1/stix2/m/n/12 Bot-tle-neck $\LS1/stix2sf/m/n/12 ô$ \T
1/stix2/m/n/12 Full-Fine-Tuning on CIFAR-FS/ResNet-18) ap-peared to show ECE
 []


Loose \hbox (badness 3) in paragraph at lines 828--829
\T1/stix2/m/n/12 i-bra-tion op-ti-mum dis-tinct from the ac-cu-racy op-ti-mum. 
This com-par-i-son con-founds
 []


Loose \hbox (badness 2) in paragraph at lines 828--829
\T1/stix2/m/n/12 pa-ram-e-ter bud-get with adapter \T1/stix2/m/it/12 type \T1/s
tix2/m/n/12 and with \T1/stix2/m/it/12 which \T1/stix2/m/n/12 weights are train
-able at all, so a
 []


Tight \hbox (badness 1) in paragraph at lines 828--829
\T1/stix2/m/n/12 con-trolled rank sweep was run in-stead ^^V bot-tle-neck ar-ch
i-tec-ture, back-bone, dataset,
 []


Overfull \hbox (52.87912pt too wide) in paragraph at lines 828--829
\T1/stix2/m/n/12 and shot count all held fixed, only the bot-tle-neck's in-ter-
nal rank var-ied across $\LS1/stix2/m/n/12 ^1\LS1/stix2/m/it/12 ; \LS1/stix2/m/
n/12 2\LS1/stix2/m/it/12 ; \LS1/stix2/m/n/12 4\LS1/stix2/m/it/12 ; \LS1/stix2/m
/n/12 8\LS1/stix2/m/it/12 ; \LS1/stix2/m/n/12 16\LS1/stix2/m/it/12 ; \LS1/stix2
/m/n/12 32\LS1/stix2/m/it/12 ; \LS1/stix2/m/n/12 64`$
 []


Loose \hbox (badness 2) in paragraph at lines 828--829
\T1/stix2/m/n/12 at 3 seeds each (21 runs). The in-te-rior op-ti-mum did \T1/st
ix2/b/n/12 not \T1/stix2/m/n/12 sur-vive this con-trolled test:
 []


Loose \hbox (badness 60) in paragraph at lines 828--829
\T1/stix2/m/n/12 ev-i-den-tial ECE is low-est at the small-est rank tested (ran
k 1, ECE 0.291) and drifts
 []


Underfull \hbox (badness 131) in paragraph at lines 828--829
\T1/stix2/m/n/12 nois-ily up-ward through rank 64 (ECE 0.309); the soft-max cur
ve moves in the \T1/stix2/m/it/12 op-
 []


Loose \hbox (badness 57) in paragraph at lines 828--829
\T1/stix2/m/it/12 po-site \T1/stix2/m/n/12 di-rec-tion, from 0.093 at rank 1 do
wn to 0.081 at rank 64. The ac-cu-ra-cy/-cal-
 []


Loose \hbox (badness 99) in paragraph at lines 828--829
\T1/stix2/m/n/12 i-bra-tion bud-get mis-match sur-vives (the best-ECE rank and 
the best-accuracy rank
 []


Loose \hbox (badness 63) in paragraph at lines 828--829
\T1/stix2/m/n/12 dif-fer) but via two roughly mono-tonic, oppositely-signed tre
nds rather than a gen-
 []


Loose \hbox (badness 1) in paragraph at lines 828--829
\T1/stix2/m/n/12 uine U-shape, and ^^V given that 3 seeds across 7 ranks is pla
u-si-bly un-der-pow-ered to
 []


Loose \hbox (badness 4) in paragraph at lines 828--829
\T1/stix2/m/n/12 rule out a sub-tle U-shape en-tirely ^^V this the-sis states t
he find-ing as \T1/stix2/m/it/12 ``no in-te-rior op-
 []


Loose \hbox (badness 13) in paragraph at lines 828--829
\T1/stix2/m/it/12 ti-mum ob-served in the tested range'' \T1/stix2/m/n/12 rathe
r than the stronger and less de-fen-si-ble \T1/stix2/m/it/12 ``no
 []


Underfull \hbox (badness 126) in paragraph at lines 828--829
\T1/stix2/m/it/12 in-te-rior op-ti-mum ex-ists.'' \T1/stix2/m/n/12 One par-tial
 con-tra-dic-tion from the lit-er-a-ture re-quires an
 []


Loose \hbox (badness 29) in paragraph at lines 828--829
\T1/stix2/m/n/12 ex-plicit re-sponse: [] (LoRA-Ensemble), ver-i-fied di-
 []


Tight \hbox (badness 1) in paragraph at lines 828--829
\T1/stix2/m/n/12 Transformer, self-attention-based LoRA en-sem-ble on CIFAR-100
 ^^V the same dataset
 []


Loose \hbox (badness 23) in paragraph at lines 828--829
\T1/stix2/m/n/12 fam-ily as CIFAR-FS, and a re-ver-sal this the-sis's own softm
ax-head rank curve does
 []


Tight \hbox (badness 10) in paragraph at lines 828--829
\T1/stix2/m/n/12 not re-pro-duce any-where in the over-lap-ping range. Three fa
c-tors plau-si-bly ex-plain the
 []


Loose \hbox (badness 1) in paragraph at lines 828--829
\T1/stix2/m/n/12 dis-crep-ancy with-out dis-miss-ing it: LoRA-Ensemble adapts s
elf-attention pro-jec-tions
 []


Tight \hbox (badness 45) in paragraph at lines 828--829
\T1/stix2/m/n/12 in a trans-former rather than $\LS1/stix2/m/n/12 1[]1$ \T1/sti
x2/m/n/12 con-vo-lu-tions in a CNN; it uses a train-able lin-ear head
 []


Tight \hbox (badness 26) in paragraph at lines 828--829
\T1/stix2/m/n/12 over 100 classes rather than a parameter-free, similarity-boun
ded pro-to-type head; and
 []


Loose \hbox (badness 14) in paragraph at lines 828--829
\T1/stix2/m/n/12 its tested rank range rep-re-sents a far larger frac-tion of t
he back-bone's own ca-pac-ity
 []


Loose \hbox (badness 3) in paragraph at lines 828--829
\T1/stix2/m/n/12 than rank 64 does here (ap-prox-i-mately 0.56% of the frozen R
esNet-18's pa-ram-e-ters).
 []


Loose \hbox (badness 23) in paragraph at lines 828--829
\T1/stix2/m/n/12 This find-ing is re-tained in the the-sis as a cor-rected neg-
a-tive re-sult, not deleted, be-
 []


Loose \hbox (badness 72) in paragraph at lines 828--829
\T1/stix2/m/n/12 ture, not raw pa-ram-e-ter count, is the more re-li-able causa
l lever for un-der-stand-ing
 []

[45]
Overfull \hbox (33.87569pt too wide) in paragraph at lines 830--830
[]\T1/stix2/b/n/17.28 RQ4: Post-Hoc Re-me-di-a-tion of the Cal-i-bra-tion Defic
it 
 []


LaTeX Warning: Reference `eq:evidence-affine' on page 46 undefined on input lin
e 833.


LaTeX Warning: Reference `sec:method-recalibration' on page 46 undefined on inp
ut line 833.


Tight \hbox (badness 55) in paragraph at lines 833--834
\T1/stix2/m/n/12 Refitting only the two evidence-affine pa-ram-e-ters ($[]$, $[
]$ in []) on each con-fig-u-ra-
 []


Tight \hbox (badness 1) in paragraph at lines 833--834
\T1/stix2/m/n/12 trained weights, im-proves pooled ECE in \T1/stix2/b/n/12 60 o
f 60 ev-i-den-tial cells (100%) \T1/stix2/m/n/12 across the
 []


Tight \hbox (badness 1) in paragraph at lines 833--834
\T1/stix2/m/n/12 full grid, by a mean ab-so-lute re-duc-tion of \T1/stix2/b/n/1
2 0.139 \T1/stix2/m/n/12 (mean ECE falls from 0.323 to 0.185).
 []


Loose \hbox (badness 2) in paragraph at lines 833--834
\T1/stix2/m/n/12 Re-fit val-ues clus-ter around $[] \LS1/stix2/m/n/12 À [7\LS1/
stix2/m/it/12 ; \LS1/stix2/m/n/12 14]$\T1/stix2/m/n/12 , well be-yond the range
 the jointly-trained
 []


Tight \hbox (badness 28) in paragraph at lines 833--834
\T1/stix2/m/n/12 affine reaches on its own ($[] \LS1/stix2/m/n/12 À [1\LS1/stix
2/m/it/12 :\LS1/stix2/m/n/12 5\LS1/stix2/m/it/12 ; \LS1/stix2/m/n/12 4\LS1/stix
2/m/it/12 :\LS1/stix2/m/n/12 5]$\T1/stix2/m/n/12 , []) ^^V so the cor-rect read
-ing is that the op-
 []


Tight \hbox (badness 18) in paragraph at lines 833--834
\T1/stix2/m/n/12 er-at-ing point joint train-ing con-verges to is far from the 
op-er-at-ing point that min-imises
 []

[46]
<figures/F15a_ece_before_after_dumbbell.png, id=397, 252.2223pt x 112.7412pt>
File: figures/F15a_ece_before_after_dumbbell.png Graphic file (type png)
<use figures/F15a_ece_before_after_dumbbell.png>
Package pdftex.def Info: figures/F15a_ece_before_after_dumbbell.png  used on in
put line 837.
(pdftex.def)             Requested size: 320.0935pt x 143.07993pt.


LaTeX Warning: Reference `sec:results-rq1' on page 47 undefined on input line 8
42.


Tight \hbox (badness 55) in paragraph at lines 842--843
[]\T1/stix2/b/n/12 The re-fit nar-rows the cal-i-bra-tion gap; it does not clos
e it. \T1/stix2/m/n/12 Even af-ter re-fit-ting, the
 []


Tight \hbox (badness 64) in paragraph at lines 842--843
\T1/stix2/m/n/12 ev-i-den-tial head re-mains worse-calibrated than the plain so
ft-max head in \T1/stix2/b/n/12 60 of 60 cells
 []


Loose \hbox (badness 19) in paragraph at lines 842--843
\T1/stix2/m/n/12 (mean 2.18$\LS1/stix2/m/n/12 ù$ \T1/stix2/m/n/12 worse, best c
ase 1.07$\LS1/stix2/m/n/12 ù$\T1/stix2/m/n/12 , worst case 5.8$\LS1/stix2/m/n/1
2 ù$\T1/stix2/m/n/12 ) and worse than temperature-
 []


Loose \hbox (badness 2) in paragraph at lines 842--843
\T1/stix2/m/n/12 scaled soft-max in \T1/stix2/b/n/12 60 of 60 cells \T1/stix2/m
/n/12 (mean 13.6$\LS1/stix2/m/n/12 ù$ \T1/stix2/m/n/12 worse). An ear-lier draf
t of this sec-tion
 []


LaTeX Warning: Reference `sec:method-recalibration' on page 47 undefined on inp
ut line 844.


Loose \hbox (badness 1) in paragraph at lines 844--845
[]\T1/stix2/m/n/12 Because vacu-ity ($\LS1/stix2/m/it/12 u \LS1/stix2/m/n/12 = 
\LS1/stix2/m/it/12 K\LS1/stix2/m/n/12 _\LS1/stix2/m/it/12 S$\T1/stix2/m/n/12 ) 
is a func-tion of \T1/stix2/m/it/12 all $\LS1/stix2/m/it/12 K$ \T1/stix2/m/n/12
 log-its jointly rather than a per-logit
 []


Tight \hbox (badness 90) in paragraph at lines 844--845
\T1/stix2/m/n/12 mono-tone trans-form, rank-ing preser-va-tion un-der this re-f
it is not a guar-an-teed an-a-lytic
 []


Loose \hbox (badness 7) in paragraph at lines 844--845
\T1/stix2/m/n/12 con-se-quence and was mea-sured di-rectly: OOD AU-ROC changes 
by no more than a
 []


Loose \hbox (badness 9) in paragraph at lines 844--845
\T1/stix2/m/n/12 small tol-er-ance in \T1/stix2/b/n/12 192 of 240 com-par-isons
 (80%)\T1/stix2/m/n/12 , with a mean AU-ROC change of
 []


Tight \hbox (badness 24) in paragraph at lines 844--845
\T1/stix2/m/n/12 shows a Spear-man rank cor-re-la-tion of only 0.866 be-tween t
he pre- and post-refit vacu-
 []


Tight \hbox (badness 34) in paragraph at lines 844--845
\T1/stix2/m/n/12 ity or-der-ings, con-firm-ing the affine trans-form is not au-
to-mat-i-cally rank-preserving for
 []


Loose \hbox (badness 5) in paragraph at lines 844--845
\T1/stix2/m/n/12 re-main-ing 20% of com-par-isons, AU-ROC drops by more than th
e pre-specified tol-er-
 []


Tight \hbox (badness 60) in paragraph at lines 844--845
\T1/stix2/m/n/12 ance; this the-sis states the hon-est ver-sion of the claim, \
T1/stix2/m/it/12 ``the OOD rank-ing sur-vives in the
 []


Loose \hbox (badness 2) in paragraph at lines 844--845
\T1/stix2/m/it/12 large ma-jor-ity of cases, with a mea-sured mi-nor-ity ex-cep
-tion,'' \T1/stix2/m/n/12 rather than the stronger
 []

<figures/F15b_delta_auroc_strip.png, id=398, 242.5863pt x 69.6201pt>
File: figures/F15b_delta_auroc_strip.png Graphic file (type png)
<use figures/F15b_delta_auroc_strip.png>
Package pdftex.def Info: figures/F15b_delta_auroc_strip.png  used on input line
 848.
(pdftex.def)             Requested size: 320.0935pt x 91.87224pt.

Loose \hbox (badness 84) in paragraph at lines 849--849
\T1/stix2/m/n/12 changes cluster near zero; the minority exception is visible a
s the scattered points
 []


Tight \vbox (badness 37) has occurred while \output is active []

 [47 <./figures/F15a_ece_before_after_dumbbell.png>]

LaTeX Warning: Citation 'kull2019dirichlet' on page 48 undefined on input line 
853.


LaTeX Warning: Reference `sec:related-calibration' on page 48 undefined on inpu
t line 853.


LaTeX Warning: Citation 'zhao2026invertible' on page 48 undefined on input line
 853.


LaTeX Warning: Citation 'guo2017calibration' on page 48 undefined on input line
 853.


LaTeX Warning: Citation 'linghu2022bel' on page 48 undefined on input line 853.



Loose \hbox (badness 5) in paragraph at lines 853--854
[]\T1/stix2/m/n/12 This is de-lib-er-ately the nar-row-est of the four re-searc
h ques-tions, and its scope must
 []


Loose \hbox (badness 73) in paragraph at lines 853--854
\T1/stix2/m/n/12 not be over-stated. Post-hoc cal-i-bra-tion it-self is a ma-tu
re field ^^V Dirich-let cal-i-bra-
 []


Tight \hbox (badness 19) in paragraph at lines 853--854
\T1/stix2/m/n/12 tion [] (a differently-scoped use of the same word, []) and in
vertible-
 []


Underfull \hbox (badness 196) in paragraph at lines 853--854
\T1/stix2/m/n/12 logit post-hoc cal-i-bra-tion [] both al-ready ex-ist for soft
max-style
 []


Tight \hbox (badness 34) in paragraph at lines 853--854
\T1/stix2/m/n/12 clas-si-fiers. The mag-ni-tude of the ECE im-prove-ment found 
here is also not, on its own,
 []


Overfull \hbox (12.48016pt too wide) in paragraph at lines 853--854
\T1/stix2/m/n/12 re-mark-able: [] re-port com-pa-ra-bly large or larger tempera
ture-scaling
 []


Loose \hbox (badness 96) in paragraph at lines 853--854
\T1/stix2/m/n/12 drops, and [] (BEL), a di-rectly anal-o-gous few-shot ev-i-den
-tial sys-tem,
 []


Loose \hbox (badness 55) in paragraph at lines 853--854
\T1/stix2/m/n/12 re-ports drops of a sim-i-lar or-der. The claim this the-sis m
akes is there-fore pre-cisely
 []


Tight \hbox (badness 7) in paragraph at lines 853--854
\T1/stix2/m/n/12 scoped: a two-parameter post-hoc re-cal-i-bra-tion specif-i-ca
lly for an \T1/stix2/m/it/12 ev-i-den-tial pro-to-type
 []


Loose \hbox (badness 42) in paragraph at lines 853--854
\T1/stix2/m/it/12 head \T1/stix2/m/n/12 in a frozen-backbone, few-shot regime, 
with OOD-ranking preser-va-tion \T1/stix2/m/it/12 mea-
 []


Tight \hbox (badness 2) in paragraph at lines 853--854
\T1/stix2/m/n/12 al-ge-braic form, and with the resid-ual gap to soft-max re-po
rted rather than left im-plicit
 []


Loose \hbox (badness 12) in paragraph at lines 853--854
\T1/stix2/m/n/12 ^^V a sys-tem-atic quan-tifi-ca-tion this the-sis's lit-er-a-t
ure re-view found no prece-dent for,
 []


LaTeX Warning: Citation 'sensoy2018edl' on page 48 undefined on input line 858.



Tight \hbox (badness 19) in paragraph at lines 858--859
\T1/stix2/m/n/12 Efficiency mea-sure-ments across the twelve grid con-fig-u-ra-
tions pro-filed, plus real (un-
 []


Loose \hbox (badness 12) in paragraph at lines 858--859
\T1/stix2/m/n/12 trained) ref-er-ence mea-sure-ments for ViT-B/16 and DeiT-Tiny
, show that \T1/stix2/b/n/12 back-bone
 []


Overfull \hbox (0.62654pt too wide) in paragraph at lines 858--859
\T1/stix2/b/n/12 choice\T1/stix2/m/n/12 , not adapter choice, is what drives in
-fer-ence la-tency: ResNet-18 is 5.12$\LS1/stix2/m/n/12 ù$ \T1/stix2/m/n/12 slo
wer
 []


Loose \hbox (badness 6) in paragraph at lines 858--859
\T1/stix2/m/n/12 than MobileNetV3-Small at matched adapter and head con-fig-u-r
a-tion, while switch-
 []


Loose \hbox (badness 9) in paragraph at lines 858--859
\T1/stix2/m/n/12 tween ev-i-den-tial and soft-max heads at matched back-bone an
d adapter is 1.29%, be-
 []


Loose \hbox (badness 27) in paragraph at lines 858--859
\T1/stix2/m/n/12 low this mea-sure-ment ses-sion's own 5.91% noise floor, and t
he uncertainty-scoring
 []


Loose \hbox (badness 13) in paragraph at lines 858--859
\T1/stix2/m/n/12 step it-self costs only 1.09% of a sin-gle im-age's back-bone 
forward-pass time for a 75-
 []


Loose \hbox (badness 1) in paragraph at lines 858--859
\T1/stix2/m/n/12 query episode ^^V di-rectly con-firm-ing, in this spe-cific sy
s-tem, []'s claim
 []


LaTeX Warning: Reference `sec:results-rq3' on page 48 undefined on input line 8
71.


LaTeX Warning: Reference `sec:results-rq3' on page 48 undefined on input line 8
71.


Tight \hbox (badness 1) in paragraph at lines 871--871
[]\T1/stix2/b/n/12 Table 5.7: |\T1/stix2/m/n/12 Measured effect of each design 
choice on inference latency. The backbone
 []

[48 <./figures/F15b_delta_auroc_strip.png>]
<figures/D3_latency_effect_bars.png, id=412, 281.1303pt x 98.769pt>
File: figures/D3_latency_effect_bars.png Graphic file (type png)
<use figures/D3_latency_effect_bars.png>
Package pdftex.def Info: figures/D3_latency_effect_bars.png  used on input line
 877.
(pdftex.def)             Requested size: 320.0935pt x 112.45915pt.

Loose \hbox (badness 9) in paragraph at lines 878--878
[]\T1/stix2/b/n/12 Figure 5.10: |\T1/stix2/m/n/12 Ef-fect on in-fer-ence la-ten
cy of back-bone, adapter type, and head in-ter-
 []


LaTeX Warning: Reference `sec:results-param-efficiency' on page 49 undefined on
 input line 882.


LaTeX Warning: Reference `sec:results-rq1' on page 49 undefined on input line 8
82.


Tight \hbox (badness 32) in paragraph at lines 882--883
[]\T1/stix2/m/n/12 The rec-om-mended edge-deployment point iden-ti-fied by this
 anal-y-sis is MobileNetV3-
 []


Loose \hbox (badness 5) in paragraph at lines 882--883
\T1/stix2/m/n/12 Small with a parallel-bottleneck adapter and an ev-i-den-tial 
head: 11.86ms in-fer-ence
 []


Overfull \hbox (2.49858pt too wide) in paragraph at lines 882--883
\T1/stix2/m/n/12 la-tency at 6,930 train-able pa-ram-e-ters, com-bin-ing the sm
all-est back-bone, a near-Pareto-
 []


LaTeX Warning: Reference `sec:results-limitations' on page 49 undefined on inpu
t line 887.


Tight \hbox (badness 23) in paragraph at lines 887--888
\T1/stix2/m/n/12 Because this the-sis's ab-so-lute ac-cu-racy num-bers rest on 
a frozen ImageNet-pretrained
 []


Loose \hbox (badness 2) in paragraph at lines 887--888
\T1/stix2/m/n/12 back-bone while the stan-dard few-shot lit-er-a-ture trains it
s back-bone from scratch on
 []


Loose \hbox (badness 1) in paragraph at lines 887--888
\T1/stix2/m/n/12 the base classes, and be-cause Mini-Im-a-geNet's classes are t
hem-selves a sub-set of Im-
 []


Loose \hbox (badness 20) in paragraph at lines 887--888
\T1/stix2/m/n/12 a-geNet, the com-par-isons in this sec-tion are read as a con-
trolled study of \T1/stix2/m/it/12 pa-ram-e-ter
 []


Loose \hbox (badness 1) in paragraph at lines 887--888
\T1/stix2/m/it/12 ef-fi-ciency at fixed pro-to-col\T1/stix2/m/n/12 , not a clai
m of new state-of-the-art ac-cu-racy ([] states this
 []


LaTeX Warning: Citation 'hu2022pmf' on page 49 undefined on input line 896.


Overfull \hbox (1.90884pt too wide) in paragraph at lines 896--896
\T1/stix2/m/n/10 21k$\LS1/stix2sf/m/n/10 ô$\T1/stix2/m/n/10 ProtoNet []|  
 []


LaTeX Warning: Citation 'caron2021dino' on page 49 undefined on input line 897.



LaTeX Warning: Citation 'hu2022pmf' on page 49 undefined on input line 897.


Overfull \hbox (30.79878pt too wide) in paragraph at lines 897--897
[]|\T1/stix2/m/n/10 DINO$\LS1/stix2sf/m/n/10 ô$\T1/stix2/m/n/10 ProtoNet [], 
 []


LaTeX Warning: Citation 'caron2021dino' on page 49 undefined on input line 898.



LaTeX Warning: Citation 'hu2022pmf' on page 49 undefined on input line 898.


Overfull \hbox (30.79878pt too wide) in paragraph at lines 898--898
[]|\T1/stix2/m/n/10 DINO$\LS1/stix2sf/m/n/10 ô$\T1/stix2/m/n/10 ProtoNet [], 
 []


LaTeX Warning: Citation 'caron2021dino' on page 49 undefined on input line 899.



LaTeX Warning: Citation 'hu2022pmf' on page 49 undefined on input line 899.


Overfull \hbox (30.79878pt too wide) in paragraph at lines 899--899
[]|\T1/stix2/m/n/10 DINO$\LS1/stix2sf/m/n/10 ô$\T1/stix2/m/n/10 ProtoNet [], 
 []


LaTeX Warning: Citation 'linghu2022bel' on page 49 undefined on input line 900.



LaTeX Warning: Citation 'lee2019metaoptnet' on page 49 undefined on input line 
901.


Overfull \hbox (9.0688pt too wide) in paragraph at lines 901--901
\T1/stix2/m/n/10 scratch) []|  
 []


Overfull \hbox (23.23041pt too wide) in paragraph at lines 892--906
 [][] 
 []


Underfull \hbox (badness 124) in paragraph at lines 906--906
[]\T1/stix2/b/n/12 Table 5.8: |\T1/stix2/m/n/12 Ac-cu-racy ver-sus trainable-pa
rameter bud-get on the same 5-way 5-shot
 []


Loose \hbox (badness 2) in paragraph at lines 906--906
\T1/stix2/m/n/12 episodic pro-to-col. No com-pet-ing method in this ta-ble re-p
orts macro-F1, cal-i-bra-tion,
 []

[49 <./figures/D3_latency_effect_bars.png>]

LaTeX Warning: Reference `tab:positioning-accuracy' on page 50 undefined on inp
ut line 910.


Loose \hbox (badness 5) in paragraph at lines 910--911
\T1/stix2/m/n/12 one head-line num-ber. First, at 5-shot on CIFAR-FS the pa-ram
-e-ter sav-ing is close to
 []


Loose \hbox (badness 30) in paragraph at lines 910--911
\T1/stix2/m/n/12 free: this the-sis's 31,744-parameter ResNet-18 adapter is 1.0
6 per-cent-age points be-
 []


Underfull \hbox (badness 130) in paragraph at lines 910--911
\T1/stix2/m/n/12 hind a fully meta-trained DINO ViT-S while train-ing 662$\LS1/
stix2/m/n/12 ù$ \T1/stix2/m/n/12 fewer pa-ram-e-ters, and
 []


Loose \hbox (badness 74) in paragraph at lines 910--911
\T1/stix2/m/n/12 0.76 points be-hind ViT-B at 2,703$\LS1/stix2/m/n/12 ù$ \T1/st
ix2/m/n/12 fewer. Sec-ond, backbone-family-matched, this
 []


Underfull \hbox (badness 107) in paragraph at lines 910--911
\T1/stix2/m/n/12 the-sis's adapter is 3.56 and 5.83 per-cent-age points \T1/sti
x2/m/it/12 ahead \T1/stix2/m/n/12 on Mini-Im-a-geNet 5-shot
 []


Underfull \hbox (badness 147) in paragraph at lines 910--911
\T1/stix2/m/n/12 and 1-shot re-spec-tively, at 788$\LS1/stix2/m/n/12 ù$ \T1/sti
x2/m/n/12 fewer train-able pa-ram-e-ters ^^V in-di-cat-ing that the
 []


Loose \hbox (badness 22) in paragraph at lines 910--911
\T1/stix2/m/n/12 resid-ual gap to the strongest pub-lished num-bers is a Vision
-Transformer gap, not a
 []


Tight \hbox (badness 2) in paragraph at lines 910--911
\T1/stix2/m/n/12 parameter-efficiency gap. Third, the trade is gen-uinely un-fa
vourable at 1-shot and on
 []


Tight \hbox (badness 28) in paragraph at lines 910--911
\T1/stix2/m/n/12 Mini-Im-a-geNet with the smaller back-bone, by as much as 18 p
er-cent-age points against
 []


Tight \hbox (badness 16) in paragraph at lines 910--911
\T1/stix2/m/n/12 Im-a-geNet, so a larger pre-trained rep-re-sen-ta-tion car-rie
s pro-por-tion-ally more of the an-
 []


LaTeX Warning: Citation 'lian2022ssf' on page 50 undefined on input line 912.


LaTeX Warning: Citation 'jia2022vpt' on page 50 undefined on input line 912.


LaTeX Warning: Citation 'zhou2022coop' on page 50 undefined on input line 912.


LaTeX Warning: Citation 'somvanshi2025tinydl' on page 50 undefined on input lin
e 912.


LaTeX Warning: Citation 'simeoni2025dinov3' on page 50 undefined on input line 
912.


Tight \hbox (badness 4) in paragraph at lines 912--913
[]\T1/stix2/m/n/12 On the de-ploy-ment side, this the-sis's sys-tem trains 6,92
8 to 31,744 pa-ram-e-ters against
 []


Loose \hbox (badness 24) in paragraph at lines 912--913
\T1/stix2/m/n/12 240,000 to 85,840,000 for stan-dard Vision-Transformer PEFT me
th-ods on the un-re-
 []


Loose \hbox (badness 32) in paragraph at lines 912--913
\T1/stix2/m/n/12 lated VTAB-1k pro-to-col [], [], [] ^^V a dif-fer-ence of
 []


Tight \hbox (badness 2) in paragraph at lines 912--913
\T1/stix2/m/n/12 one to four or-ders of mag-ni-tude ^^V and its 2.5-million-par
ameter MobileNetV3-Small
 []


Underfull \hbox (badness 103) in paragraph at lines 912--913
\T1/stix2/m/n/12 back-bone is 34.6$\LS1/stix2/m/n/12 ù$ \T1/stix2/m/n/12 smalle
r at in-fer-ence than a CLIP ViT-B/16 back-bone, which it-
 []


Underfull \hbox (badness 172) in paragraph at lines 912--913
\T1/stix2/m/n/12 self can-not fit within the 32--512kB SRAM and sub-1MB flash b
ud-gets typ-i-cal of
 []


Loose \hbox (badness 1) in paragraph at lines 912--913
\T1/stix2/m/n/12 microcontroller-class edge hard-ware [] un-der any quan-ti-sa-
tion
 []


Loose \hbox (badness 2) in paragraph at lines 912--913
\T1/stix2/m/n/12 scheme. This is the de-ploy-ment case this the-sis's choice of
 frozen, lightweight CNN
 []


Loose \hbox (badness 38) in paragraph at lines 912--913
\T1/stix2/m/n/12 back-bones is built to sup-port, and it is not dis-puted that 
a suf-fi-ciently large Vi-sion
 []


Loose \hbox (badness 87) in paragraph at lines 912--913
\T1/stix2/m/n/12 Trans-former re-mains the stronger back-bone where its re-sour
ce foot-print is af-ford-
 []

[50]
Loose \hbox (badness 31) in paragraph at lines 917--918
\T1/stix2/m/n/12 Five limitations apply across every result in this chapter and
 are stated here rather
 []


LaTeX Warning: Reference `sec:results-positioning' on page 51 undefined on inpu
t line 920.


LaTeX Warning: Reference `sec:intro-rqs' on page 51 undefined on input line 920
.


Underfull \hbox (badness 168) in paragraph at lines 920--921
[]\T1/stix2/b/n/12 ImageNet-pretraining over-lap. \T1/stix2/m/n/12 Both back-bo
nes are ImageNet-pretrained,
 []


Loose \hbox (badness 63) in paragraph at lines 920--921
\T1/stix2/m/n/12 while the stan-dard CIFAR-FS/MiniImageNet pro-to-col as-sumes 
train-ing from
 []


Loose \hbox (badness 18) in paragraph at lines 920--921
\T1/stix2/m/n/12 scratch on the base classes; Mini-Im-a-geNet's ``novel'' test 
classes were, in fact,
 []


Tight \hbox (badness 25) in paragraph at lines 920--921
\T1/stix2/m/n/12 seen dur-ing Im-a-geNet pre-train-ing. This means the ab-so-lu
te ac-cu-ra-cies re-ported
 []


Loose \hbox (badness 30) in paragraph at lines 920--921
\T1/stix2/m/n/12 in [] are not di-rectly com-pa-ra-ble to from-scratch few-shot
 lit-er-a-ture. The re-
 []


Loose \hbox (badness 3) in paragraph at lines 920--921
\T1/stix2/m/n/12 search ques-tions of [] con-cern \T1/stix2/m/it/12 rel-a-tive 
\T1/stix2/m/n/12 dif-fer-ences be-tween de-sign choices un-
 []


Loose \hbox (badness 9) in paragraph at lines 921--922
[]\T1/stix2/b/n/12 One frozen hy-per-pa-ram-e-ter recipe. \T1/stix2/m/n/12 All 
40 grid con-fig-u-ra-tions share a sin-
 []


Loose \hbox (badness 6) in paragraph at lines 921--922
\T1/stix2/m/n/12 gle hy-per-pa-ram-e-ter recipe, tuned once rather than re-tune
d per cell. The grid
 []


LaTeX Warning: Reference `sec:method-implementation' on page 51 undefined on in
put line 922.


Loose \hbox (badness 88) in paragraph at lines 922--923
[]\T1/stix2/b/n/12 Three training seeds, and effectively one for two baselines.
 \T1/stix2/m/n/12 Full-Fine-
 []


Loose \hbox (badness 14) in paragraph at lines 922--923
\T1/stix2/m/n/12 Tuning and Linear-Probe have zero across-seed variance by cons
truction ([]),
 []


LaTeX Warning: Reference `sec:results-matched-budget' on page 51 undefined on i
nput line 923.


LaTeX Warning: Reference `chapter:conclusion' on page 51 undefined on input lin
e 923.


Loose \hbox (badness 4) in paragraph at lines 923--924
[]\T1/stix2/b/n/12 The mech-a-nism be-hind RQ3's backbone-intrinsic find-ing is
 not iden-ti-
 []


Loose \hbox (badness 3) in paragraph at lines 923--924
\T1/stix2/b/n/12 fied. \T1/stix2/m/n/12 ``Backbone-intrinsic'' ([]) de-scribes 
where the matched-budget ev-i-dence
 []


Underfull \hbox (badness 114) in paragraph at lines 923--924
\T1/stix2/m/n/12 points, not an ex-pla-na-tion of \T1/stix2/m/it/12 why\T1/stix
2/m/n/12 : depth, width, nor-mal-i-sa-tion scheme, the
 []


Underfull \hbox (badness 196) in paragraph at lines 923--924
\T1/stix2/m/n/12 inverted-residual block struc-ture spe-cific to Mo-bileNetV3, 
and feature-norm
 []


Loose \hbox (badness 66) in paragraph at lines 923--924
\T1/stix2/m/n/12 two back-bones can-not sep-a-rate them. This is stated as an o
pen ques-tion for
 []


Loose \hbox (badness 33) in paragraph at lines 923--924
\T1/stix2/m/n/12 fu-ture work ([]) rather than re-solved with a plausible-sound
ing but untested
 []

[51]

LaTeX Warning: Reference `chapter:related-works' on page 52 undefined on input 
line 924.


Loose \hbox (badness 2) in paragraph at lines 924--925
[]\T1/stix2/b/n/12 Novelty claims rest on a non-exhaustive lit-er-a-ture search
. \T1/stix2/m/n/12 The po-si-tion-
 []


Loose \hbox (badness 1) in paragraph at lines 924--925
\T1/stix2/m/n/12 ing and nov-elty state-ments through-out [] and this chap-ter 
re-flect a sys-tem-atic
 []


Tight \hbox (badness 20) in paragraph at lines 924--925
\T1/stix2/m/n/12 but nec-es-sar-ily in-com-plete lit-er-a-ture re-view; ab-senc
e of a found prece-dent is ev-
 []


Loose \hbox (badness 12) in paragraph at lines 924--925
\T1/stix2/m/n/12 i-dence of ab-sence only to the ex-tent the search was thor-ou
gh, and is re-ported
 []

[52]
Chapter 6.

LaTeX Warning: Reference `sec:intro-rqs' on page 53 undefined on input line 935
.


LaTeX Warning: Reference `chapter:results' on page 53 undefined on input line 9
35.


Tight \hbox (badness 9) in paragraph at lines 935--936
\T1/stix2/m/n/12 This the-sis set out to an-swer four ques-tions about which de
-sign choices gov-ern which
 []


Loose \hbox (badness 2) in paragraph at lines 935--936
\T1/stix2/m/n/12 as-pects of re-li-a-bil-ity in a parameter-efficient, few-shot
 vi-sion sys-tem built on frozen,
 []


Tight \hbox (badness 6) in paragraph at lines 935--936
\T1/stix2/m/n/12 lightweight CNN back-bones: which de-sign choices most strongl
y ex-plain vari-a-tion in
 []


Overfull \hbox (21.45848pt too wide) in paragraph at lines 935--936
\T1/stix2/m/n/12 ac-cu-racy, cal-i-bra-tion, and out-of-distribution de-tec-tio
n (RQ1); whether out-of-distribution
 []


Loose \hbox (badness 61) in paragraph at lines 935--936
\T1/stix2/m/n/12 de-tec-tion is ex-plained more by the train-ing ob-jec-tive or
 by the scor-ing rule (RQ2);
 []


Tight \hbox (badness 60) in paragraph at lines 935--936
\T1/stix2/m/n/12 whether ac-cu-racy fol-lows adapter ar-chi-tec-ture and cal-i-
bra-tion fol-lows pa-ram-e-ter bud-
 []


Underfull \hbox (badness 140) in paragraph at lines 935--936
\T1/stix2/m/n/12 get (RQ3); and whether ev-i-den-tial cal-i-bra-tion can be re-
paired af-ter train-ing with-
 []


Underfull \hbox (badness 181) in paragraph at lines 935--936
\T1/stix2/m/n/12 out break-ing out-of-distribution de-tec-tion (RQ4). These fou
r ques-tions su-per-sede
 []


Loose \hbox (badness 87) in paragraph at lines 935--936
\T1/stix2/m/n/12 evidential-versus-softmax cal-i-bra-tion, Bayesian near-OOD de
-tec-tion, and a la-tency
 []


Tight \hbox (badness 13) in paragraph at lines 935--936
\T1/stix2/m/n/12 Pareto fron-tier, []), three of which a lit-er-a-ture au-dit f
ound closely an-tic-i-pated by prior
 []


Loose \hbox (badness 35) in paragraph at lines 935--936
\T1/stix2/m/n/12 work; ev-ery ex-per-i-ment be-hind those orig-i-nal ques-tions
 is re-tained as ev-i-dence for
 []


Tight \hbox (badness 83) in paragraph at lines 935--936
\T1/stix2/m/n/12 ad-ju-di-cated by a ded-i-cated, pre-registered matched-budget
 ex-per-i-ment, and these four
 []


Tight \hbox (badness 15) in paragraph at lines 939--940
\T1/stix2/m/n/12 A sin-gle place-ment pi-lot ties on ac-cu-racy be-tween se-ria
l and par-al-lel bot-tle-neck in-ser-
 []


Overfull \hbox (1.01439pt too wide) in paragraph at lines 939--940
\T1/stix2/m/n/12 tion but favours par-al-lel on cal-i-bra-tion and far-OOD de-t
ec-tion, and a 31,744-parameter
 []


Overfull \hbox (22.81209pt too wide) in paragraph at lines 939--940
\T1/stix2/m/n/12 parallel-bottleneck adapter matches or beats full fine-tuning 
of an 11.18-million-parameter
 []


Underfull \hbox (badness 136) in paragraph at lines 939--940
\T1/stix2/m/n/12 back-bone at 0.28% of its pa-ram-e-ter cost. The ev-i-den-tial
 head is de-ci-sively worse-
 []


Tight \hbox (badness 66) in paragraph at lines 939--940
\T1/stix2/m/n/12 calibrated than soft-max across ev-ery tested con-fig-u-ra-tio
n ^^V a clean, re-pro-ducible neg-
 []


Tight \hbox (badness 39) in paragraph at lines 939--940
\T1/stix2/m/n/12 a-tive re-sult con-sis-tent with in-de-pen-dent the-o-ret-i-ca
l work ^^V while si-mul-ta-ne-ously be-
 []


Tight \hbox (badness 20) in paragraph at lines 939--940
\T1/stix2/m/n/12 a training-free en-ergy score gen-er-ally beats it. Sep-a-rat-
ing train-ing ob-jec-tive from scor-
 []


Loose \hbox (badness 6) in paragraph at lines 939--940
\T1/stix2/m/n/12 ing rule shows the scor-ing rule, not the ob-jec-tive, ac-coun
ts for roughly two to three
 []


Tight \hbox (badness 30) in paragraph at lines 939--940
\T1/stix2/m/n/12 far-OOD). Head in-ter-pre-ta-tion gov-erns roughly 83% of cal-
i-bra-tion vari-ance and un-der
 []


Loose \hbox (badness 3) in paragraph at lines 939--940
\T1/stix2/m/n/12 0.2% of ac-cu-racy vari-ance, while shot count gov-erns roughl
y three-quarters of ac-cu-
 []


Loose \hbox (badness 9) in paragraph at lines 939--940
\T1/stix2/m/n/12 racy vari-ance ^^V ac-cu-racy and cal-i-bra-tion are con-troll
ed by al-most en-tirely sep-a-rate
 []


Loose \hbox (badness 9) in paragraph at lines 939--940
\T1/stix2/m/n/12 de-sign axes. Within the adapter axis specif-i-cally, ac-cu-ra
cy and near-OOD de-tec-tion
 []


Loose \hbox (badness 86) in paragraph at lines 939--940
\T1/stix2/m/n/12 fol-low adapter \T1/stix2/m/it/12 ar-chi-tec-ture \T1/stix2/m/
n/12 re-gard-less of which adapter holds the larger pa-ram-e-ter
 []


Tight \hbox (badness 5) in paragraph at lines 939--940
\T1/stix2/m/n/12 bud-get, con-firmed at matched bud-get in 8 of 8 cells; cal-i-
bra-tion, how-ever, is gov-erned
 []


Loose \hbox (badness 13) in paragraph at lines 939--940
\T1/stix2/m/n/12 by the \T1/stix2/m/it/12 back-bone \T1/stix2/m/n/12 rather tha
n by ei-ther ar-chi-tec-ture or bud-get, a find-ing only a ded-i-
 []


Loose \hbox (badness 1) in paragraph at lines 939--940
\T1/stix2/m/n/12 cated matched-budget ex-per-i-ment ^^V not the base grid alone
 ^^V could es-tab-lish, and
 []


Tight \hbox (badness 4) in paragraph at lines 939--940
\T1/stix2/m/n/12 by a mech-a-nism this two-backbone de-sign leaves gen-uinely u
niden-ti-fied. Fi-nally, the
 []


Tight \hbox (badness 9) in paragraph at lines 939--940
\T1/stix2/m/n/12 ev-i-den-tial head's cal-i-bra-tion deficit can be mean-ing-fu
lly nar-rowed, at neg-li-gi-ble ad-di-
 []


Loose \hbox (badness 8) in paragraph at lines 939--940
\T1/stix2/m/n/12 ing ^^V though even af-ter re-fit-ting it re-mains worse-calib
rated than soft-max in ev-ery
 []


Tight \hbox (badness 11) in paragraph at lines 939--940
\T1/stix2/m/n/12 tested con-fig-u-ra-tion ^^V while its OOD rank-ing sur-vives 
that re-fit in the large ma-jor-ity,
 []

[53

]
Tight \hbox (badness 45) in paragraph at lines 954--954
[]\T1/stix2/b/n/12 Table 6.1: |\T1/stix2/m/n/12 What this thesis learned: no si
ngle design choice optimises every reliability
 []

<figures/F16_findings_graph.png, id=449, 381.5856pt x 222.5916pt>
File: figures/F16_findings_graph.png Graphic file (type png)
<use figures/F16_findings_graph.png>
Package pdftex.def Info: figures/F16_findings_graph.png  used on input line 960
.
(pdftex.def)             Requested size: 362.77525pt x 211.63063pt.

Loose \hbox (badness 40) in paragraph at lines 961--961
\T1/stix2/m/n/12 were found, which were tested and not supported, and which are
 partial. Adapter
 []


Loose \hbox (badness 57) in paragraph at lines 961--961
\T1/stix2/m/n/12 budget alone does not reach calibration or OOD ranking; archit
ecture and scoring
 []

[54]
Loose \hbox (badness 16) in paragraph at lines 965--966
[]\T1/stix2/m/n/12 The main con-tri-bu-tion of this the-sis is not a uni-ver-sa
lly su-pe-rior model, but a con-
 []


Loose \hbox (badness 2) in paragraph at lines 965--966
\T1/stix2/m/n/12 trolled de-com-po-si-tion of which de-sign choices gov-ern whi
ch as-pects of re-li-a-bil-ity in
 []


Overfull \hbox (5.0546pt too wide) in paragraph at lines 969--970
\T1/stix2/m/n/12 Beyond the spe-cific find-ings above, this the-sis con-tribute
s a re-pro-ducible, config-driven
 []


Loose \hbox (badness 6) in paragraph at lines 969--970
\T1/stix2/m/n/12 B-PEFT im-ple-men-ta-tion; a bal-anced 120-run ex-per-i-men-ta
l grid per-mit-ting a for-mal
 []


Overfull \hbox (4.37926pt too wide) in paragraph at lines 969--970
\T1/stix2/m/n/12 vari-ance de-com-po-si-tion that single-axis PEFT stud-ies can
-not com-pute; a pre-registered
 []


Tight \hbox (badness 7) in paragraph at lines 969--970
\T1/stix2/m/n/12 adapters, for sep-a-rat-ing ar-chi-tec-ture from pa-ram-e-ter 
bud-get in any PEFT com-par-i-son
 []


Loose \hbox (badness 4) in paragraph at lines 969--970
\T1/stix2/m/n/12 where the two hap-pen to be con-founded; and an ex-plicit cor-
rec-tion record for three
 []


Tight \hbox (badness 6) in paragraph at lines 969--970
\T1/stix2/m/n/12 claims (an early evidential-versus-energy par-ity re-sult, an 
ap-par-ent interior-optimum
 []


Loose \hbox (badness 8) in paragraph at lines 969--970
\T1/stix2/m/n/12 cal-i-bra-tion curve, and a mis-scoped ex-ter-nal ci-ta-tion) 
that did not sur-vive more rig-
 []


Tight \hbox (badness 1) in paragraph at lines 969--970
\T1/stix2/m/n/12 or-ous later test-ing, re-ported along-side the ev-i-dence tha
t over-turned them rather than
 []


LaTeX Warning: Reference `sec:results-limitations' on page 55 undefined on inpu
t line 973.


Loose \hbox (badness 6) in paragraph at lines 973--974
\T1/stix2/m/n/12 The five lim-i-ta-tions of [] ^^V ImageNet-pretraining over-la
p, a sin-gle frozen hy-per-pa-
 []


Loose \hbox (badness 3) in paragraph at lines 973--974
\T1/stix2/m/n/12 ram-e-ter recipe, ef-fec-tively single-seed base-lines, an uni
den-ti-fied mech-a-nism be-hind
 []


Underfull \hbox (badness 179) in paragraph at lines 973--974
\T1/stix2/m/n/12 the backbone-intrinsic cal-i-bra-tion find-ing, and a nec-es-s
ar-ily in-com-plete lit-er-a-ture
 []


Loose \hbox (badness 14) in paragraph at lines 973--974
\T1/stix2/m/n/12 search ^^V ap-ply to ev-ery find-ing in this the-sis and are n
ot re-peated in full here; the
 []


Loose \hbox (badness 94) in paragraph at lines 973--974
\T1/stix2/m/n/12 most con-se-quen-tial for fu-ture work is the second-to-last, 
ad-dressed di-rectly in the
 []

[55 <./figures/F16_findings_graph.png>]

LaTeX Warning: Reference `sec:results-limitations' on page 56 undefined on inpu
t line 977.


LaTeX Warning: Reference `sec:results-positioning' on page 56 undefined on inpu
t line 977.


Underfull \hbox (badness 185) in paragraph at lines 977--978
\T1/stix2/m/n/12 Four di-rec-tions fol-low di-rectly from this the-sis's own fi
nd-ings rather than from a
 []


Loose \hbox (badness 51) in paragraph at lines 977--978
\T1/stix2/m/n/12 generic wish list. First, and most di-rectly mo-ti-vated by []
's fourth point, adding a
 []


Loose \hbox (badness 1) in paragraph at lines 977--978
\T1/stix2/m/n/12 third and fourth back-bone fam-ily ^^V vary-ing depth, width, 
nor-mal-i-sa-tion, and block
 []


Underfull \hbox (badness 189) in paragraph at lines 977--978
\T1/stix2/m/n/12 struc-ture in-de-pen-dently rather than jointly, as ResNet-18 
and MobileNetV3-Small
 []


Loose \hbox (badness 6) in paragraph at lines 977--978
\T1/stix2/m/n/12 cur-rently do ^^V would let a fu-ture study sep-a-rate the spe
-cific struc-tural prop-erty re-
 []


Tight \hbox (badness 8) in paragraph at lines 977--978
\T1/stix2/m/n/12 spon-si-ble for the backbone-intrinsic cal-i-bra-tion ef-fect 
this the-sis iden-ti-fies but can-not
 []


Loose \hbox (badness 1) in paragraph at lines 977--978
\T1/stix2/m/n/12 ex-plain. Sec-ond, a Vision-Transformer arm (a ViT-Tiny or Dei
T-Small back-bone un-
 []


Loose \hbox (badness 76) in paragraph at lines 977--978
\T1/stix2/m/n/12 po-si-tion-ing ar-gu-ment. Third, a from-scratch (non-ImageNet
-pretrained) back-bone
 []


Tight \hbox (badness 63) in paragraph at lines 977--978
\T1/stix2/m/n/12 con-trol run would di-rectly quan-tify the pretraining-overlap
 con-found rather than only
 []


Tight \hbox (badness 73) in paragraph at lines 977--978
\T1/stix2/m/n/12 bound-ing it qual-i-ta-tively. Fourth, the two ad-di-tional in
-distribution datasets named in
 []


Tight \hbox (badness 44) in paragraph at lines 977--978
\T1/stix2/m/n/12 the orig-i-nal pro-posal but not run in this the-sis's grid ^^
V CUB-200-2011 for fine-grained
 []


Overfull \hbox (11.62828pt too wide) in paragraph at lines 981--982
\T1/stix2/m/n/12 This the-sis set out to ask whether a Bayesian un-cer-tainty m
ech-a-nism makes a parameter-
 []


Tight \hbox (badness 4) in paragraph at lines 981--982
\T1/stix2/m/n/12 efficiently adapted, lightweight CNN more re-li-able in the fe
w-shot regime, and found
 []


Tight \hbox (badness 10) in paragraph at lines 981--982
\T1/stix2/m/n/12 an an-swer more nu-anced than a sim-ple yes or no: the ev-i-de
n-tial head this the-sis stud-
 []


Loose \hbox (badness 80) in paragraph at lines 981--982
\T1/stix2/m/n/12 ies is a worse-calibrated, but more dis-crim-i-na-tive, al-ter
-na-tive to soft-max, and that
 []


Loose \hbox (badness 18) in paragraph at lines 981--982
\T1/stix2/m/n/12 ar-chi-tec-ture ver-sus pa-ram-e-ter bud-get, a fixed de-fault
 ver-sus a post-hoc re-fit ^^V that
 []


Loose \hbox (badness 10) in paragraph at lines 981--982
\T1/stix2/m/n/12 a sin-gle comparison-style re-search ques-tion can-not sep-a-r
ate, but a bal-anced ex-per-i-
 []


Loose \hbox (badness 15) in paragraph at lines 981--982
\T1/stix2/m/n/12 men-tal grid and a purpose-built ad-ju-di-cat-ing ex-per-i-men
t can. The fi-nal, de-fen-si-ble
 []


Tight \hbox (badness 2) in paragraph at lines 981--982
\T1/stix2/m/n/12 claims are nar-rower and more pre-cisely scoped than the the-s
is's orig-i-nal pro-posal an-
 []


Loose \hbox (badness 7) in paragraph at lines 981--982
\T1/stix2/m/n/12 tic-i-pated, and are re-ported here ex-actly as nar-row as the
 ev-i-dence sup-ports: not be-
 []

[56]

LaTeX Warning: Empty bibliography on input line 985.

[57] [58


]
Appendix A.

LaTeX Warning: Reference `chapter:results' on page 59 undefined on input line 9
94.


LaTeX Warning: Reference `tab:apx-accuracy' on page 59 undefined on input line 
994.


LaTeX Warning: Reference `tab:apx-calibration' on page 59 undefined on input li
ne 994.


LaTeX Warning: Reference `tab:apx-auroc' on page 59 undefined on input line 994
.


LaTeX Warning: Reference `tab:apx-fpr95' on page 59 undefined on input line 994
.


LaTeX Warning: Reference `sec:proto-episodic' on page 59 undefined on input lin
e 994.


Loose \hbox (badness 62) in paragraph at lines 994--995
\T1/stix2/m/n/12 This ap-pendix re-pro-duces, in full, the four core re-sult ta
-bles se-lec-tively ref-er-enced
 []


Loose \hbox (badness 33) in paragraph at lines 994--995
\T1/stix2/m/n/12 through-out []: ac-cu-racy, macro-F1 and trainable-parameter c
ount ([]); cal-i-bra-tion
 []


Loose \hbox (badness 13) in paragraph at lines 994--995
\T1/stix2/m/n/12 ([]); OOD-detection AU-ROC ([]); and OOD FPR@95%TPR ([]). All 
four are com-
 []


Loose \hbox (badness 15) in paragraph at lines 999--999
[]\T1/stix2/b/n/12 Table A.1: |\T1/stix2/m/n/12 Ac-cu-racy, macro-F1, and train
-able pa-ram-e-ters for all 40 grid con-fig-u-ra-
 []


Overfull \hbox (42.07195pt too wide) in alignment at lines 1013--1054
 [] [] [] [] [] [] [] 
 []


Package longtable Warning: Column widths have changed
(longtable)                in table A.1 on input line 1054.

[59

] [60]
Tight \hbox (badness 12) in paragraph at lines 1060--1060
[]\T1/stix2/b/n/12 Table A.2: |\T1/stix2/m/n/12 Cal-i-bra-tion (pooled ECE, per
-episode ECE, Brier score) for all 40 grid con-
 []


Overfull \hbox (5.50113pt too wide) in alignment at lines 1074--1115
 [] [] [] [] [] [] 
 []


Package longtable Warning: Column widths have changed
(longtable)                in table A.2 on input line 1115.

[61]

LaTeX Warning: Reference `sec:proto-datasets' on page 62 undefined on input lin
e 1121.


LaTeX Warning: Reference `sec:proto-datasets' on page 62 undefined on input lin
e 1121.


Loose \hbox (badness 2) in paragraph at lines 1121--1121
[]\T1/stix2/b/n/12 Table A.3: |\T1/stix2/m/n/12 OOD-detection AU-ROC by pool, p
ri-mary score per head (vacu-ity for ev-
 []


Loose \hbox (badness 3) in paragraph at lines 1121--1121
\T1/stix2/m/n/12 i-den-tial, MSP for soft-max). ``Near'' lists CIFAR-100-heldou
t for CIFAR-FS rows and
 []


Overfull \hbox (12.15723pt too wide) in alignment at lines 1135--1176
 [] [] [] [] [] [] [] [] 
 []


Package longtable Warning: Column widths have changed
(longtable)                in table A.3 on input line 1176.

[62] [63] [64]

LaTeX Warning: Reference `sec:proto-datasets' on page 65 undefined on input lin
e 1182.


LaTeX Warning: Reference `sec:proto-datasets' on page 65 undefined on input lin
e 1182.


Loose \hbox (badness 64) in paragraph at lines 1182--1182
[]\T1/stix2/b/n/12 Table A.4: |\T1/stix2/m/n/12 OOD FPR@95%TPR by pool, primary
 score per head (lower is better).
 []


Loose \hbox (badness 29) in paragraph at lines 1182--1182
\T1/stix2/m/n/12 ``Near'' lists CIFAR-100-heldout for CIFAR-FS rows and MiniIma
geNet-heldout for
 []


Package longtable Warning: Column widths have changed
(longtable)                in table A.4 on input line 1237.

[65] [66] [67]
Appendix B.

LaTeX Warning: Reference `chapter:results' on page 68 undefined on input line 1
246.


LaTeX Warning: Reference `apx:results' on page 68 undefined on input line 1246.



LaTeX Warning: Reference `sec:method-implementation' on page 68 undefined on in
put line 1246.


Loose \hbox (badness 6) in paragraph at lines 1246--1247
\T1/stix2/m/n/12 This ap-pendix doc-u-ments the con-ven-tions that make the re-
sults in [] and [] re-pro-
 []


LaTeX Warning: Reference `apx:results' on page 68 undefined on input line 1250.



LaTeX Warning: Reference `sec:method-grid-design' on page 68 undefined on input
 line 1250.


Loose \hbox (badness 98) in paragraph at lines 1250--1251
\T1/stix2/m/n/12 Every ex-per-i-ment is spec-i-fied by a YAML con-fig-u-ra-tion
 file. A con-fig-u-ra-tion may
 []


Loose \hbox (badness 96) in paragraph at lines 1250--1251
\T1/stix2/m/n/12 de-clare \T1/lmtt/m/n/12 extends: <path> \T1/stix2/m/n/12 (a s
in-gle path or a list of paths) to a par-ent con-fig-u-ra-
 []


Loose \hbox (badness 3) in paragraph at lines 1250--1251
\T1/stix2/m/n/12 tion, which is deep-merged re-cur-sively with the child's own 
keys tak-ing prece-dence
 []


Loose \hbox (badness 19) in paragraph at lines 1250--1251
\T1/stix2/m/n/12 over the par-ent's; a sin-gle base con-fig-u-ra-tion de-fines 
ev-ery de-fault, and each of the
 []


Loose \hbox (badness 4) in paragraph at lines 1250--1251
\T1/stix2/m/n/12 experiment-specific con-fig-u-ra-tions used to pro-duce [] ove
r-rides only the hand-ful of
 []


Underfull \hbox (badness 172) in paragraph at lines 1254--1255
\T1/stix2/m/n/12 Three arte-facts are treated as frozen and are never re-gen-er
-ated, be-cause do-ing so
 []


Loose \hbox (badness 20) in paragraph at lines 1254--1255
\T1/stix2/m/n/12 would silently change which episodes or classes are used for e
val-u-a-tion and in-val-i-
 []


LaTeX Warning: Reference `sec:proto-episodic' on page 68 undefined on input lin
e 1257.


LaTeX Warning: Reference `sec:method-recalibration' on page 68 undefined on inp
ut line 1258.


LaTeX Warning: Reference `sec:results-rq4' on page 68 undefined on input line 1
258.


Tight \hbox (badness 58) in paragraph at lines 1258--1259
\T1/stix2/m/n/12 pa-ram-e-ter or post-hoc-recalibration fit-ting ([], []) ^^V n
ever the frozen test seeds. 
 []


LaTeX Warning: Reference `sec:proto-datasets' on page 68 undefined on input lin
e 1259.

[68

]

LaTeX Warning: Reference `sec:results-limitations' on page 69 undefined on inpu
t line 1264.


Tight \hbox (badness 78) in paragraph at lines 1264--1265
\T1/stix2/m/n/12 Every run seeds Python's, NumPy's, and Py-Torch's (CPU and CUD
A) random-number
 []


Loose \hbox (badness 29) in paragraph at lines 1264--1265
\T1/stix2/m/n/12 gen-er-a-tors and forces de-ter-min-is-tic cuDNN ker-nel se-le
c-tion be-fore any model con-
 []


Tight \hbox (badness 70) in paragraph at lines 1264--1265
\T1/stix2/m/n/12 to re-pro-duce a byte-identical re-sult file; this is checked 
as a stand-ing con-ven-tion for ev-
 []


Loose \hbox (badness 4) in paragraph at lines 1264--1265
\T1/stix2/m/n/12 ery con-fig-u-ra-tion change rather than ver-i-fied once. Two 
con-fig-u-ra-tions in the main
 []


Loose \hbox (badness 21) in paragraph at lines 1264--1265
\T1/stix2/m/n/12 grid ^^V Full-Fine-Tuning and Linear-Probe ^^V have no across-
seed vari-ance re-gard-
 []


Loose \hbox (badness 35) in paragraph at lines 1264--1265
\T1/stix2/m/n/12 less of this de-ter-min-ism ma-chin-ery, be-cause Full-Fine-Tu
ning starts from iden-ti-cal
 []


Loose \hbox (badness 8) in paragraph at lines 1264--1265
\T1/stix2/m/n/12 pre-trained weights re-gard-less of seed and Linear-Probe has 
no train-able pa-ram-e-ters
 []


Loose \hbox (badness 31) in paragraph at lines 1264--1265
\T1/stix2/m/n/12 for a seed to act on; this is ex-pected be-haviour, not a re-p
ro-ducibil-ity fail-ure, and is
 []


LaTeX Warning: Reference `sec:results-implications' on page 69 undefined on inp
ut line 1268.


Loose \hbox (badness 43) in paragraph at lines 1268--1269
\T1/stix2/m/n/12 Weights & Bi-ases log-ging is sup-ported in on-line, of-fline,
 and fully-disabled modes,
 []


Tight \hbox (badness 6) in paragraph at lines 1268--1269
\T1/stix2/m/n/12 with log-ging dis-abled by de-fault so a run pro-duces no trac
king-service side ef-fects un-
 []


Tight \hbox (badness 65) in paragraph at lines 1268--1269
\T1/stix2/m/n/12 less ex-plic-itly re-quested. All train-ing and eval-u-a-tion 
re-ported in this the-sis was car-ried
 []


Tight \hbox (badness 9) in paragraph at lines 1268--1269
\T1/stix2/m/n/12 out on cloud GPU in-stances (Google Co-lab and Kag-gle, pre-do
m-i-nantly NVIDIA Tesla
 []


Loose \hbox (badness 8) in paragraph at lines 1268--1269
\T1/stix2/m/n/12 T4 hard-ware); the ef-fi-ciency and la-tency mea-sure-ments un
-der-ly-ing [] are ex-plic-itly
 []


Loose \hbox (badness 5) in paragraph at lines 1268--1269
\T1/stix2/m/n/12 tied to the spe-cific hard-ware pro-file on which they were me
a-sured, fol-low-ing an in-
 []


Tight \hbox (badness 4) in paragraph at lines 1268--1269
\T1/stix2/m/n/12 ter-nal cor-rec-tion in which sev-eral plot-ting scripts were 
found to have silently se-lected
 []

[69]

Package longtable Warning: Table widths have changed. Rerun LaTeX.

(./main_diag.aux)
 ***********
LaTeX2e <2023-11-01> patch level 1
L3 programming layer <2024-01-22>
 ***********


LaTeX Warning: There were undefined references.


LaTeX Warning: Label(s) may have changed. Rerun to get cross-references right.


Package rerunfilecheck Warning: File `main_diag.out' has changed.
(rerunfilecheck)                Rerun to get outlines right
(rerunfilecheck)                or use package `bookmark'.

Package rerunfilecheck Info: Checksums for `main_diag.out':
(rerunfilecheck)             Before: <no file>
(rerunfilecheck)             After:  63D7755D08BE369AEC7D9BB95EE2C79A;13003.

Package biblatex Warning: Please (re)run Biber on the file:
(biblatex)                main_diag
(biblatex)                and rerun LaTeX afterwards.

Package logreq Info: Writing requests to 'main_diag.run.xml'.
\openout1 = `main_diag.run.xml'.

 ) 
Here is how much of TeX's memory you used:
 36089 strings out of 476182
 666280 string characters out of 5795595
 1974975 words of memory out of 5000000
 57354 multiletter control sequences out of 15000+600000
 717809 words of font info for 128 fonts, out of 8000000 for 9000
 14 hyphenation exceptions out of 8191
 84i,12n,93p,3356b,1219s stack positions out of 10000i,1000n,20000p,200000b,200000s
</usr/share/texlive/texmf-dist/fonts/type1/public/stix2-type1/STIX2Math.pfb><
/usr/share/texlive/texmf-dist/fonts/type1/public/stix2-type1/STIX2Text-Bold.pfb
></usr/share/texlive/texmf-dist/fonts/type1/public/stix2-type1/STIX2Text-Italic
.pfb></usr/share/texlive/texmf-dist/fonts/type1/public/stix2-type1/STIX2Text-Re
gular.pfb></usr/share/texlive/texmf-dist/fonts/type1/public/amsfonts/cm/cmr12.p
fb></usr/share/texmf/fonts/type1/public/lm/lmtt12.pfb>
Output written on main_diag.pdf (80 pages, 1544387 bytes).
PDF statistics:
 641 PDF objects out of 1000 (max. 8388607)
 498 compressed objects within 5 object streams
 221 named destinations out of 1000 (max. 500000)
 103 words of extra memory for PDF output out of 10000 (max. 10000000)

